사고번호,사고일시,요일,시군구,사고내용,사망자수,중상자수,경상자수,부상신고자수,사고유형,법규위반,노면상태,기상상태,도로형태,가해운전자 차종,가해운전자 성별,가해운전자 연령,가해운전자 상해정도,피해운전자 차종,피해운전자 성별,피해운전자 연령,피해운전자 상해정도
2019010700100505,2019년 1월 7일 21시,월요일,충청남도 계룡시 엄사면,경상사고,0,0,1,0,차대차 - 추돌,안전운전불이행,건조,맑음,교차로 - 교차로부근,승용,남,49세,상해없음,승용,여,44세,경상
2019010700100536,2019년 1월 7일 23시,월요일,충청남도 예산군 예산읍,경상사고,0,0,1,0,차대차 - 측면충돌,안전운전불이행,건조,기타,교차로 - 교차로안,승용,남,19세,상해없음,승용,남,57세,기타불명
2019010800100040,2019년 1월 8일 01시,화요일,충청남도 천안시 동남구 신방동,경상사고,0,0,1,0,차대차 - 측면충돌,안전운전불이행,건조,맑음,단일로 - 기타,승용,여,38세,상해없음,승용,남,43세,경상
2019010800100150,2019년 1월 8일 09시,화요일,충청남도 계룡시 금암동,경상사고,0,0,1,0,차량단독 - 공작물충돌,안전운전불이행,서리/결빙,맑음,교차로 - 교차로부근,승용,남,45세,경상,,,,
2019010800100177,2019년 1월 8일 10시,화요일,충청남도 부여군 은산면,경상사고,0,0,1,0,차대차 - 측면충돌,교차로운행방법위반,건조,맑음,교차로 - 교차로안,승용,여,62세,상해없음,이륜,남,49세,경상
2019010800100233,2019년 1월 8일 12시,화요일,충청남도 태안군 태안읍,부상신고사고,0,0,0,1,차대차 - 측면충돌,직진우회전진행방해,건조,흐림,교차로 - 교차로안,이륜,남,76세,부상신고,화물,남,54세,상해없음
2019010800100261,2019년 1월 8일 13시,화요일,충청남도 서천군 마산면,중상사고,0,1,0,0,차대차 - 측면충돌,안전운전불이행,건조,맑음,단일로 - 기타,승용,여,49세,상해없음,원동기,남,84세,중상
2019010800100290,2019년 1월 8일 14시,화요일,충청남도 당진시 송악읍,사망사고,1,0,0,0,차대차 - 측면충돌,차로위반,건조,맑음,단일로 - 기타,자전거,남,53세,사망,건설기계,남,58세,상해없음
2019010800100291,2019년 1월 8일 14시,화요일,충청남도 태안군 원북면,경상사고,0,0,2,0,차대차 - 정면충돌,안전운전불이행,건조,맑음,단일로 - 기타,승용,여,54세,경상,승용,여,49세,경상
2019010800100313,2019년 1월 8일 15시,화요일,충청남도 예산군 예산읍,중상사고,0,1,0,0,차대차 - 추돌,기타,건조,맑음,단일로 - 기타,승용,남,39세,상해없음,화물,남,64세,중상
2019010800100372,2019년 1월 8일 17시,화요일,충청남도 천안시 서북구 불당동,경상사고,0,0,2,0,차대차 - 추돌,안전거리미확보,건조,맑음,단일로 - 기타,승용,여,43세,상해없음,승용,남,43세,경상
2019010800100416,2019년 1월 8일 18시,화요일,충청남도 공주시 봉정동,경상사고,0,0,1,0,차대차 - 정면충돌,중앙선침범,건조,맑음,단일로 - 기타,승용,여,50세,기타불명,승용,여,50세,경상
2019010800100456,2019년 1월 8일 19시,화요일,충청남도 홍성군 홍성읍,사망사고,1,0,0,0,차대사람 - 차도통행중,과속,건조,맑음,단일로 - 기타,승용,남,55세,상해없음,보행자,남,58세,사망
2019010800100457,2019년 1월 8일 19시,화요일,충청남도 아산시 배방읍,경상사고,0,0,1,0,차대사람 - 횡단중,보행자보호의무위반,건조,맑음,교차로 - 교차로횡단보도내,승용,남,53세,상해없음,보행자,남,46세,경상
2019010800100486,2019년 1월 8일 20시,화요일,충청남도 당진시 시곡리,경상사고,0,0,2,0,차대차 - 추돌,안전운전불이행,건조,맑음,단일로 - 기타,승용,남,41세,상해없음,승용,남,52세,경상
2019010800100506,2019년 1월 8일 21시,화요일,충청남도 천안시 서북구 불당동,경상사고,0,0,2,0,차대차 - 추돌,안전운전불이행,건조,맑음,교차로 - 교차로부근,승용,남,43세,상해없음,승용,남,34세,경상
2019010800100532,2019년 1월 8일 22시,화요일,충청남도 서산시 인지면,경상사고,0,0,1,0,차량단독 - 공작물충돌,안전운전불이행,건조,맑음,교차로 - 교차로부근,승용,남,29세,경상,,,,
2019010800100533,2019년 1월 8일 22시,화요일,충청남도 천안시 서북구 두정동,경상사고,0,0,4,0,차대차 - 측면충돌,안전운전불이행,건조,맑음,단일로 - 기타,승용,남,22세,상해없음,승용,남,45세,경상
2019010800100534,2019년 1월 8일 22시,화요일,충청남도 예산군 덕산면,경상사고,0,0,2,0,차대차 - 기타,안전운전불이행,건조,맑음,단일로 - 기타,승용,남,57세,상해없음,승용,남,63세,기타불명
2019010800100535,2019년 1월 8일 22시,화요일,충청남도 공주시 검상동,경상사고,0,0,8,0,차대차 - 측면충돌,안전운전불이행,건조,맑음,단일로 - 기타,승용,남,21세,기타불명,화물,남,33세,경상
2019010900100034,2019년 1월 9일 01시,수요일,충청남도 서산시 예천동,부상신고사고,0,0,0,1,차대차 - 추돌,안전운전불이행,건조,맑음,단일로 - 기타,이륜,여,54세,부상신고,승용,남,41세,상해없음
2019010900100042,2019년 1월 9일 02시,수요일,충청남도 예산군 신암면,경상사고,0,0,1,0,차대차 - 기타,안전운전불이행,건조,맑음,단일로 - 기타,승용,남,27세,경상,승용,남,46세,상해없음
2019010900100055,2019년 1월 9일 04시,수요일,충청남도 서산시 읍내동,중상사고,0,1,0,0,차대차 - 측면충돌,안전운전불이행,건조,맑음,교차로 - 교차로부근,기타불명,기타불명,미분류,기타불명,승용,여,76세,중상
2019010900100075,2019년 1월 9일 06시,수요일,충청남도 공주시 정안면,사망사고,1,0,0,0,차대사람 - 기타,과속,건조,맑음,단일로 - 기타,승용,남,33세,기타불명,보행자,남,67세,사망
2019010900100114,2019년 1월 9일 08시,수요일,충청남도 태안군 태안읍,중상사고,0,1,0,0,차대사람 - 횡단중,신호위반,건조,맑음,교차로 - 교차로횡단보도내,화물,남,49세,상해없음,보행자,여,59세,중상
2019010900100161,2019년 1월 9일 10시,수요일,충청남도 태안군 남면,경상사고,0,0,1,1,차대차 - 후진중충돌,안전운전불이행,건조,맑음,단일로 - 기타,승용,남,65세,상해없음,화물,여,61세,경상
2019010900100182,2019년 1월 9일 11시,수요일,충청남도 천안시 서북구 성정동,경상사고,0,0,2,0,차대차 - 측면충돌,교차로운행방법위반,건조,맑음,교차로 - 교차로안,승용,남,28세,상해없음,승용,여,51세,경상
2019010900100183,2019년 1월 9일 11시,수요일,충청남도 아산시 온천동,중상사고,0,2,0,0,차대차 - 기타,안전운전불이행,건조,맑음,단일로 - 기타,승용,남,63세,상해없음,승용,남,78세,중상
2019010900100184,2019년 1월 9일 11시,수요일,충청남도 당진시 읍내리,중상사고,0,1,0,0,차대사람 - 횡단중,보행자보호의무위반,건조,맑음,교차로 - 교차로안,화물,남,63세,상해없음,보행자,여,76세,중상
2019010900100221,2019년 1월 9일 12시,수요일,충청남도 공주시 반포면,경상사고,0,0,5,0,차대차 - 정면충돌,중앙선침범,건조,맑음,단일로 - 기타,승용,여,60세,경상,승용,남,66세,경상
2019010900100269,2019년 1월 9일 14시,수요일,충청남도 태안군 태안읍,부상신고사고,0,0,0,1,차대사람 - 횡단중,보행자보호의무위반,건조,맑음,교차로 - 교차로횡단보도내,승용,남,51세,기타불명,보행자,남,79세,부상신고
2019010900100302,2019년 1월 9일 15시,수요일,충청남도 천안시 동남구 봉명동,경상사고,0,0,1,0,차대사람 - 기타,안전운전불이행,건조,맑음,단일로 - 기타,승용,여,59세,상해없음,보행자,여,33세,경상
2019010900100371,2019년 1월 9일 17시,수요일,충청남도 천안시 서북구 두정동,경상사고,0,0,1,0,차대사람 - 횡단중,안전운전불이행,건조,맑음,단일로 - 기타,승용,남,37세,상해없음,보행자,여,45세,경상
2019010900100372,2019년 1월 9일 17시,수요일,충청남도 천안시 서북구 백석동,경상사고,0,0,1,0,차대차 - 기타,직진우회전진행방해,건조,맑음,교차로 - 교차로안,승용,남,51세,상해없음,승용,여,63세,경상
2019010900100373,2019년 1월 9일 17시,수요일,충청남도 천안시 동남구 목천읍,경상사고,0,0,1,0,차대차 - 기타,교차로운행방법위반,건조,맑음,교차로 - 교차로부근,화물,남,58세,상해없음,승용,여,32세,경상
2019010900100415,2019년 1월 9일 18시,수요일,충청남도 아산시 배방읍,경상사고,0,0,1,0,차대차 - 기타,중앙선침범,건조,맑음,단일로 - 기타,승용,남,48세,상해없음,이륜,남,16세,경상
2019010900100416,2019년 1월 9일 18시,수요일,충청남도 서천군 장항읍,경상사고,0,0,1,0,차대사람 - 차도통행중,안전운전불이행,건조,맑음,교차로 - 교차로부근,승용,남,56세,상해없음,보행자,남,49세,경상
2019010900100452,2019년 1월 9일 19시,수요일,충청남도 아산시 온천동,경상사고,0,0,1,0,차대차 - 측면충돌,신호위반,건조,맑음,교차로 - 교차로안,이륜,남,79세,상해없음,승용,남,62세,경상
2019010900100506,2019년 1월 9일 21시,수요일,충청남도 아산시 둔포면,경상사고,0,0,2,0,차대차 - 기타,안전운전불이행,건조,기타,교차로 - 교차로부근,승용,남,43세,상해없음,승용,여,29세,경상
2019010900100507,2019년 1월 9일 21시,수요일,충청남도 천안시 동남구 구성동,경상사고,0,0,3,0,차대차 - 기타,안전운전불이행,건조,맑음,단일로 - 기타,승용,남,38세,상해없음,승용,남,29세,경상
2019010900100534,2019년 1월 9일 22시,수요일,충청남도 계룡시 엄사면,경상사고,0,0,1,0,차대차 - 측면충돌,안전운전불이행,건조,맑음,교차로 - 교차로부근,승용,남,47세,상해없음,승용,남,73세,경상
2019011000100024,2019년 1월 10일 00시,목요일,충청남도 천안시 서북구 쌍용동,중상사고,0,1,0,0,차대차 - 추돌,안전운전불이행,건조,맑음,교차로 - 교차로부근,승용,여,43세,상해없음,이륜,남,47세,중상
2019011000100025,2019년 1월 10일 00시,목요일,충청남도 천안시 서북구 두정동,경상사고,0,0,1,0,차대사람 - 횡단중,안전운전불이행,건조,맑음,단일로 - 기타,이륜,남,54세,경상,보행자,남,23세,상해없음
2019011000100045,2019년 1월 10일 03시,목요일,충청남도 천안시 서북구 성정동,경상사고,0,0,1,0,차대차 - 측면충돌,안전운전불이행,건조,맑음,단일로 - 기타,승용,여,59세,상해없음,원동기,남,28세,경상
2019011000100048,2019년 1월 10일 04시,목요일,충청남도 천안시 동남구 원성동,중상사고,0,1,1,0,차대차 - 기타,안전운전불이행,건조,맑음,교차로 - 교차로부근,승용,남,32세,상해없음,승용,남,59세,중상
2019011000100056,2019년 1월 10일 05시,목요일,충청남도 천안시 동남구 신부동,중상사고,0,1,1,0,차대차 - 측면충돌,안전운전불이행,건조,맑음,단일로 - 기타,승용,남,54세,중상,화물,남,36세,경상
2019011000100069,2019년 1월 10일 06시,목요일,충청남도 천안시 서북구 백석동,중상사고,0,1,0,1,차량단독 - 전도전복 - 전복,안전운전불이행,건조,맑음,단일로 - 기타,승용,남,42세,부상신고,,,,
2019011000100089,2019년 1월 10일 07시,목요일,충청남도 공주시 송선동,경상사고,0,0,2,0,차대차 - 측면충돌,안전운전불이행,건조,맑음,교차로 - 교차로안,승용,남,37세,상해없음,이륜,남,24세,경상
2019011000100111,2019년 1월 10일 08시,목요일,충청남도 아산시 영인면,사망사고,1,0,0,0,차량단독 - 도로외이탈 - 추락,안전운전불이행,건조,맑음,단일로 - 기타,승용,남,30세,사망,,,,
2019011000100176,2019년 1월 10일 11시,목요일,충청남도 천안시 서북구 쌍용동,경상사고,0,0,1,0,차대차 - 기타,차로위반,건조,맑음,교차로 - 교차로부근,승용,여,29세,상해없음,승용,남,68세,경상
2019011000100177,2019년 1월 10일 11시,목요일,충청남도 논산시 반월동,경상사고,0,0,1,0,차대차 - 정면충돌,안전거리미확보,건조,맑음,단일로 - 기타,사륜오토바이(ATV),남,79세,경상,승용,남,42세,상해없음
2019011000100178,2019년 1월 10일 11시,목요일,충청남도 아산시 인주면,경상사고,0,0,1,0,차대사람 - 기타,안전운전불이행,건조,맑음,단일로 - 기타,승용,여,71세,상해없음,보행자,여,63세,경상
2019011000100179,2019년 1월 10일 11시,목요일,충청남도 천안시 동남구 풍세면,경상사고,0,0,3,0,차대차 - 측면충돌,안전운전불이행,건조,맑음,단일로 - 기타,화물,남,46세,상해없음,승용,여,37세,경상
2019011000100278,2019년 1월 10일 15시,목요일,충청남도 서산시 읍내동,중상사고,0,1,0,0,차대사람 - 기타,보행자보호의무위반,건조,맑음,교차로 - 교차로안,승용,여,62세,상해없음,보행자,여,76세,중상
2019011000100279,2019년 1월 10일 15시,목요일,충청남도 아산시 송악면,중상사고,0,1,0,0,차량단독 - 도로외이탈 - 추락,안전운전불이행,건조,맑음,단일로 - 기타,승용,남,71세,중상,,,,
2019011000100313,2019년 1월 10일 16시,목요일,충청남도 천안시 서북구 불당동,경상사고,0,0,1,0,차대차 - 측면충돌,안전운전불이행,건조,맑음,단일로 - 기타,승용,여,34세,상해없음,승용,남,58세,경상
2019011000100389,2019년 1월 10일 18시,목요일,충청남도 서산시 석림동,중상사고,0,1,0,0,차대사람 - 길가장자리구역통행중,안전운전불이행,건조,맑음,교차로 - 교차로부근,승용,남,56세,상해없음,보행자,여,80세,중상
2019011000100390,2019년 1월 10일 18시,목요일,충청남도 천안시 동남구 원성동,중상사고,0,1,0,0,차대차 - 추돌,안전운전불이행,건조,맑음,단일로 - 기타,승용,여,50세,상해없음,자전거,여,64세,중상
2019011000100446,2019년 1월 10일 19시,목요일,충청남도 천안시 서북구 신당동,경상사고,0,0,1,0,차대차 - 측면충돌,차로위반,건조,맑음,교차로 - 교차로부근,승용,남,42세,상해없음,승용,남,38세,경상
2019011000100447,2019년 1월 10일 19시,목요일,충청남도 논산시 내동,경상사고,0,0,1,0,차대차 - 측면충돌,교차로운행방법위반,건조,맑음,교차로 - 교차로안,승용,여,53세,상해없음,이륜,남,20세,경상
2019011000100448,2019년 1월 10일 19시,목요일,충청남도 아산시 권곡동,경상사고,0,0,1,0,차대차 - 측면충돌,신호위반,건조,맑음,교차로 - 교차로안,승용,남,23세,상해없음,승용,남,44세,경상
2019011000100472,2019년 1월 10일 20시,목요일,충청남도 아산시 배방읍,경상사고,0,0,1,0,차대차 - 추돌,안전운전불이행,건조,맑음,단일로 - 기타,승용,여,56세,상해없음,승용,남,31세,경상
2019011000100473,2019년 1월 10일 20시,목요일,충청남도 보령시 화산동,중상사고,0,1,0,0,차대차 - 측면충돌,안전운전불이행,건조,맑음,단일로 - 기타,승용,남,44세,상해없음,이륜,여,77세,중상
2019011000100515,2019년 1월 10일 22시,목요일,충청남도 천안시 서북구 성거읍,경상사고,0,0,1,0,차대차 - 추돌,안전운전불이행,건조,맑음,교차로 - 교차로부근,승용,남,39세,상해없음,승용,남,19세,경상
2019011000100516,2019년 1월 10일 22시,목요일,충청남도 서천군 비인면,경상사고,0,0,1,0,차량단독 - 도로외이탈 - 추락,안전운전불이행,건조,맑음,단일로 - 기타,승용,남,65세,경상,,,,
2019011000100539,2019년 1월 10일 23시,목요일,충청남도 천안시 서북구 성정동,경상사고,0,0,2,0,차대차 - 측면충돌,안전운전불이행,건조,맑음,단일로 - 기타,승용,여,28세,상해없음,승용,남,30세,경상
2019011000100540,2019년 1월 10일 23시,목요일,충청남도 당진시 송악읍,사망사고,1,0,0,0,차대차 - 추돌,안전운전불이행,젖음/습기,흐림,교차로 - 교차로부근,화물,남,56세,사망,특수,남,51세,상해없음
2019011100100075,2019년 1월 11일 04시,금요일,충청남도 서천군 마서면,중상사고,0,1,1,0,차대차 - 측면충돌,신호위반,건조,맑음,교차로 - 교차로안,화물,남,45세,상해없음,승용,남,66세,중상
2019011100100100,2019년 1월 11일 06시,금요일,충청남도 부여군 양화면,중상사고,0,1,0,0,차대사람 - 기타,안전운전불이행,건조,맑음,단일로 - 기타,기타불명,기타불명,미분류,기타불명,보행자,여,76세,중상
2019011100100129,2019년 1월 11일 07시,금요일,충청남도 천안시 동남구 신방동,경상사고,0,0,2,0,차대차 - 추돌,안전운전불이행,건조,맑음,단일로 - 기타,승용,여,48세,상해없음,승용,남,72세,경상
2019011100100173,2019년 1월 11일 09시,금요일,충청남도 보령시 죽정동,중상사고,0,1,0,0,차대차 - 측면충돌,안전운전불이행,건조,맑음,교차로 - 교차로안,승용,여,63세,상해없음,이륜,남,56세,중상
2019011100100292,2019년 1월 11일 13시,금요일,충청남도 예산군 삽교읍,중상사고,0,2,0,0,차대차 - 측면충돌,신호위반,건조,맑음,교차로 - 교차로안,승용,남,43세,중상,화물,남,33세,중상
2019011100100293,2019년 1월 11일 13시,금요일,충청남도 당진시 석문면,중상사고,0,1,0,0,차대차 - 추돌,안전운전불이행,건조,맑음,단일로 - 기타,화물,남,69세,상해없음,승용,여,57세,중상
2019011100100348,2019년 1월 11일 15시,금요일,충청남도 논산시 광석면,사망사고,1,0,0,0,차대차 - 기타,안전운전불이행,건조,맑음,단일로 - 기타,화물,남,45세,상해없음,이륜,남,73세,사망
2019011100100453,2019년 1월 11일 18시,금요일,충청남도 천안시 동남구 봉명동,경상사고,0,0,2,0,차대차 - 측면충돌,안전운전불이행,건조,맑음,단일로 - 기타,승용,남,55세,상해없음,승용,남,46세,경상
2019011100100488,2019년 1월 11일 19시,금요일,충청남도 천안시 서북구 성환읍,경상사고,0,0,2,0,차대차 - 기타,차로위반,건조,맑음,단일로 - 기타,화물,남,44세,상해없음,승용,여,49세,경상
2019011100100525,2019년 1월 11일 20시,금요일,충청남도 아산시 염치읍,경상사고,0,0,1,0,차대차 - 기타,신호위반,기타,기타,교차로 - 교차로안,화물,남,63세,상해없음,승합,여,48세,경상
2019011100100526,2019년 1월 11일 20시,금요일,충청남도 천안시 동남구 청수동,중상사고,0,1,0,0,차대사람 - 횡단중,안전운전불이행,건조,맑음,단일로 - 기타,화물,남,40세,상해없음,보행자,남,58세,중상
2019011100100598,2019년 1월 11일 23시,금요일,충청남도 천안시 서북구 성정동,경상사고,0,0,2,0,차대차 - 추돌,안전거리미확보,건조,맑음,교차로 - 교차로부근,승용,남,36세,상해없음,승합,남,51세,경상
2019011100100599,2019년 1월 11일 23시,금요일,충청남도 천안시 서북구 쌍용동,사망사고,1,0,0,0,차대사람 - 기타,안전운전불이행,건조,맑음,단일로 - 기타,승합,남,50세,상해없음,보행자,남,42세,사망
2019011100100600,2019년 1월 11일 23시,금요일,충청남도 천안시 동남구 청당동,경상사고,0,0,2,0,차대차 - 추돌,안전운전불이행,건조,맑음,교차로 - 교차로부근,승용,여,25세,상해없음,승용,남,34세,경상
2019011200100088,2019년 1월 12일 04시,토요일,충청남도 공주시 신관동,경상사고,0,0,2,0,차대차 - 추돌,안전운전불이행,건조,맑음,교차로 - 교차로부근,승용,남,34세,경상,건설기계,남,50세,경상
2019011200100104,2019년 1월 12일 05시,토요일,충청남도 당진시 수청리,중상사고,0,1,0,0,차대차 - 기타,신호위반,건조,맑음,교차로 - 교차로안,승용,남,27세,상해없음,승용,남,51세,중상
2019011200100256,2019년 1월 12일 12시,토요일,충청남도 천안시 동남구 신부동,경상사고,0,0,1,0,차대차 - 측면충돌,안전운전불이행,건조,맑음,단일로 - 기타,승용,남,57세,상해없음,화물,남,65세,경상
2019011200100304,2019년 1월 12일 14시,토요일,충청남도 천안시 서북구 성정동,부상신고사고,0,0,0,1,차대차 - 기타,안전운전불이행,건조,맑음,교차로 - 교차로부근,승용,남,28세,상해없음,승용,여,22세,기타불명
2019011200100322,2019년 1월 12일 15시,토요일,충청남도 천안시 동남구 수신면,경상사고,0,0,2,0,차대차 - 추돌,안전거리미확보,건조,맑음,기타 - 기타,승용,남,27세,상해없음,승용,남,30세,경상
2019011200100410,2019년 1월 12일 18시,토요일,충청남도 천안시 서북구 불당동,경상사고,0,0,1,0,차대차 - 측면충돌,안전운전불이행,건조,맑음,교차로 - 교차로안,승용,남,63세,상해없음,원동기,남,28세,경상
2019011200100411,2019년 1월 12일 18시,토요일,충청남도 논산시 강경읍,경상사고,0,0,1,0,차대사람 - 횡단중,안전운전불이행,건조,맑음,단일로 - 기타,승용,남,49세,상해없음,보행자,여,48세,경상
2019011200100412,2019년 1월 12일 18시,토요일,충청남도 공주시 우성면,경상사고,0,0,1,0,차대차 - 측면충돌,안전운전불이행,건조,맑음,단일로 - 기타,화물,여,54세,기타불명,승용,남,37세,경상
2019011200100445,2019년 1월 12일 19시,토요일,충청남도 논산시 양촌면,중상사고,0,2,0,0,차대차 - 추돌,안전운전불이행,건조,맑음,단일로 - 기타,화물,남,50세,상해없음,자전거,여,22세,중상
2019011200100472,2019년 1월 12일 20시,토요일,충청남도 예산군 예산읍,경상사고,0,0,1,0,차대사람 - 길가장자리구역통행중,안전운전불이행,건조,맑음,교차로 - 교차로안,승용,남,59세,상해없음,보행자,남,50세,경상
2019011200100506,2019년 1월 12일 21시,토요일,충청남도 천안시 서북구 성성동,경상사고,0,0,1,0,차대차 - 기타,안전운전불이행,건조,맑음,교차로 - 교차로안,승용,남,46세,상해없음,승합,남,51세,상해없음
2019011200100507,2019년 1월 12일 21시,토요일,충청남도 천안시 동남구 봉명동,경상사고,0,0,1,0,차대차 - 기타,안전운전불이행,건조,맑음,교차로 - 교차로안,승용,남,52세,상해없음,이륜,남,18세,경상
2019011200100554,2019년 1월 12일 23시,토요일,충청남도 천안시 서북구 불당동,중상사고,0,1,0,0,차대차 - 측면충돌,안전거리미확보,건조,맑음,단일로 - 기타,승용,남,26세,상해없음,원동기,남,33세,중상
2019011300100055,2019년 1월 13일 02시,일요일,충청남도 부여군 규암면,중상사고,0,2,0,0,차대차 - 측면충돌,기타,건조,맑음,교차로 - 교차로안,승용,남,57세,상해없음,승용,남,25세,중상
2019011300100072,2019년 1월 13일 04시,일요일,충청남도 서산시 동문동,중상사고,0,1,0,0,차대차 - 측면충돌,신호위반,건조,맑음,교차로 - 교차로안,승용,남,20세,상해없음,승용,남,40세,중상
2019011300100102,2019년 1월 13일 07시,일요일,충청남도 금산군 부리면,사망사고,1,0,0,0,차대사람 - 차도통행중,안전운전불이행,젖음/습기,안개,단일로 - 기타,화물,여,61세,상해없음,보행자,여,85세,사망
2019011300100109,2019년 1월 13일 08시,일요일,충청남도 아산시 배방읍,경상사고,0,0,2,0,차대차 - 측면충돌,안전운전불이행,건조,맑음,단일로 - 기타,승용,남,30세,상해없음,승용,여,32세,상해없음
2019011300100151,2019년 1월 13일 11시,일요일,충청남도 서산시 운산면,사망사고,1,0,0,0,차량단독 - 도로외이탈 - 추락,안전운전불이행,건조,맑음,교차로 - 교차로부근,자전거,남,84세,사망,,,,
2019011300100152,2019년 1월 13일 11시,일요일,충청남도 보령시 대천동,경상사고,0,0,1,0,차대사람 - 길가장자리구역통행중,안전운전불이행,건조,맑음,교차로 - 교차로부근,승용,여,66세,상해없음,보행자,여,20세,경상
2019011300100169,2019년 1월 13일 12시,일요일,충청남도 서천군 마서면,중상사고,0,1,0,0,차량단독 - 도로외이탈 - 기타,안전운전불이행,건조,맑음,단일로 - 기타,원동기,남,51세,중상,,,,
2019011300100236,2019년 1월 13일 15시,일요일,충청남도 천안시 동남구 신부동,경상사고,0,0,6,0,차대차 - 기타,안전운전불이행,건조,맑음,단일로 - 기타,승용,여,33세,상해없음,승용,남,50세,경상
2019011300100281,2019년 1월 13일 17시,일요일,충청남도 당진시 송악읍,경상사고,0,0,1,0,차대차 - 측면충돌,안전거리미확보,건조,맑음,단일로 - 기타,승용,남,45세,상해없음,승용,남,31세,경상
2019011300100335,2019년 1월 13일 19시,일요일,충청남도 서산시 지곡면,중상사고,0,1,0,0,차대사람 - 보도통행중,안전운전불이행,건조,맑음,교차로 - 교차로부근,승용,남,36세,상해없음,보행자,여,84세,중상
2019011400100029,2019년 1월 14일 00시,월요일,충청남도 천안시 서북구 두정동,경상사고,0,0,1,0,차대차 - 추돌,안전운전불이행,건조,맑음,단일로 - 기타,승용,남,36세,상해없음,승용,남,19세,경상
2019011400100118,2019년 1월 14일 07시,월요일,충청남도 천안시 서북구 차암동,경상사고,0,0,1,0,차대차 - 측면충돌,안전운전불이행,건조,맑음,교차로 - 교차로안,승용,남,33세,상해없음,승용,여,24세,경상
2019011400100146,2019년 1월 14일 08시,월요일,충청남도 천안시 동남구 성황동,경상사고,0,0,2,0,차대차 - 측면충돌,안전운전불이행,건조,맑음,기타 - 기타,승용,여,26세,상해없음,승용,여,36세,경상
2019011400100306,2019년 1월 14일 13시,월요일,충청남도 공주시 산성동,중상사고,0,1,0,0,차대사람 - 횡단중,안전운전불이행,건조,맑음,교차로 - 교차로안,승용,남,63세,상해없음,보행자,남,15세,중상
2019011400100307,2019년 1월 14일 13시,월요일,충청남도 천안시 동남구 목천읍,경상사고,0,0,1,0,차대차 - 측면충돌,직진우회전진행방해,건조,맑음,단일로 - 기타,화물,남,50세,상해없음,이륜,남,65세,경상
2019011400100324,2019년 1월 14일 14시,월요일,충청남도 논산시 연무읍,사망사고,1,0,0,0,차대차 - 측면충돌,안전운전불이행,건조,맑음,교차로 - 교차로안,승용,여,39세,상해없음,이륜,남,87세,사망
2019011400100401,2019년 1월 14일 17시,월요일,충청남도 서산시 석림동,중상사고,0,2,2,0,차대차 - 측면충돌,직진우회전진행방해,건조,맑음,교차로 - 교차로안,승용,여,51세,상해없음,화물,여,64세,중상
2019011400100450,2019년 1월 14일 18시,월요일,충청남도 공주시 이인면,경상사고,0,0,1,0,차대차 - 추돌,안전운전불이행,건조,맑음,단일로 - 기타,승용,남,46세,상해없음,건설기계,남,57세,상해없음
2019011400100485,2019년 1월 14일 19시,월요일,충청남도 서천군 마산면,사망사고,1,0,0,0,차량단독 - 도로외이탈 - 추락,안전운전불이행,건조,흐림,기타 - 기타,농기계,남,77세,사망,,,,
2019011400100546,2019년 1월 14일 22시,월요일,충청남도 아산시 온천동,중상사고,0,1,0,0,차대차 - 기타,안전운전불이행,건조,맑음,교차로 - 교차로안,승용,남,29세,상해없음,원동기,남,48세,중상
2019011400100547,2019년 1월 14일 22시,월요일,충청남도 부여군 부여읍,경상사고,0,0,1,0,차대차 - 측면충돌,중앙선침범,건조,맑음,교차로 - 교차로부근,승용,남,37세,상해없음,승용,남,37세,경상
2019011500100052,2019년 1월 15일 05시,화요일,충청남도 천안시 서북구 불당동,중상사고,0,1,1,0,차대차 - 측면충돌,신호위반,건조,맑음,교차로 - 교차로안,승용,남,35세,중상,승용,여,19세,경상
2019011500100071,2019년 1월 15일 06시,화요일,충청남도 서산시 지곡면,경상사고,0,0,2,0,차대차 - 추돌,직진우회전진행방해,젖음/습기,흐림,교차로 - 교차로안,승용,남,72세,상해없음,승용,남,58세,경상
2019011500100086,2019년 1월 15일 07시,화요일,충청남도 천안시 서북구 직산읍,부상신고사고,0,0,0,1,차대차 - 측면충돌,중앙선침범,건조,맑음,단일로 - 기타,승용,남,54세,상해없음,승용,여,40세,부상신고
2019011500100087,2019년 1월 15일 07시,화요일,충청남도 아산시 인주면,중상사고,0,1,0,0,차대사람 - 횡단중,안전운전불이행,건조,맑음,단일로 - 기타,승용,남,26세,상해없음,보행자,남,52세,중상
2019011500100114,2019년 1월 15일 08시,화요일,충청남도 당진시 채운동,경상사고,0,0,2,0,차대차 - 기타,안전운전불이행,건조,맑음,단일로 - 기타,승합,남,38세,상해없음,화물,남,51세,경상
2019011500100191,2019년 1월 15일 11시,화요일,충청남도 서산시 읍내동,중상사고,0,1,0,0,차대사람 - 기타,기타,건조,맑음,단일로 - 기타,승용,남,52세,상해없음,보행자,여,34세,중상
2019011500100192,2019년 1월 15일 11시,화요일,충청남도 서천군 화양면,중상사고,0,1,0,0,차대차 - 기타,안전운전불이행,건조,맑음,기타 - 기타,이륜,남,84세,중상,승용,남,36세,상해없음