사고번호,사고일시,요일,시군구,사고내용,사망자수,중상자수,경상자수,부상신고자수,사고유형,법규위반,노면상태,기상상태,도로형태,가해운전자 차종,가해운전자 성별,가해운전자 연령,가해운전자 상해정도,피해운전자 차종,피해운전자 성별,피해운전자 연령,피해운전자 상해정도
2019011500100217,2019년 1월 15일 12시,화요일,충청남도 예산군 예산읍,중상사고,0,1,0,0,차대사람 - 횡단중,안전운전불이행,젖음/습기,흐림,기타 - 기타,승용,남,65세,상해없음,보행자,여,68세,중상
2019011500100242,2019년 1월 15일 13시,화요일,충청남도 홍성군 은하면,경상사고,0,0,1,0,차대차 - 측면충돌,안전운전불이행,건조,맑음,교차로 - 교차로안,사륜오토바이(ATV),남,83세,경상,화물,남,42세,상해없음
2019011500100243,2019년 1월 15일 13시,화요일,충청남도 금산군 금산읍,경상사고,0,0,1,0,차대차 - 측면충돌,안전운전불이행,젖음/습기,비,교차로 - 교차로안,이륜,여,69세,경상,승용,여,58세,상해없음
2019011500100264,2019년 1월 15일 14시,화요일,충청남도 당진시 정미면,경상사고,0,0,1,0,차대차 - 기타,안전운전불이행,건조,맑음,단일로 - 기타,화물,남,75세,상해없음,화물,남,53세,경상
2019011500100287,2019년 1월 15일 15시,화요일,충청남도 부여군 홍산면,중상사고,0,1,0,0,차대사람 - 횡단중,보행자보호의무위반,건조,맑음,교차로 - 교차로횡단보도내,화물,남,31세,상해없음,보행자,여,73세,중상
2019011500100314,2019년 1월 15일 16시,화요일,충청남도 천안시 동남구 신방동,경상사고,0,0,2,0,차대차 - 기타,안전운전불이행,건조,맑음,단일로 - 기타,화물,남,58세,상해없음,승합,남,53세,상해없음
2019011500100384,2019년 1월 15일 18시,화요일,충청남도 천안시 서북구 성거읍,중상사고,0,1,0,0,차대사람 - 기타,안전운전불이행,건조,맑음,교차로 - 교차로부근,승용,남,28세,상해없음,보행자,남,58세,중상
2019011500100385,2019년 1월 15일 18시,화요일,충청남도 천안시 서북구 두정동,부상신고사고,0,0,0,1,차대차 - 측면충돌,신호위반,건조,맑음,교차로 - 교차로부근,이륜,남,20세,부상신고,승용,남,25세,상해없음
2019011500100386,2019년 1월 15일 18시,화요일,충청남도 아산시 음봉면,중상사고,0,2,0,0,차대사람 - 횡단중,신호위반,건조,맑음,교차로 - 교차로횡단보도내,승용,남,46세,상해없음,보행자,여,44세,중상
2019011500100389,2019년 1월 15일 18시,화요일,충청남도 당진시 신평면,경상사고,0,0,1,0,차대사람 - 길가장자리구역통행중,안전운전불이행,건조,맑음,단일로 - 기타,기타불명,기타불명,미분류,기타불명,보행자,여,28세,경상
2019011500100489,2019년 1월 15일 21시,화요일,충청남도 천안시 서북구 백석동,중상사고,0,1,0,0,차대차 - 측면충돌,중앙선침범,건조,맑음,교차로 - 교차로부근,승용,남,31세,상해없음,승용,남,41세,중상
2019011500100509,2019년 1월 15일 22시,화요일,충청남도 공주시 신관동,경상사고,0,0,1,0,차대차 - 추돌,안전운전불이행,건조,맑음,교차로 - 교차로부근,승용,여,48세,상해없음,승용,남,64세,상해없음
2019011500100524,2019년 1월 15일 23시,화요일,충청남도 천안시 서북구 성거읍,사망사고,1,0,0,0,차량단독 - 공작물충돌,안전운전불이행,건조,맑음,단일로 - 기타,승용,남,44세,상해없음,,,,
2019011600100025,2019년 1월 16일 00시,수요일,충청남도 천안시 서북구 두정동,중상사고,0,1,1,0,차대차 - 측면충돌,기타,건조,맑음,교차로 - 교차로안,승용,남,35세,상해없음,승용,남,48세,중상
2019011600100045,2019년 1월 16일 02시,수요일,충청남도 서산시 석림동,중상사고,0,1,0,0,차량단독 - 공작물충돌,안전운전불이행,건조,맑음,단일로 - 기타,승용,남,47세,중상,,,,
2019011600100062,2019년 1월 16일 05시,수요일,충청남도 아산시 방축동,중상사고,0,1,0,0,차대사람 - 보도통행중,보행자보호의무위반,건조,맑음,교차로 - 교차로횡단보도내,승용,남,39세,상해없음,보행자,여,68세,중상
2019011600100077,2019년 1월 16일 06시,수요일,충청남도 태안군 근흥면,중상사고,0,1,1,0,차대차 - 정면충돌,중앙선침범,건조,맑음,단일로 - 기타,승용,남,54세,상해없음,승용,남,64세,경상
2019011600100095,2019년 1월 16일 07시,수요일,충청남도 논산시 부창동,경상사고,0,0,4,0,차대차 - 추돌,안전운전불이행,건조,맑음,단일로 - 고가도로위,승용,남,21세,기타불명,화물,남,52세,경상
2019011600100096,2019년 1월 16일 07시,수요일,충청남도 아산시 송악면,경상사고,0,0,2,0,차대차 - 추돌,안전운전불이행,건조,맑음,교차로 - 교차로안,승용,남,47세,상해없음,승용,남,59세,경상
2019011600100112,2019년 1월 16일 08시,수요일,충청남도 천안시 서북구 성환읍,중상사고,0,1,0,0,차대사람 - 횡단중,보행자보호의무위반,건조,맑음,교차로 - 교차로안,화물,남,30세,상해없음,보행자,남,52세,중상
2019011600100136,2019년 1월 16일 09시,수요일,충청남도 서천군 서천읍,경상사고,0,0,3,0,차대차 - 추돌,안전운전불이행,건조,맑음,단일로 - 기타,건설기계,남,61세,상해없음,승용,여,55세,경상
2019011600100137,2019년 1월 16일 09시,수요일,충청남도 태안군 태안읍,중상사고,0,1,1,0,차량단독 - 공작물충돌,안전운전불이행,건조,맑음,단일로 - 기타,승용,남,51세,상해없음,,,,
2019011600100162,2019년 1월 16일 10시,수요일,충청남도 논산시 내동,경상사고,0,0,1,0,차대차 - 측면충돌,신호위반,건조,맑음,교차로 - 교차로안,화물,남,74세,상해없음,승용,남,29세,경상
2019011600100249,2019년 1월 16일 13시,수요일,충청남도 천안시 서북구 입장면,경상사고,0,0,1,0,차대사람 - 차도통행중,안전운전불이행,건조,맑음,단일로 - 기타,화물,남,67세,상해없음,보행자,남,28세,경상
2019011600100250,2019년 1월 16일 13시,수요일,충청남도 서천군 한산면,경상사고,0,0,1,0,차대차 - 추돌,안전운전불이행,건조,맑음,교차로 - 교차로부근,승용,남,51세,상해없음,화물,남,59세,경상
2019011600100301,2019년 1월 16일 15시,수요일,충청남도 보령시 신흑동,경상사고,0,0,1,0,차대차 - 측면충돌,신호위반,건조,맑음,교차로 - 교차로안,승용,여,32세,상해없음,승용,남,47세,경상
2019011600100339,2019년 1월 16일 16시,수요일,충청남도 공주시 신풍면,중상사고,0,1,0,0,차대차 - 측면충돌,안전운전불이행,건조,맑음,단일로 - 기타,원동기,남,74세,중상,화물,남,58세,상해없음
2019011600100376,2019년 1월 16일 17시,수요일,충청남도 공주시 웅진동,중상사고,0,1,1,0,차대차 - 측면충돌,안전운전불이행,건조,맑음,교차로 - 교차로안,화물,남,59세,경상,승용,남,53세,상해없음
2019011600100417,2019년 1월 16일 18시,수요일,충청남도 천안시 서북구 성정동,경상사고,0,0,1,0,차대차 - 측면충돌,신호위반,건조,맑음,교차로 - 교차로안,승용,남,49세,상해없음,원동기,남,27세,경상
2019011600100418,2019년 1월 16일 18시,수요일,충청남도 아산시 용화동,중상사고,0,1,0,0,차대사람 - 기타,보행자보호의무위반,건조,맑음,교차로 - 교차로횡단보도내,승용,여,59세,상해없음,보행자,남,60세,중상
2019011600100467,2019년 1월 16일 19시,수요일,충청남도 당진시 송악읍,중상사고,0,1,0,0,차대사람 - 횡단중,보행자보호의무위반,건조,맑음,교차로 - 교차로횡단보도내,승용,남,55세,상해없음,보행자,남,35세,중상
2019011600100510,2019년 1월 16일 20시,수요일,충청남도 서천군 한산면,경상사고,0,0,1,0,차대사람 - 길가장자리구역통행중,안전운전불이행,건조,맑음,주차장 - 주차장,승용,여,58세,상해없음,보행자,여,76세,경상
2019011600100511,2019년 1월 16일 20시,수요일,충청남도 예산군 예산읍,경상사고,0,0,2,0,차대차 - 측면충돌,신호위반,건조,맑음,교차로 - 교차로안,승합,남,63세,상해없음,승용,남,29세,경상
2019011600100512,2019년 1월 16일 20시,수요일,충청남도 홍성군 갈산면,경상사고,0,0,2,0,차대차 - 기타,안전거리미확보,건조,맑음,단일로 - 기타,화물,남,67세,상해없음,승용,남,45세,경상
2019011600100534,2019년 1월 16일 21시,수요일,충청남도 서산시 수석동,중상사고,0,1,0,0,차대차 - 정면충돌,안전운전불이행,건조,맑음,교차로 - 교차로부근,승용,남,47세,상해없음,승용,여,47세,중상
2019011600100556,2019년 1월 16일 22시,수요일,충청남도 천안시 서북구 쌍용동,경상사고,0,0,2,0,차대차 - 추돌,안전운전불이행,건조,맑음,교차로 - 교차로부근,승용,남,19세,상해없음,승용,남,42세,경상
2019011600100589,2019년 1월 16일 23시,수요일,충청남도 천안시 서북구 성거읍,경상사고,0,0,1,0,차대차 - 추돌,안전운전불이행,건조,맑음,교차로 - 교차로부근,승용,남,36세,상해없음,승용,남,45세,경상
2019011600100590,2019년 1월 16일 23시,수요일,충청남도 당진시 신평면,중상사고,0,1,2,0,차대차 - 측면충돌,안전운전불이행,건조,흐림,단일로 - 기타,승용,남,41세,중상,건설기계,남,66세,경상
2019011700100031,2019년 1월 17일 00시,목요일,충청남도 논산시 내동,부상신고사고,0,0,0,1,차량단독 - 전도전복 - 전도,안전운전불이행,건조,맑음,교차로 - 교차로안,이륜,남,32세,부상신고,,,,
2019011700100032,2019년 1월 17일 00시,목요일,충청남도 아산시 도고면,중상사고,0,1,0,0,차대사람 - 차도통행중,안전운전불이행,건조,맑음,단일로 - 기타,승용,남,67세,상해없음,보행자,여,46세,중상
2019011700100053,2019년 1월 17일 04시,목요일,충청남도 천안시 서북구 성정동,경상사고,0,0,1,0,차대차 - 측면충돌,신호위반,건조,맑음,교차로 - 교차로안,승용,남,26세,상해없음,화물,남,28세,경상
2019011700100069,2019년 1월 17일 05시,목요일,충청남도 아산시 음봉면,사망사고,1,0,0,0,차대사람 - 기타,안전운전불이행,건조,맑음,기타 - 기타,승용,남,41세,상해없음,보행자,여,78세,사망
2019011700100122,2019년 1월 17일 08시,목요일,충청남도 천안시 동남구 청당동,중상사고,0,1,2,0,차대차 - 측면충돌,직진우회전진행방해,건조,맑음,교차로 - 교차로안,승용,여,46세,상해없음,승용,남,21세,중상
2019011700100148,2019년 1월 17일 09시,목요일,충청남도 천안시 동남구 신부동,경상사고,0,0,1,0,차대사람 - 횡단중,신호위반,건조,맑음,단일로 - 기타,기타불명,기타불명,미분류,기타불명,보행자,여,20세,경상
2019011700100173,2019년 1월 17일 10시,목요일,충청남도 천안시 동남구 신부동,경상사고,0,0,1,0,차대차 - 측면충돌,안전거리미확보,건조,맑음,교차로 - 교차로횡단보도내,승용,남,33세,상해없음,승용,남,68세,상해없음
2019011700100199,2019년 1월 17일 11시,목요일,충청남도 서산시 동문동,중상사고,0,1,0,0,차대사람 - 횡단중,안전운전불이행,건조,맑음,교차로 - 교차로부근,화물,남,69세,상해없음,보행자,여,84세,중상
2019011700100288,2019년 1월 17일 14시,목요일,충청남도 천안시 동남구 신부동,경상사고,0,0,1,1,차대차 - 측면충돌,신호위반,건조,맑음,교차로 - 교차로안,원동기,남,84세,부상신고,승합,여,47세,상해없음
2019011700100365,2019년 1월 17일 16시,목요일,충청남도 아산시 둔포면,경상사고,0,0,1,0,차대차 - 기타,안전운전불이행,건조,맑음,주차장 - 주차장,승용,여,22세,상해없음,승용,여,36세,경상
2019011700100388,2019년 1월 17일 17시,목요일,충청남도 보령시 대천동,경상사고,0,0,1,0,차대차 - 기타,중앙선침범,건조,맑음,단일로 - 기타,화물,남,75세,상해없음,화물,남,62세,경상
2019011700100438,2019년 1월 17일 18시,목요일,충청남도 공주시 정안면,경상사고,0,0,1,0,차대사람 - 길가장자리구역통행중,안전운전불이행,건조,맑음,단일로 - 기타,기타불명,기타불명,미분류,기타불명,보행자,여,69세,경상
2019011700100439,2019년 1월 17일 18시,목요일,충청남도 금산군 군북면,중상사고,0,1,0,0,차대차 - 추돌,안전운전불이행,건조,맑음,단일로 - 기타,승용,남,61세,상해없음,농기계,남,65세,중상
2019011700100488,2019년 1월 17일 19시,목요일,충청남도 당진시 석문면,중상사고,0,1,0,0,차대차 - 정면충돌,중앙선침범,건조,맑음,단일로 - 기타,승용,남,62세,상해없음,승용,여,53세,중상
2019011700100510,2019년 1월 17일 20시,목요일,충청남도 아산시 용화동,경상사고,0,0,1,0,차대차 - 기타,기타,건조,맑음,단일로 - 기타,승용,남,26세,상해없음,승용,여,35세,경상
2019011700100512,2019년 1월 17일 20시,목요일,충청남도 부여군 부여읍,중상사고,0,1,0,0,차대차 - 추돌,안전운전불이행,건조,맑음,단일로 - 기타,승용,여,37세,상해없음,이륜,남,48세,중상
2019011700100513,2019년 1월 17일 20시,목요일,충청남도 금산군 금산읍,경상사고,0,0,1,0,차대사람 - 횡단중,보행자보호의무위반,건조,맑음,교차로 - 교차로횡단보도내,승용,여,47세,상해없음,보행자,여,59세,경상
2019011700100566,2019년 1월 17일 22시,목요일,충청남도 천안시 서북구 두정동,부상신고사고,0,0,0,1,차대사람 - 길가장자리구역통행중,안전운전불이행,건조,맑음,단일로 - 기타,승용,남,21세,상해없음,보행자,남,25세,부상신고
2019011700100567,2019년 1월 17일 22시,목요일,충청남도 논산시 취암동,경상사고,0,0,1,0,차대차 - 측면충돌,교차로운행방법위반,건조,맑음,교차로 - 교차로안,승용,여,50세,상해없음,이륜,남,22세,경상
2019011800100055,2019년 1월 18일 05시,금요일,충청남도 아산시 배미동,중상사고,0,1,0,0,차대차 - 측면충돌,신호위반,건조,맑음,교차로 - 교차로안,승용,남,57세,상해없음,승용,남,42세,중상
2019011800100056,2019년 1월 18일 05시,금요일,충청남도 서천군 서천읍,경상사고,0,0,3,0,차대차 - 정면충돌,직진우회전진행방해,건조,맑음,교차로 - 교차로안,승용,남,41세,경상,승용,남,57세,상해없음
2019011800100126,2019년 1월 18일 08시,금요일,충청남도 천안시 동남구 봉명동,중상사고,0,1,0,0,차대사람 - 횡단중,안전운전불이행,건조,맑음,교차로 - 교차로안,승합,남,41세,상해없음,보행자,여,68세,중상
2019011800100187,2019년 1월 18일 10시,금요일,충청남도 천안시 서북구 쌍용동,경상사고,0,0,1,0,차대차 - 기타,안전운전불이행,건조,맑음,단일로 - 기타,이륜,남,39세,경상,승용,여,37세,상해없음
2019011800100188,2019년 1월 18일 10시,금요일,충청남도 보령시 명천동,중상사고,0,1,0,0,차대사람 - 횡단중,보행자보호의무위반,건조,맑음,교차로 - 교차로안,승용,여,53세,상해없음,보행자,남,58세,중상
2019011800100189,2019년 1월 18일 10시,금요일,충청남도 천안시 동남구 대흥동,중상사고,0,1,0,0,차대사람 - 기타,안전운전불이행,건조,맑음,교차로 - 교차로안,승합,남,47세,상해없음,보행자,여,59세,중상
2019011800100231,2019년 1월 18일 11시,금요일,충청남도 천안시 동남구 원성동,중상사고,0,1,0,0,차대차 - 측면충돌,교차로운행방법위반,건조,맑음,교차로 - 교차로안,승용,남,72세,상해없음,화물,남,70세,중상
2019011800100257,2019년 1월 18일 12시,금요일,충청남도 논산시 대교동,사망사고,1,0,0,0,차대차 - 측면충돌,안전거리미확보,건조,맑음,교차로 - 교차로부근,이륜,남,77세,상해없음,승용,여,58세,상해없음
2019011800100258,2019년 1월 18일 12시,금요일,충청남도 논산시 관촉동,경상사고,0,0,2,0,차대차 - 후진중충돌,안전운전불이행,건조,맑음,교차로 - 교차로안,화물,남,68세,경상,승용,남,46세,경상
2019011800100285,2019년 1월 18일 13시,금요일,충청남도 천안시 서북구 성정동,경상사고,0,0,2,0,차대차 - 측면충돌,교차로운행방법위반,건조,맑음,교차로 - 교차로안,승용,남,69세,경상,승용,여,25세,상해없음
2019011800100286,2019년 1월 18일 13시,금요일,충청남도 천안시 서북구 불당동,경상사고,0,0,1,0,차대차 - 추돌,안전운전불이행,건조,맑음,교차로 - 교차로부근,승용,남,55세,상해없음,승용,여,32세,경상
2019011800100350,2019년 1월 18일 15시,금요일,충청남도 아산시 음봉면,경상사고,0,0,1,0,차대차 - 추돌,안전운전불이행,건조,맑음,단일로 - 기타,승합,남,45세,상해없음,승용,여,34세,경상
2019011800100378,2019년 1월 18일 16시,금요일,충청남도 천안시 서북구 직산읍,경상사고,0,0,1,0,차대차 - 추돌,신호위반,건조,맑음,교차로 - 교차로안,화물,남,64세,상해없음,승용,남,43세,경상
2019011800100466,2019년 1월 18일 18시,금요일,충청남도 서천군 판교면,중상사고,0,1,0,0,차대차 - 추돌,안전운전불이행,건조,맑음,단일로 - 기타,승용,여,43세,상해없음,농기계,남,63세,중상
2019011800100467,2019년 1월 18일 18시,금요일,충청남도 공주시 신관동,경상사고,0,0,3,0,차대차 - 측면충돌,직진우회전진행방해,건조,맑음,교차로 - 교차로안,승용,남,31세,상해없음,화물,남,73세,경상
2019011800100525,2019년 1월 18일 19시,금요일,충청남도 천안시 서북구 불당동,경상사고,0,0,2,0,차대차 - 측면충돌,안전거리미확보,건조,맑음,단일로 - 기타,승용,여,39세,상해없음,승용,여,26세,경상
2019011800100526,2019년 1월 18일 19시,금요일,충청남도 논산시 가야곡면,중상사고,0,1,0,0,차대사람 - 길가장자리구역통행중,안전운전불이행,건조,맑음,단일로 - 기타,화물,남,63세,상해없음,보행자,남,17세,중상
2019011800100527,2019년 1월 18일 19시,금요일,충청남도 아산시 배방읍,경상사고,0,0,1,0,차대차 - 기타,안전운전불이행,건조,맑음,단일로 - 기타,승용,남,49세,상해없음,승용,남,40세,경상
2019011800100528,2019년 1월 18일 19시,금요일,충청남도 보령시 명천동,중상사고,0,1,0,0,차대사람 - 횡단중,안전운전불이행,건조,맑음,단일로 - 기타,승용,남,47세,상해없음,보행자,남,23세,중상
2019011800100529,2019년 1월 18일 19시,금요일,충청남도 공주시 계룡면,경상사고,0,0,2,0,차대차 - 추돌,안전운전불이행,건조,맑음,단일로 - 기타,승용,남,40세,경상,승용,남,43세,경상
2019011800100556,2019년 1월 18일 20시,금요일,충청남도 천안시 서북구 쌍용동,중상사고,0,1,0,0,차대사람 - 기타,안전운전불이행,건조,맑음,교차로 - 교차로부근,화물,남,35세,상해없음,보행자,여,25세,중상
2019011800100590,2019년 1월 18일 21시,금요일,충청남도 천안시 서북구 성정동,중상사고,0,1,0,0,차대사람 - 기타,안전운전불이행,건조,맑음,단일로 - 기타,승용,남,60세,상해없음,보행자,남,33세,중상
2019011800100591,2019년 1월 18일 21시,금요일,충청남도 당진시 송악읍,중상사고,0,3,1,0,차량단독 - 공작물충돌,안전운전불이행,건조,맑음,단일로 - 기타,승용,남,18세,경상,,,,
2019011800100592,2019년 1월 18일 21시,금요일,충청남도 예산군 신양면,경상사고,0,0,1,0,차대차 - 측면충돌,안전운전불이행,건조,맑음,단일로 - 기타,승용,남,22세,상해없음,화물,남,57세,경상
2019011800100612,2019년 1월 18일 22시,금요일,충청남도 천안시 동남구 신방동,경상사고,0,0,2,0,차대차 - 추돌,안전운전불이행,건조,맑음,단일로 - 기타,승용,남,36세,상해없음,승용,여,33세,경상
2019011900100021,2019년 1월 19일 00시,토요일,충청남도 서천군 장항읍,중상사고,0,1,0,0,차대차 - 추돌,안전운전불이행,건조,맑음,단일로 - 기타,승용,남,21세,상해없음,특수,남,55세,상해없음
2019011900100050,2019년 1월 19일 02시,토요일,충청남도 천안시 서북구 성환읍,경상사고,0,0,1,0,차대사람 - 차도통행중,안전운전불이행,건조,맑음,교차로 - 교차로안,승용,여,62세,상해없음,보행자,남,73세,경상
2019011900100051,2019년 1월 19일 02시,토요일,충청남도 천안시 서북구 두정동,경상사고,0,0,2,0,차대차 - 측면충돌,신호위반,건조,맑음,교차로 - 교차로안,승용,남,26세,상해없음,승용,남,53세,경상
2019011900100121,2019년 1월 19일 08시,토요일,충청남도 아산시 온천동,중상사고,0,1,0,0,차대사람 - 횡단중,안전운전불이행,건조,맑음,기타 - 기타,승용,남,48세,상해없음,보행자,여,55세,중상
2019011900100219,2019년 1월 19일 12시,토요일,충청남도 천안시 동남구 신방동,경상사고,0,0,2,0,차대차 - 추돌,안전운전불이행,건조,맑음,단일로 - 기타,승용,여,42세,상해없음,승용,남,65세,경상
2019011900100252,2019년 1월 19일 13시,토요일,충청남도 천안시 서북구 백석동,경상사고,0,0,1,0,차대차 - 측면충돌,중앙선침범,건조,맑음,교차로 - 교차로부근,승용,여,49세,상해없음,원동기,남,46세,경상
2019011900100253,2019년 1월 19일 13시,토요일,충청남도 천안시 동남구 영성동,경상사고,0,0,1,0,차대차 - 기타,교차로운행방법위반,건조,맑음,교차로 - 교차로안,승용,남,77세,상해없음,승용,남,71세,상해없음
2019011900100254,2019년 1월 19일 13시,토요일,충청남도 태안군 태안읍,중상사고,0,1,0,0,차대차 - 측면충돌,중앙선침범,건조,맑음,교차로 - 교차로안,승용,남,47세,상해없음,이륜,남,40세,중상
2019011900100321,2019년 1월 19일 16시,토요일,충청남도 서천군 서천읍,경상사고,0,0,2,0,차대차 - 측면충돌,직진우회전진행방해,건조,맑음,교차로 - 교차로안,승용,여,41세,상해없음,승용,남,65세,경상
2019011900100322,2019년 1월 19일 16시,토요일,충청남도 천안시 동남구 구성동,경상사고,0,0,1,0,차대차 - 측면충돌,차로위반,건조,맑음,교차로 - 교차로안,승용,여,51세,상해없음,승용,남,35세,경상
2019011900100374,2019년 1월 19일 18시,토요일,충청남도 서산시 동문동,중상사고,0,1,0,0,차대차 - 측면충돌,교차로운행방법위반,건조,맑음,교차로 - 교차로안,이륜,남,54세,중상,승용,남,35세,상해없음
2019011900100375,2019년 1월 19일 18시,토요일,충청남도 공주시 금흥동,경상사고,0,0,1,0,차대사람 - 횡단중,보행자보호의무위반,건조,맑음,교차로 - 교차로횡단보도내,승용,여,56세,상해없음,보행자,남,19세,경상
2019011900100376,2019년 1월 19일 18시,토요일,충청남도 천안시 동남구 사직동,경상사고,0,0,1,0,차대사람 - 기타,안전운전불이행,건조,맑음,교차로 - 교차로안,승용,남,56세,상해없음,보행자,남,57세,경상
2019011900100407,2019년 1월 19일 19시,토요일,충청남도 서산시 읍내동,경상사고,0,0,1,0,차대차 - 측면충돌,불법유턴,건조,맑음,단일로 - 기타,승용,남,56세,상해없음,승용,여,49세,경상
2019011900100408,2019년 1월 19일 19시,토요일,충청남도 천안시 동남구 광덕면,경상사고,0,0,1,0,차대차 - 측면충돌,안전운전불이행,건조,맑음,교차로 - 교차로안,승용,남,50세,상해없음,승용,여,48세,경상
2019011900100462,2019년 1월 19일 21시,토요일,충청남도 천안시 동남구 병천면,중상사고,0,1,2,2,차대차 - 정면충돌,중앙선침범,건조,맑음,교차로 - 교차로부근,승용,남,57세,경상,승용,남,55세,부상신고
2019011900100487,2019년 1월 19일 22시,토요일,충청남도 아산시 온천동,중상사고,0,2,0,0,차대사람 - 횡단중,보행자보호의무위반,건조,맑음,교차로 - 교차로횡단보도내,승용,여,26세,상해없음,보행자,남,62세,중상
2019011900100506,2019년 1월 19일 23시,토요일,충청남도 공주시 옥룡동,경상사고,0,0,2,0,차대차 - 추돌,안전운전불이행,건조,맑음,교차로 - 교차로부근,승용,남,57세,상해없음,화물,여,21세,경상
2019011900100508,2019년 1월 19일 23시,토요일,충청남도 천안시 동남구 신부동,경상사고,0,0,2,0,차대차 - 추돌,안전운전불이행,건조,맑음,단일로 - 기타,승용,남,43세,상해없음,승용,여,55세,경상
2019012000100048,2019년 1월 20일 01시,일요일,충청남도 서산시 예천동,경상사고,0,0,4,0,차대차 - 측면충돌,교차로운행방법위반,젖음/습기,비,교차로 - 교차로안,승용,남,46세,상해없음,승용,남,18세,경상
2019012000100126,2019년 1월 20일 08시,일요일,충청남도 천안시 서북구 두정동,경상사고,0,0,1,0,차량단독 - 공작물충돌,안전운전불이행,건조,맑음,단일로 - 기타,승용,남,21세,경상,,,,
2019012000100137,2019년 1월 20일 09시,일요일,충청남도 천안시 서북구 쌍용동,경상사고,0,0,2,0,차대차 - 정면충돌,신호위반,건조,맑음,교차로 - 교차로안,승용,여,39세,상해없음,승용,여,23세,경상
2019012000100154,2019년 1월 20일 10시,일요일,충청남도 서천군 서천읍,경상사고,0,0,1,0,차대차 - 측면충돌,중앙선침범,건조,맑음,단일로 - 기타,이륜,남,70세,경상,승용,여,57세,상해없음
2019012000100168,2019년 1월 20일 11시,일요일,충청남도 천안시 서북구 불당동,중상사고,0,1,2,0,차대차 - 측면충돌,신호위반,건조,맑음,교차로 - 교차로안,승합,남,58세,상해없음,승용,남,63세,경상
2019012000100190,2019년 1월 20일 12시,일요일,충청남도 보령시 웅천읍,중상사고,0,1,2,0,차대차 - 측면충돌,신호위반,건조,맑음,교차로 - 교차로안,화물,남,57세,상해없음,승용,남,23세,중상
2019012000100207,2019년 1월 20일 13시,일요일,충청남도 당진시 읍내리,경상사고,0,0,2,0,차대차 - 측면충돌,교차로운행방법위반,건조,맑음,교차로 - 교차로안,화물,남,35세,상해없음,승용,여,43세,경상
2019012000100277,2019년 1월 20일 16시,일요일,충청남도 천안시 서북구 쌍용동,경상사고,0,0,1,0,차대차 - 측면충돌,안전거리미확보,건조,맑음,교차로 - 교차로부근,승용,남,47세,상해없음,승용,남,44세,경상
2019012000100305,2019년 1월 20일 17시,일요일,충청남도 당진시 송악읍,사망사고,1,0,1,0,차대차 - 추돌,안전운전불이행,건조,맑음,단일로 - 기타,화물,남,57세,경상,화물,남,34세,기타불명
2019012000100341,2019년 1월 20일 18시,일요일,충청남도 홍성군 은하면,중상사고,0,1,0,0,차대차 - 추돌,안전운전불이행,건조,맑음,단일로 - 기타,화물,남,66세,상해없음,승용,남,24세,중상
2019012000100374,2019년 1월 20일 19시,일요일,충청남도 공주시 신기동,중상사고,0,1,0,0,차량단독 - 공작물충돌,안전운전불이행,건조,맑음,단일로 - 기타,이륜,남,81세,중상,,,,
2019012000100414,2019년 1월 20일 20시,일요일,충청남도 공주시 정안면,경상사고,0,0,1,0,차대사람 - 기타,안전운전불이행,건조,맑음,단일로 - 기타,승용,남,46세,상해없음,보행자,남,57세,경상
2019012000100431,2019년 1월 20일 21시,일요일,충청남도 논산시 연무읍,중상사고,0,1,0,0,차대차 - 추돌,안전운전불이행,건조,맑음,교차로 - 교차로부근,승용,남,28세,상해없음,승용,남,27세,중상
2019012000100432,2019년 1월 20일 21시,일요일,충청남도 당진시 행정리,중상사고,0,1,1,0,차대차 - 추돌,안전운전불이행,건조,기타,단일로 - 기타,승용,남,24세,상해없음,승합,남,49세,경상
2019012100100067,2019년 1월 21일 06시,월요일,충청남도 천안시 동남구 원성동,경상사고,0,0,3,0,차대차 - 측면충돌,안전운전불이행,건조,맑음,단일로 - 기타,화물,남,65세,상해없음,승용,남,75세,경상
2019012100100088,2019년 1월 21일 07시,월요일,충청남도 공주시 정안면,중상사고,0,1,0,0,차대차 - 기타,안전거리미확보,건조,흐림,단일로 - 기타,승용,남,64세,상해없음,승용,남,37세,상해없음
2019012100100137,2019년 1월 21일 09시,월요일,충청남도 서천군 서천읍,사망사고,1,0,0,0,차대차 - 측면충돌,직진우회전진행방해,건조,맑음,교차로 - 교차로안,승합,남,54세,상해없음,원동기,남,66세,사망
2019012100100175,2019년 1월 21일 10시,월요일,충청남도 천안시 동남구 풍세면,경상사고,0,0,2,0,차대차 - 추돌,안전거리미확보,건조,맑음,단일로 - 기타,승용,남,43세,상해없음,승용,여,63세,경상
2019012100100251,2019년 1월 21일 13시,월요일,충청남도 당진시 읍내리,경상사고,0,0,1,0,차대차 - 기타,안전운전불이행,건조,맑음,교차로 - 교차로안,승용,여,40세,상해없음,자전거,남,82세,경상
2019012100100252,2019년 1월 21일 13시,월요일,충청남도 천안시 동남구 삼룡동,경상사고,0,0,1,0,차대사람 - 기타,안전운전불이행,건조,맑음,단일로 - 기타,승용,여,45세,상해없음,보행자,여,15세,경상