사고번호,사고일시,요일,시군구,사고내용,사망자수,중상자수,경상자수,부상신고자수,사고유형,법규위반,노면상태,기상상태,도로형태,가해운전자 차종,가해운전자 성별,가해운전자 연령,가해운전자 상해정도,피해운전자 차종,피해운전자 성별,피해운전자 연령,피해운전자 상해정도
2019012100100280,2019년 1월 21일 14시,월요일,충청남도 당진시 신평면,경상사고,0,0,1,0,차대차 - 측면충돌,신호위반,건조,맑음,교차로 - 교차로안,화물,남,63세,상해없음,화물,남,52세,경상
2019012100100281,2019년 1월 21일 14시,월요일,충청남도 천안시 동남구 병천면,경상사고,0,0,1,0,차대사람 - 기타,안전운전불이행,건조,맑음,단일로 - 기타,승용,여,63세,상해없음,보행자,여,70세,경상
2019012100100338,2019년 1월 21일 16시,월요일,충청남도 계룡시 두마면,중상사고,0,1,1,0,차대차 - 측면충돌,신호위반,건조,맑음,교차로 - 교차로안,승용,남,35세,경상,화물,남,28세,중상
2019012100100339,2019년 1월 21일 16시,월요일,충청남도 공주시 신관동,경상사고,0,0,1,0,차대차 - 추돌,안전운전불이행,건조,맑음,교차로 - 교차로부근,자전거,남,46세,경상,기타불명,기타불명,미분류,기타불명
2019012100100367,2019년 1월 21일 17시,월요일,충청남도 공주시 계룡면,중상사고,0,1,0,0,차대차 - 측면충돌,안전운전불이행,건조,맑음,교차로 - 교차로안,화물,남,57세,중상,승합,남,53세,상해없음
2019012100100405,2019년 1월 21일 18시,월요일,충청남도 천안시 서북구 쌍용동,경상사고,0,0,1,0,차대차 - 추돌,안전운전불이행,건조,맑음,교차로 - 교차로부근,기타불명,기타불명,미분류,기타불명,승용,여,40세,경상
2019012100100406,2019년 1월 21일 18시,월요일,충청남도 아산시 좌부동,중상사고,0,1,0,0,차대사람 - 기타,안전운전불이행,건조,맑음,단일로 - 기타,승용,여,53세,상해없음,보행자,남,60세,중상
2019012100100407,2019년 1월 21일 18시,월요일,충청남도 금산군 남일면,사망사고,1,0,0,0,차대사람 - 기타,안전운전불이행,건조,맑음,단일로 - 기타,승용,여,24세,상해없음,보행자,남,69세,사망
2019012100100408,2019년 1월 21일 18시,월요일,충청남도 천안시 동남구 수신면,중상사고,0,1,0,0,차대사람 - 횡단중,보행자보호의무위반,건조,맑음,교차로 - 교차로안,승합,남,64세,상해없음,보행자,남,55세,중상
2019012100100458,2019년 1월 21일 19시,월요일,충청남도 논산시 관촉동,경상사고,0,0,3,0,차대차 - 측면충돌,교차로운행방법위반,건조,맑음,교차로 - 교차로안,승용,남,42세,경상,승용,여,22세,경상
2019012100100522,2019년 1월 21일 21시,월요일,충청남도 아산시 배방읍,중상사고,0,1,0,0,차대차 - 측면충돌,신호위반,건조,맑음,교차로 - 교차로안,승용,남,31세,상해없음,화물,남,60세,중상
2019012100100543,2019년 1월 21일 22시,월요일,충청남도 논산시 취암동,중상사고,0,1,0,0,차대사람 - 기타,안전운전불이행,건조,맑음,단일로 - 기타,기타불명,기타불명,미분류,기타불명,보행자,남,22세,중상
2019012100100544,2019년 1월 21일 22시,월요일,충청남도 당진시 신평면,중상사고,0,1,0,0,차대차 - 측면충돌,신호위반,건조,맑음,교차로 - 교차로안,화물,남,53세,상해없음,특수,남,51세,중상
2019012200100166,2019년 1월 22일 08시,화요일,충청남도 보령시 죽정동,경상사고,0,0,3,0,차대차 - 측면충돌,안전운전불이행,건조,흐림,교차로 - 교차로안,화물,남,64세,상해없음,승용,여,36세,경상
2019012200100167,2019년 1월 22일 08시,화요일,충청남도 금산군 금산읍,경상사고,0,0,1,0,차대차 - 측면충돌,신호위반,건조,맑음,교차로 - 교차로안,승용,여,37세,상해없음,승용,남,36세,경상
2019012200100194,2019년 1월 22일 09시,화요일,충청남도 천안시 동남구 신부동,경상사고,0,0,2,0,차대차 - 기타,교차로운행방법위반,건조,맑음,교차로 - 교차로안,승합,남,23세,상해없음,승합,남,57세,경상
2019012200100252,2019년 1월 22일 11시,화요일,충청남도 천안시 서북구 불당동,경상사고,0,0,1,0,차대차 - 측면충돌,신호위반,건조,맑음,교차로 - 교차로안,이륜,남,40세,상해없음,승용,남,45세,경상
2019012200100253,2019년 1월 22일 11시,화요일,충청남도 서천군 서천읍,중상사고,0,1,0,0,차량단독 - 기타,안전운전불이행,건조,맑음,교차로 - 교차로안,승용,여,54세,중상,,,,
2019012200100254,2019년 1월 22일 11시,화요일,충청남도 청양군 대치면,중상사고,0,2,1,0,차대차 - 측면충돌,교차로운행방법위반,건조,맑음,교차로 - 교차로안,화물,남,79세,중상,승용,남,61세,중상
2019012200100255,2019년 1월 22일 11시,화요일,충청남도 청양군 남양면,경상사고,0,0,1,0,차량단독 - 기타,안전운전불이행,젖음/습기,맑음,기타 - 기타,승용,여,66세,경상,,,,
2019012200100256,2019년 1월 22일 11시,화요일,충청남도 천안시 동남구 원성동,경상사고,0,0,2,0,차대차 - 추돌,안전운전불이행,건조,맑음,단일로 - 기타,승용,남,23세,상해없음,승용,여,63세,경상
2019012200100308,2019년 1월 22일 13시,화요일,충청남도 예산군 예산읍,경상사고,0,0,1,0,차대차 - 추돌,안전거리미확보,건조,맑음,단일로 - 기타,승용,남,57세,상해없음,승용,여,50세,경상
2019012200100309,2019년 1월 22일 13시,화요일,충청남도 천안시 동남구 다가동,경상사고,0,0,1,0,차대차 - 측면충돌,안전운전불이행,건조,맑음,교차로 - 교차로안,원동기,남,55세,경상,화물,남,63세,상해없음
2019012200100361,2019년 1월 22일 15시,화요일,충청남도 아산시 선장면,경상사고,0,0,2,0,차대차 - 기타,안전운전불이행,건조,맑음,교차로 - 교차로안,승합,남,63세,상해없음,승용,여,49세,경상
2019012200100362,2019년 1월 22일 15시,화요일,충청남도 당진시 원당리,경상사고,0,0,2,0,차대차 - 후진중충돌,안전운전불이행,건조,맑음,단일로 - 기타,승용,남,19세,상해없음,승용,여,45세,경상
2019012200100450,2019년 1월 22일 18시,화요일,충청남도 보령시 동대동,경상사고,0,0,1,0,차대사람 - 횡단중,보행자보호의무위반,건조,맑음,교차로 - 교차로횡단보도내,승용,여,28세,기타불명,보행자,남,11세,경상
2019012200100497,2019년 1월 22일 19시,화요일,충청남도 천안시 동남구 목천읍,중상사고,0,1,0,2,차대차 - 추돌,안전거리미확보,건조,맑음,단일로 - 기타,화물,남,56세,상해없음,승용,남,49세,중상
2019012200100531,2019년 1월 22일 20시,화요일,충청남도 천안시 서북구 성정동,중상사고,0,1,1,0,차대차 - 정면충돌,신호위반,건조,맑음,교차로 - 교차로안,승용,여,48세,상해없음,승용,남,55세,경상
2019012200100578,2019년 1월 22일 22시,화요일,충청남도 당진시 읍내리,중상사고,0,1,1,0,차대차 - 측면충돌,신호위반,건조,기타,교차로 - 교차로안,승용,남,44세,상해없음,승용,남,18세,경상
2019012300100028,2019년 1월 23일 00시,수요일,충청남도 보령시 미산면,중상사고,0,1,0,0,차대차 - 측면충돌,중앙선침범,건조,맑음,단일로 - 기타,승용,남,65세,상해없음,화물,남,56세,중상
2019012300100065,2019년 1월 23일 05시,수요일,충청남도 서천군 서면,중상사고,0,1,0,0,차량단독 - 도로외이탈 - 기타,안전운전불이행,건조,맑음,교차로 - 교차로부근,승용,여,68세,중상,,,,
2019012300100076,2019년 1월 23일 06시,수요일,충청남도 서산시 동문동,중상사고,0,1,0,0,차대사람 - 횡단중,보행자보호의무위반,건조,맑음,교차로 - 교차로횡단보도내,승용,남,72세,상해없음,보행자,여,83세,중상
2019012300100106,2019년 1월 23일 07시,수요일,충청남도 서산시 운산면,중상사고,0,1,0,0,차량단독 - 공작물충돌,안전운전불이행,건조,맑음,단일로 - 기타,승용,여,51세,상해없음,,,,
2019012300100107,2019년 1월 23일 07시,수요일,충청남도 공주시 신관동,경상사고,0,0,1,0,차대사람 - 횡단중,안전운전불이행,건조,맑음,교차로 - 교차로안,승용,남,57세,상해없음,보행자,여,23세,경상
2019012300100139,2019년 1월 23일 08시,수요일,충청남도 태안군 태안읍,중상사고,0,1,0,0,차대차 - 기타,직진우회전진행방해,건조,맑음,교차로 - 교차로안,승용,남,57세,상해없음,자전거,남,37세,중상
2019012300100204,2019년 1월 23일 10시,수요일,충청남도 서천군 장항읍,중상사고,0,1,0,1,차대차 - 측면충돌,안전운전불이행,건조,맑음,단일로 - 기타,자전거,여,76세,부상신고,원동기,남,75세,중상
2019012300100229,2019년 1월 23일 11시,수요일,충청남도 공주시 금흥동,경상사고,0,0,1,0,차대차 - 측면충돌,직진우회전진행방해,건조,맑음,교차로 - 교차로안,승용,남,68세,기타불명,승용,남,33세,경상
2019012300100256,2019년 1월 23일 12시,수요일,충청남도 천안시 서북구 백석동,중상사고,0,1,0,0,차대차 - 기타,안전거리미확보,건조,맑음,단일로 - 기타,승용,남,35세,상해없음,이륜,남,44세,중상
2019012300100257,2019년 1월 23일 12시,수요일,충청남도 보령시 신흑동,경상사고,0,0,1,0,차대차 - 기타,안전운전불이행,건조,맑음,단일로 - 기타,화물,남,59세,상해없음,승용,남,26세,경상
2019012300100281,2019년 1월 23일 13시,수요일,충청남도 천안시 동남구 신부동,경상사고,0,0,1,0,차대차 - 측면충돌,안전운전불이행,건조,맑음,교차로 - 교차로안,화물,남,60세,상해없음,승용,남,21세,경상
2019012300100307,2019년 1월 23일 14시,수요일,충청남도 천안시 서북구 쌍용동,경상사고,0,0,2,0,차대차 - 기타,교차로운행방법위반,건조,맑음,교차로 - 교차로안,승용,남,58세,상해없음,승용,여,59세,경상
2019012300100334,2019년 1월 23일 15시,수요일,충청남도 부여군 은산면,경상사고,0,0,1,0,차대차 - 후진중충돌,안전운전불이행,건조,맑음,교차로 - 교차로부근,승용,남,59세,상해없음,원동기,남,76세,경상
2019012300100359,2019년 1월 23일 16시,수요일,충청남도 서산시 읍내동,경상사고,0,0,1,0,차대차 - 추돌,안전운전불이행,건조,맑음,교차로 - 교차로부근,승용,여,52세,상해없음,승용,남,58세,경상
2019012300100385,2019년 1월 23일 17시,수요일,충청남도 논산시 취암동,중상사고,0,1,0,0,차대차 - 측면충돌,안전운전불이행,건조,맑음,단일로 - 기타,승합,남,34세,상해없음,자전거,남,74세,중상
2019012300100386,2019년 1월 23일 17시,수요일,충청남도 논산시 은진면,중상사고,0,1,0,0,차대차 - 측면충돌,교차로운행방법위반,건조,맑음,교차로 - 교차로안,승용,남,56세,상해없음,이륜,남,41세,중상
2019012300100522,2019년 1월 23일 21시,수요일,충청남도 천안시 서북구 두정동,경상사고,0,0,5,0,차대차 - 추돌,안전거리미확보,건조,맑음,단일로 - 기타,승용,남,45세,상해없음,승용,여,50세,경상
2019012400100045,2019년 1월 24일 02시,목요일,충청남도 천안시 서북구 백석동,경상사고,0,0,2,0,차대차 - 측면충돌,신호위반,건조,맑음,교차로 - 교차로안,화물,남,42세,상해없음,승용,남,39세,경상
2019012400100065,2019년 1월 24일 05시,목요일,충청남도 천안시 동남구 봉명동,경상사고,0,0,1,0,차대차 - 측면충돌,중앙선침범,건조,맑음,단일로 - 기타,자전거,남,56세,경상,승합,남,39세,상해없음
2019012400100076,2019년 1월 24일 06시,목요일,충청남도 서산시 해미면,경상사고,0,0,1,0,차대차 - 추돌,안전운전불이행,건조,맑음,단일로 - 기타,승용,남,28세,상해없음,승용,남,61세,경상
2019012400100077,2019년 1월 24일 06시,목요일,충청남도 천안시 서북구 직산읍,경상사고,0,0,1,0,차대차 - 정면충돌,중앙선침범,건조,맑음,단일로 - 기타,승용,여,60세,상해없음,화물,남,44세,경상
2019012400100153,2019년 1월 24일 09시,목요일,충청남도 아산시 온천동,부상신고사고,0,0,0,1,차대사람 - 횡단중,보행자보호의무위반,건조,맑음,교차로 - 교차로횡단보도내,승용,여,52세,상해없음,보행자,남,49세,부상신고
2019012400100210,2019년 1월 24일 11시,목요일,충청남도 서산시 갈산동,중상사고,0,1,0,0,차대차 - 추돌,안전운전불이행,건조,맑음,단일로 - 기타,승용,남,60세,상해없음,승용,여,29세,중상
2019012400100211,2019년 1월 24일 11시,목요일,충청남도 부여군 규암면,경상사고,0,0,2,0,차대차 - 측면충돌,안전운전불이행,건조,맑음,교차로 - 교차로안,화물,남,22세,상해없음,승용,남,71세,경상
2019012400100212,2019년 1월 24일 11시,목요일,충청남도 천안시 동남구 원성동,경상사고,0,0,1,0,차대차 - 측면충돌,신호위반,건조,맑음,교차로 - 교차로부근,건설기계,남,60세,상해없음,승용,남,62세,경상
2019012400100240,2019년 1월 24일 12시,목요일,충청남도 천안시 서북구 성정동,중상사고,0,1,0,0,차대사람 - 기타,안전운전불이행,건조,맑음,단일로 - 기타,화물,남,36세,상해없음,보행자,남,62세,중상
2019012400100241,2019년 1월 24일 12시,목요일,충청남도 당진시 대덕리,경상사고,0,0,3,0,차대차 - 추돌,안전거리미확보,건조,맑음,단일로 - 기타,화물,남,70세,상해없음,승용,남,26세,경상
2019012400100296,2019년 1월 24일 14시,목요일,충청남도 서산시 대산읍,경상사고,0,0,2,0,차대차 - 추돌,안전운전불이행,건조,맑음,단일로 - 기타,승용,여,36세,경상,승용,남,32세,경상
2019012400100297,2019년 1월 24일 14시,목요일,충청남도 아산시 인주면,경상사고,0,0,1,0,차대차 - 추돌,안전거리미확보,건조,맑음,교차로 - 교차로안,승용,남,74세,상해없음,승용,남,35세,경상
2019012400100333,2019년 1월 24일 15시,목요일,충청남도 서산시 성연면,중상사고,0,2,0,0,차대차 - 추돌,안전운전불이행,건조,맑음,단일로 - 기타,승용,남,37세,상해없음,승용,여,46세,중상
2019012400100334,2019년 1월 24일 15시,목요일,충청남도 당진시 신평면,경상사고,0,0,1,0,차대차 - 기타,기타,건조,맑음,단일로 - 기타,특수,남,55세,상해없음,승용,여,39세,경상
2019012400100368,2019년 1월 24일 16시,목요일,충청남도 계룡시 엄사면,중상사고,0,1,0,0,차대사람 - 기타,안전운전불이행,건조,맑음,단일로 - 기타,승합,남,53세,상해없음,보행자,여,76세,중상
2019012400100401,2019년 1월 24일 17시,목요일,충청남도 부여군 세도면,중상사고,0,1,0,0,차대차 - 정면충돌,안전운전불이행,건조,맑음,교차로 - 교차로안,화물,여,63세,상해없음,이륜,남,69세,중상
2019012400100402,2019년 1월 24일 17시,목요일,충청남도 당진시 읍내리,중상사고,0,1,1,0,차대차 - 측면충돌,신호위반,건조,맑음,교차로 - 교차로부근,승용,남,59세,상해없음,승용,남,60세,경상
2019012400100442,2019년 1월 24일 18시,목요일,충청남도 천안시 서북구 쌍용동,부상신고사고,0,0,0,1,차대차 - 기타,안전운전불이행,건조,맑음,교차로 - 교차로부근,승용,여,49세,상해없음,이륜,남,44세,부상신고
2019012400100481,2019년 1월 24일 19시,목요일,충청남도 천안시 동남구 신방동,경상사고,0,0,1,0,차대사람 - 기타,안전운전불이행,건조,맑음,교차로 - 교차로부근,승합,남,49세,상해없음,보행자,여,23세,경상
2019012400100512,2019년 1월 24일 20시,목요일,충청남도 예산군 예산읍,경상사고,0,0,1,0,차대차 - 측면충돌,신호위반,건조,맑음,교차로 - 교차로안,승용,남,38세,상해없음,승용,남,31세,경상
2019012400100539,2019년 1월 24일 21시,목요일,충청남도 천안시 서북구 성정동,경상사고,0,0,1,0,차대차 - 측면충돌,중앙선침범,건조,맑음,교차로 - 교차로부근,화물,남,64세,상해없음,승용,남,27세,경상
2019012400100563,2019년 1월 24일 22시,목요일,충청남도 천안시 서북구 백석동,경상사고,0,0,1,0,차대차 - 기타,안전운전불이행,건조,맑음,교차로 - 교차로부근,승용,남,56세,상해없음,승용,남,36세,경상
2019012500100032,2019년 1월 25일 00시,금요일,충청남도 천안시 서북구 성정동,경상사고,0,0,1,0,차대차 - 측면충돌,안전거리미확보,건조,맑음,교차로 - 교차로안,승용,여,59세,상해없음,승용,남,63세,경상
2019012500100033,2019년 1월 25일 00시,금요일,충청남도 예산군 오가면,중상사고,0,2,0,0,차대차 - 정면충돌,과속,건조,맑음,교차로 - 교차로안,승용,남,25세,상해없음,승용,남,56세,중상
2019012500100034,2019년 1월 25일 00시,금요일,충청남도 천안시 동남구 용곡동,중상사고,0,1,1,0,차대차 - 정면충돌,중앙선침범,건조,맑음,단일로 - 기타,승용,남,44세,중상,승용,남,30세,경상
2019012500100082,2019년 1월 25일 06시,금요일,충청남도 서산시 성연면,중상사고,0,1,0,0,차대사람 - 횡단중,신호위반,건조,맑음,교차로 - 교차로횡단보도내,승합,남,58세,상해없음,보행자,남,45세,중상
2019012500100097,2019년 1월 25일 07시,금요일,충청남도 당진시 송악읍,경상사고,0,0,2,0,차대차 - 측면충돌,안전운전불이행,건조,맑음,단일로 - 기타,승용,남,33세,상해없음,승용,남,32세,경상
2019012500100117,2019년 1월 25일 08시,금요일,충청남도 서산시 운산면,경상사고,0,0,2,0,차대차 - 추돌,안전운전불이행,건조,맑음,단일로 - 기타,승용,여,27세,상해없음,승용,남,62세,경상
2019012500100118,2019년 1월 25일 08시,금요일,충청남도 공주시 유구읍,경상사고,0,0,1,0,차대차 - 정면충돌,중앙선침범,건조,맑음,교차로 - 교차로부근,사륜오토바이(ATV),남,87세,경상,승용,남,41세,상해없음
2019012500100152,2019년 1월 25일 09시,금요일,충청남도 보령시 대천동,경상사고,0,0,1,0,차대사람 - 보도통행중,기타,건조,맑음,단일로 - 기타,화물,남,81세,상해없음,보행자,여,74세,경상
2019012500100192,2019년 1월 25일 11시,금요일,충청남도 홍성군 홍성읍,중상사고,0,1,0,0,차대사람 - 기타,안전운전불이행,건조,맑음,기타 - 기타,승용,여,57세,상해없음,보행자,여,82세,중상
2019012500100293,2019년 1월 25일 14시,금요일,충청남도 논산시 광석면,경상사고,0,0,3,0,차대차 - 측면충돌,교차로운행방법위반,건조,맑음,교차로 - 교차로안,승용,남,36세,경상,승용,남,64세,경상
2019012500100331,2019년 1월 25일 15시,금요일,충청남도 서산시 동문동,중상사고,0,1,0,0,차대차 - 추돌,안전운전불이행,건조,맑음,교차로 - 교차로부근,화물,남,62세,상해없음,승용,남,25세,상해없음
2019012500100367,2019년 1월 25일 16시,금요일,충청남도 예산군 삽교읍,경상사고,0,0,1,0,차대차 - 측면충돌,신호위반,건조,맑음,교차로 - 교차로안,화물,여,59세,기타불명,승용,남,44세,경상
2019012500100409,2019년 1월 25일 17시,금요일,충청남도 천안시 서북구 백석동,경상사고,0,0,1,0,차대차 - 추돌,안전운전불이행,건조,맑음,단일로 - 기타,승합,남,56세,상해없음,승합,남,31세,경상
2019012500100410,2019년 1월 25일 17시,금요일,충청남도 보령시 동대동,경상사고,0,0,1,0,차대차 - 측면충돌,차로위반,건조,맑음,교차로 - 교차로안,승용,여,39세,상해없음,승용,남,27세,경상
2019012500100411,2019년 1월 25일 17시,금요일,충청남도 예산군 예산읍,경상사고,0,0,1,0,차대차 - 측면충돌,직진우회전진행방해,건조,맑음,교차로 - 교차로부근,이륜,남,80세,경상,화물,남,42세,상해없음
2019012500100412,2019년 1월 25일 17시,금요일,충청남도 부여군 옥산면,중상사고,0,3,0,0,차대차 - 측면충돌,신호위반,건조,맑음,교차로 - 교차로안,화물,남,54세,중상,화물,남,63세,중상
2019012500100455,2019년 1월 25일 18시,금요일,충청남도 공주시 우성면,경상사고,0,0,2,0,차대차 - 측면충돌,안전운전불이행,건조,맑음,교차로 - 교차로부근,승용,남,57세,상해없음,승용,남,31세,경상
2019012500100456,2019년 1월 25일 18시,금요일,충청남도 공주시 석장리동,중상사고,0,1,0,0,차대차 - 측면충돌,안전운전불이행,건조,맑음,단일로 - 기타,화물,남,65세,상해없음,승용,여,31세,중상
2019012500100457,2019년 1월 25일 18시,금요일,충청남도 부여군 규암면,경상사고,0,0,2,0,차대차 - 정면충돌,과속,건조,맑음,교차로 - 교차로안,승용,남,33세,경상,승용,여,47세,경상
2019012500100510,2019년 1월 25일 19시,금요일,충청남도 홍성군 홍성읍,경상사고,0,0,1,0,차대사람 - 횡단중,보행자보호의무위반,건조,맑음,기타 - 기타,이륜,남,17세,상해없음,보행자,여,56세,경상
2019012500100511,2019년 1월 25일 19시,금요일,충청남도 아산시 배방읍,중상사고,0,1,0,0,차대차 - 기타,안전운전불이행,건조,맑음,교차로 - 교차로안,승용,남,57세,상해없음,이륜,남,18세,중상
2019012500100594,2019년 1월 25일 22시,금요일,충청남도 서산시 예천동,중상사고,0,1,2,0,차대차 - 추돌,안전운전불이행,건조,맑음,교차로 - 교차로부근,승용,남,39세,상해없음,승용,여,62세,경상
2019012500100595,2019년 1월 25일 22시,금요일,충청남도 계룡시 신도안면,중상사고,0,1,0,1,차대차 - 정면충돌,중앙선침범,건조,맑음,단일로 - 기타,승용,여,42세,부상신고,승용,여,65세,중상
2019012500100620,2019년 1월 25일 23시,금요일,충청남도 아산시 용화동,경상사고,0,0,1,0,차대사람 - 기타,안전운전불이행,건조,맑음,단일로 - 기타,승용,여,47세,상해없음,보행자,남,26세,경상
2019012500100621,2019년 1월 25일 23시,금요일,충청남도 보령시 동대동,경상사고,0,0,2,0,차대차 - 후진중충돌,안전거리미확보,건조,맑음,교차로 - 교차로안,승용,남,34세,상해없음,승용,여,38세,경상
2019012500100622,2019년 1월 25일 23시,금요일,충청남도 당진시 읍내리,중상사고,0,1,0,0,차대차 - 측면충돌,교차로운행방법위반,건조,맑음,교차로 - 교차로안,승용,남,39세,상해없음,이륜,남,47세,중상
2019012600100031,2019년 1월 26일 00시,토요일,충청남도 천안시 서북구 두정동,경상사고,0,0,1,0,차대차 - 기타,안전운전불이행,건조,맑음,교차로 - 교차로안,승용,남,38세,상해없음,승용,남,64세,경상
2019012600100032,2019년 1월 26일 00시,토요일,충청남도 아산시 둔포면,경상사고,0,0,1,0,차대차 - 측면충돌,안전운전불이행,건조,맑음,교차로 - 교차로안,승용,남,36세,상해없음,기타불명,남,34세,경상
2019012600100160,2019년 1월 26일 10시,토요일,충청남도 천안시 서북구 백석동,경상사고,0,0,1,0,차대차 - 측면충돌,차로위반,건조,맑음,단일로 - 기타,승용,남,31세,상해없음,승용,남,26세,경상
2019012600100194,2019년 1월 26일 11시,토요일,충청남도 당진시 송악읍,경상사고,0,0,1,0,차대차 - 후진중충돌,안전운전불이행,건조,맑음,단일로 - 기타,화물,남,34세,상해없음,승용,여,45세,경상
2019012600100226,2019년 1월 26일 12시,토요일,충청남도 아산시 배방읍,경상사고,0,0,1,0,차대사람 - 기타,안전운전불이행,건조,맑음,단일로 - 기타,승용,남,58세,상해없음,보행자,남,49세,경상
2019012600100262,2019년 1월 26일 13시,토요일,충청남도 서산시 동문동,부상신고사고,0,0,0,1,차대사람 - 기타,안전운전불이행,건조,맑음,기타 - 기타,화물,남,48세,상해없음,보행자,여,29세,부상신고
2019012600100332,2019년 1월 26일 15시,토요일,충청남도 당진시 송악읍,중상사고,0,1,0,0,차대차 - 측면충돌,안전거리미확보,건조,맑음,단일로 - 지하차도(도로)내,화물,남,49세,상해없음,승용,남,31세,중상
2019012600100371,2019년 1월 26일 16시,토요일,충청남도 천안시 서북구 성정동,경상사고,0,0,1,0,차대차 - 측면충돌,안전운전불이행,건조,맑음,교차로 - 교차로안,승용,남,51세,상해없음,승용,남,28세,경상
2019012600100406,2019년 1월 26일 17시,토요일,충청남도 서산시 동문동,경상사고,0,0,1,0,차대차 - 측면충돌,직진우회전진행방해,건조,맑음,교차로 - 교차로안,승용,남,50세,상해없음,이륜,남,45세,경상
2019012600100407,2019년 1월 26일 17시,토요일,충청남도 아산시 배방읍,경상사고,0,0,1,0,차대차 - 기타,신호위반,건조,맑음,교차로 - 교차로안,승용,남,35세,상해없음,승용,남,32세,상해없음
2019012600100436,2019년 1월 26일 18시,토요일,충청남도 예산군 예산읍,경상사고,0,0,1,0,차대차 - 측면충돌,신호위반,건조,맑음,교차로 - 교차로안,승용,여,58세,상해없음,승용,남,42세,경상
2019012600100476,2019년 1월 26일 19시,토요일,충청남도 서천군 비인면,경상사고,0,0,1,0,차대사람 - 횡단중,안전운전불이행,건조,맑음,단일로 - 기타,승용,남,47세,상해없음,보행자,남,77세,경상
2019012600100477,2019년 1월 26일 19시,토요일,충청남도 예산군 예산읍,중상사고,0,1,0,0,차대사람 - 기타,안전운전불이행,건조,맑음,교차로 - 교차로부근,승용,여,52세,상해없음,보행자,남,46세,중상
2019012600100509,2019년 1월 26일 20시,토요일,충청남도 천안시 동남구 원성동,경상사고,0,0,1,0,차대차 - 측면충돌,차로위반,건조,맑음,단일로 - 기타,승용,남,67세,기타불명,승용,남,42세,경상
2019012600100541,2019년 1월 26일 21시,토요일,충청남도 금산군 금산읍,경상사고,0,0,2,0,차대차 - 정면충돌,안전운전불이행,건조,맑음,교차로 - 교차로안,화물,남,49세,상해없음,승용,남,21세,경상
2019012700100026,2019년 1월 27일 00시,일요일,충청남도 예산군 삽교읍,경상사고,0,0,1,0,차대차 - 측면충돌,직진우회전진행방해,건조,맑음,교차로 - 교차로안,승용,남,36세,상해없음,승용,남,36세,경상
2019012700100044,2019년 1월 27일 02시,일요일,충청남도 천안시 서북구 성정동,경상사고,0,0,1,0,차대차 - 측면충돌,직진우회전진행방해,건조,맑음,교차로 - 교차로안,승용,남,33세,상해없음,승용,남,38세,경상
2019012700100073,2019년 1월 27일 06시,일요일,충청남도 천안시 동남구 청수동,경상사고,0,0,1,0,차대차 - 정면충돌,중앙선침범,건조,맑음,단일로 - 지하차도(도로)내,화물,남,60세,상해없음,승용,여,59세,경상
2019012700100079,2019년 1월 27일 07시,일요일,충청남도 서산시 석림동,중상사고,0,1,0,0,차대사람 - 보도통행중,보행자보호의무위반,건조,맑음,교차로 - 교차로횡단보도내,승용,여,40세,상해없음,보행자,남,56세,중상
2019012700100099,2019년 1월 27일 09시,일요일,충청남도 서산시 읍내동,경상사고,0,0,1,0,차대차 - 측면충돌,안전운전불이행,건조,맑음,교차로 - 교차로안,승용,남,49세,상해없음,승용,여,62세,경상
2019012700100116,2019년 1월 27일 10시,일요일,충청남도 천안시 서북구 백석동,경상사고,0,0,1,0,차대차 - 측면충돌,안전운전불이행,건조,맑음,교차로 - 교차로안,승합,남,63세,상해없음,승용,여,52세,경상
2019012700100151,2019년 1월 27일 12시,일요일,충청남도 당진시 수청리,경상사고,0,0,3,0,차대차 - 측면충돌,신호위반,건조,맑음,교차로 - 교차로안,승용,남,38세,상해없음,승용,여,46세,경상
2019012700100207,2019년 1월 27일 14시,일요일,충청남도 예산군 예산읍,경상사고,0,0,4,0,차대차 - 측면충돌,직진우회전진행방해,건조,맑음,교차로 - 교차로안,승용,남,23세,상해없음,승용,남,43세,경상
2019012700100208,2019년 1월 27일 14시,일요일,충청남도 당진시 신평면,경상사고,0,0,1,0,차대차 - 추돌,교차로운행방법위반,건조,맑음,교차로 - 교차로안,이륜,남,64세,경상,승용,남,68세,상해없음
2019012700100209,2019년 1월 27일 14시,일요일,충청남도 천안시 동남구 신부동,중상사고,0,1,0,0,차대차 - 측면충돌,안전운전불이행,건조,맑음,단일로 - 기타,승용,남,57세,상해없음,원동기,남,58세,중상
2019012700100334,2019년 1월 27일 19시,일요일,충청남도 서천군 서천읍,경상사고,0,0,1,0,차대차 - 측면충돌,직진우회전진행방해,건조,맑음,교차로 - 교차로안,승합,남,48세,상해없음,자전거,남,62세,경상
2019012700100358,2019년 1월 27일 20시,일요일,충청남도 논산시 연무읍,중상사고,0,1,5,0,차대차 - 기타,안전운전불이행,건조,맑음,단일로 - 기타,화물,남,34세,상해없음,승용,남,27세,경상
2019012800100040,2019년 1월 28일 02시,월요일,충청남도 천안시 동남구 병천면,경상사고,0,0,1,0,차량단독 - 전도전복 - 전도,안전운전불이행,젖음/습기,눈,단일로 - 기타,이륜,남,20세,상해없음,,,,