사고번호,사고일시,요일,시군구,사고내용,사망자수,중상자수,경상자수,부상신고자수,사고유형,법규위반,노면상태,기상상태,도로형태,가해운전자 차종,가해운전자 성별,가해운전자 연령,가해운전자 상해정도,피해운전자 차종,피해운전자 성별,피해운전자 연령,피해운전자 상해정도
2019012800100079,2019년 1월 28일 06시,월요일,충청남도 천안시 서북구 직산읍,경상사고,0,0,1,0,차대차 - 측면충돌,중앙선침범,건조,맑음,단일로 - 기타,화물,남,59세,상해없음,승용,남,45세,경상
2019012800100080,2019년 1월 28일 06시,월요일,충청남도 천안시 서북구 불당동,경상사고,0,0,1,0,차대차 - 측면충돌,안전운전불이행,건조,맑음,단일로 - 기타,승합,남,58세,상해없음,특수,남,57세,경상
2019012800100081,2019년 1월 28일 06시,월요일,충청남도 아산시 탕정면,중상사고,0,1,0,0,차대차 - 기타,중앙선침범,서리/결빙,비,단일로 - 기타,승용,남,54세,상해없음,승용,남,54세,중상
2019012800100082,2019년 1월 28일 06시,월요일,충청남도 예산군 예산읍,경상사고,0,0,3,0,차대차 - 추돌,안전운전불이행,서리/결빙,흐림,단일로 - 기타,화물,남,57세,경상,승합,남,41세,상해없음
2019012800100083,2019년 1월 28일 06시,월요일,충청남도 부여군 부여읍,경상사고,0,0,1,0,차대차 - 측면충돌,안전운전불이행,서리/결빙,비,단일로 - 기타,화물,남,49세,상해없음,화물,남,34세,경상
2019012800100115,2019년 1월 28일 07시,월요일,충청남도 천안시 서북구 입장면,중상사고,0,1,1,0,차대차 - 측면충돌,안전운전불이행,서리/결빙,맑음,단일로 - 기타,승용,여,34세,상해없음,승용,여,34세,경상
2019012800100116,2019년 1월 28일 07시,월요일,충청남도 천안시 서북구 입장면,경상사고,0,0,1,0,차대차 - 측면충돌,안전운전불이행,서리/결빙,맑음,단일로 - 기타,승용,남,41세,상해없음,승용,여,34세,경상
2019012800100117,2019년 1월 28일 07시,월요일,충청남도 아산시 영인면,중상사고,0,1,0,0,차대차 - 기타,안전운전불이행,서리/결빙,맑음,교차로 - 교차로안,건설기계,남,64세,상해없음,화물,남,51세,중상
2019012800100118,2019년 1월 28일 07시,월요일,충청남도 공주시 금성동,경상사고,0,0,1,0,차대차 - 추돌,안전운전불이행,서리/결빙,흐림,단일로 - 교량,화물,남,52세,상해없음,승용,남,41세,경상
2019012800100119,2019년 1월 28일 07시,월요일,충청남도 공주시 반포면,경상사고,0,0,1,0,차대차 - 정면충돌,중앙선침범,서리/결빙,흐림,단일로 - 기타,승용,남,35세,상해없음,승용,여,31세,경상
2019012800100120,2019년 1월 28일 07시,월요일,충청남도 부여군 석성면,사망사고,1,0,0,0,차대사람 - 기타,과속,서리/결빙,비,단일로 - 기타,승용,남,48세,기타불명,보행자,남,50세,사망
2019012800100121,2019년 1월 28일 07시,월요일,충청남도 부여군 은산면,경상사고,0,0,3,0,차대차 - 추돌,안전운전불이행,서리/결빙,비,단일로 - 기타,화물,남,59세,상해없음,승용,남,56세,경상
2019012800100122,2019년 1월 28일 07시,월요일,충청남도 당진시 송산면,중상사고,0,1,0,0,차대차 - 기타,중앙선침범,서리/결빙,맑음,단일로 - 기타,화물,남,73세,상해없음,승용,여,56세,중상
2019012800100123,2019년 1월 28일 07시,월요일,충청남도 당진시 면천면,경상사고,0,0,3,0,차대차 - 추돌,안전운전불이행,서리/결빙,흐림,단일로 - 기타,승용,남,36세,상해없음,승용,남,42세,경상
2019012800100124,2019년 1월 28일 07시,월요일,충청남도 청양군 남양면,경상사고,0,0,1,0,차량단독 - 도로외이탈 - 추락,안전운전불이행,서리/결빙,맑음,단일로 - 기타,승용,여,54세,경상,,,,
2019012800100160,2019년 1월 28일 08시,월요일,충청남도 논산시 벌곡면,경상사고,0,0,1,0,차대차 - 정면충돌,중앙선침범,서리/결빙,맑음,단일로 - 기타,화물,남,39세,상해없음,화물,남,53세,경상
2019012800100161,2019년 1월 28일 08시,월요일,충청남도 논산시 연산면,중상사고,0,1,1,0,차대차 - 측면충돌,안전운전불이행,서리/결빙,흐림,단일로 - 기타,승용,남,74세,상해없음,승용,남,70세,중상
2019012800100162,2019년 1월 28일 08시,월요일,충청남도 논산시 지산동,사망사고,1,0,0,0,차량단독 - 공작물충돌,안전운전불이행,서리/결빙,맑음,단일로 - 기타,화물,남,63세,사망,,,,
2019012800100163,2019년 1월 28일 08시,월요일,충청남도 서천군 시초면,경상사고,0,0,1,0,차량단독 - 도로외이탈 - 추락,안전운전불이행,서리/결빙,맑음,단일로 - 기타,화물,남,24세,경상,,,,
2019012800100164,2019년 1월 28일 08시,월요일,충청남도 공주시 산성동,경상사고,0,0,2,0,차대차 - 추돌,안전운전불이행,서리/결빙,흐림,단일로 - 기타,승용,여,42세,상해없음,승용,남,61세,경상
2019012800100165,2019년 1월 28일 08시,월요일,충청남도 공주시 웅진동,중상사고,0,1,1,0,차대차 - 측면충돌,중앙선침범,서리/결빙,흐림,단일로 - 기타,승용,여,59세,경상,승용,남,32세,중상
2019012800100166,2019년 1월 28일 08시,월요일,충청남도 예산군 대흥면,경상사고,0,0,2,0,차대차 - 정면충돌,중앙선침범,서리/결빙,맑음,단일로 - 기타,승용,여,41세,상해없음,승용,남,60세,경상
2019012800100167,2019년 1월 28일 08시,월요일,충청남도 청양군 목면,경상사고,0,0,1,0,차대차 - 추돌,안전거리미확보,서리/결빙,맑음,단일로 - 기타,화물,남,75세,상해없음,승용,여,25세,경상
2019012800100168,2019년 1월 28일 08시,월요일,충청남도 천안시 동남구 다가동,경상사고,0,0,2,0,차대차 - 추돌,안전운전불이행,서리/결빙,흐림,교차로 - 교차로안,승용,여,28세,경상,승용,여,54세,경상
2019012800100203,2019년 1월 28일 09시,월요일,충청남도 공주시 신관동,경상사고,0,0,2,0,차대차 - 측면충돌,안전운전불이행,건조,맑음,단일로 - 기타,승용,남,64세,경상,승용,여,53세,경상
2019012800100204,2019년 1월 28일 09시,월요일,충청남도 청양군 남양면,중상사고,0,2,0,0,차량단독 - 기타,안전운전불이행,서리/결빙,맑음,단일로 - 기타,화물,여,65세,중상,,,,
2019012800100205,2019년 1월 28일 09시,월요일,충청남도 천안시 동남구 다가동,경상사고,0,0,1,0,차대차 - 추돌,안전운전불이행,서리/결빙,기타,교차로 - 교차로부근,승용,남,67세,상해없음,승용,여,49세,상해없음
2019012800100250,2019년 1월 28일 10시,월요일,충청남도 논산시 화지동,중상사고,0,1,1,0,차대차 - 측면충돌,교차로운행방법위반,젖음/습기,흐림,교차로 - 교차로안,승용,남,39세,상해없음,승용,여,60세,중상
2019012800100251,2019년 1월 28일 10시,월요일,충청남도 홍성군 홍성읍,중상사고,0,1,0,0,차대차 - 측면충돌,직진우회전진행방해,건조,맑음,교차로 - 교차로안,승용,여,30세,상해없음,사륜오토바이(ATV),여,72세,중상
2019012800100252,2019년 1월 28일 10시,월요일,충청남도 보령시 죽정동,중상사고,0,1,0,0,차대차 - 측면충돌,직진우회전진행방해,건조,맑음,교차로 - 교차로안,승용,여,56세,상해없음,이륜,남,86세,중상
2019012800100253,2019년 1월 28일 10시,월요일,충청남도 천안시 동남구 북면,경상사고,0,0,1,0,차대차 - 후진중충돌,안전운전불이행,건조,맑음,교차로 - 교차로부근,화물,남,55세,상해없음,승용,여,45세,경상
2019012800100296,2019년 1월 28일 11시,월요일,충청남도 서산시 운산면,중상사고,0,3,2,0,차대차 - 정면충돌,중앙선침범,건조,맑음,단일로 - 기타,승합,남,37세,상해없음,승용,남,41세,경상
2019012800100297,2019년 1월 28일 11시,월요일,충청남도 당진시 송악읍,중상사고,0,1,0,0,차대차 - 측면충돌,교차로운행방법위반,건조,맑음,교차로 - 교차로안,승용,여,31세,상해없음,승합,남,62세,상해없음
2019012800100326,2019년 1월 28일 12시,월요일,충청남도 보령시 주산면,경상사고,0,0,1,0,차대차 - 측면충돌,안전운전불이행,젖음/습기,흐림,단일로 - 기타,승용,남,75세,상해없음,화물,남,62세,경상
2019012800100327,2019년 1월 28일 12시,월요일,충청남도 천안시 동남구 원성동,중상사고,0,1,0,0,차대차 - 추돌,안전운전불이행,건조,맑음,단일로 - 기타,이륜,남,43세,중상,승용,남,33세,상해없음
2019012800100355,2019년 1월 28일 13시,월요일,충청남도 천안시 서북구 성환읍,경상사고,0,0,1,0,차대차 - 측면충돌,안전운전불이행,건조,맑음,단일로 - 기타,승용,여,36세,상해없음,승용,남,43세,경상
2019012800100356,2019년 1월 28일 13시,월요일,충청남도 서천군 장항읍,경상사고,0,0,1,0,차대차 - 후진중충돌,안전운전불이행,건조,맑음,주차장 - 주차장,승용,남,69세,상해없음,승용,여,28세,경상
2019012800100435,2019년 1월 28일 15시,월요일,충청남도 아산시 배방읍,중상사고,0,1,0,0,차량단독 - 기타,기타,건조,맑음,단일로 - 기타,승합,남,58세,상해없음,,,,
2019012800100436,2019년 1월 28일 15시,월요일,충청남도 공주시 의당면,경상사고,0,0,1,0,차대차 - 기타,안전운전불이행,건조,맑음,단일로 - 기타,화물,남,37세,상해없음,화물,남,33세,경상
2019012800100504,2019년 1월 28일 17시,월요일,충청남도 서산시 인지면,중상사고,0,1,1,0,차대차 - 추돌,안전거리미확보,건조,맑음,단일로 - 기타,승용,여,63세,경상,승용,여,39세,중상
2019012800100505,2019년 1월 28일 17시,월요일,충청남도 아산시 온천동,경상사고,0,0,1,0,차대사람 - 기타,안전운전불이행,건조,맑음,기타 - 기타,기타불명,기타불명,미분류,기타불명,보행자,남,59세,경상
2019012800100506,2019년 1월 28일 17시,월요일,충청남도 금산군 금성면,경상사고,0,0,1,0,차대사람 - 길가장자리구역통행중,안전운전불이행,젖음/습기,흐림,단일로 - 기타,승용,여,67세,상해없음,보행자,여,84세,경상
2019012800100539,2019년 1월 28일 18시,월요일,충청남도 아산시 모종동,경상사고,0,0,1,0,차대사람 - 기타,중앙선침범,건조,맑음,단일로 - 기타,승용,남,54세,상해없음,보행자,남,72세,경상
2019012800100615,2019년 1월 28일 20시,월요일,충청남도 아산시 배방읍,경상사고,0,0,1,0,차대차 - 정면충돌,신호위반,건조,맑음,교차로 - 교차로안,승용,남,59세,상해없음,승용,남,23세,경상
2019012800100630,2019년 1월 28일 21시,월요일,충청남도 천안시 동남구 봉명동,중상사고,0,1,0,0,차대차 - 정면충돌,중앙선침범,건조,맑음,단일로 - 기타,승용,남,68세,상해없음,화물,남,52세,중상
2019012800100676,2019년 1월 28일 23시,월요일,충청남도 홍성군 구항면,사망사고,1,0,0,0,차대사람 - 차도통행중,과속,건조,맑음,교차로 - 교차로안,승용,남,59세,상해없음,보행자,여,41세,사망
2019012900100083,2019년 1월 29일 07시,화요일,충청남도 아산시 권곡동,경상사고,0,0,1,0,차대차 - 추돌,안전운전불이행,건조,맑음,교차로 - 교차로부근,화물,남,48세,상해없음,승용,남,34세,경상
2019012900100084,2019년 1월 29일 07시,화요일,충청남도 천안시 동남구 구성동,경상사고,0,0,1,0,차대차 - 측면충돌,차로위반,건조,맑음,단일로 - 기타,화물,남,63세,상해없음,승용,남,26세,경상
2019012900100116,2019년 1월 29일 08시,화요일,충청남도 당진시 대호지면,중상사고,0,1,1,0,차대차 - 정면충돌,중앙선침범,서리/결빙,맑음,단일로 - 기타,승용,남,57세,중상,승용,남,21세,경상
2019012900100117,2019년 1월 29일 08시,화요일,충청남도 태안군 원북면,경상사고,0,0,1,1,차대차 - 측면충돌,직진우회전진행방해,건조,맑음,교차로 - 교차로안,화물,남,77세,부상신고,승용,여,42세,경상
2019012900100137,2019년 1월 29일 09시,화요일,충청남도 천안시 동남구 목천읍,중상사고,0,2,0,0,차대차 - 추돌,안전거리미확보,건조,맑음,단일로 - 기타,화물,남,42세,상해없음,승용,여,66세,중상
2019012900100210,2019년 1월 29일 12시,화요일,충청남도 공주시 우성면,중상사고,0,1,0,0,차대차 - 측면충돌,직진우회전진행방해,건조,맑음,교차로 - 교차로안,이륜,남,71세,중상,화물,여,51세,상해없음
2019012900100257,2019년 1월 29일 14시,화요일,충청남도 보령시 화산동,경상사고,0,0,2,0,차대차 - 측면충돌,중앙선침범,건조,맑음,기타 - 기타,승용,남,71세,상해없음,화물,남,60세,경상
2019012900100308,2019년 1월 29일 15시,화요일,충청남도 천안시 동남구 원성동,경상사고,0,0,2,0,차대차 - 측면충돌,신호위반,건조,맑음,교차로 - 교차로안,승용,남,34세,경상,승용,남,56세,경상
2019012900100413,2019년 1월 29일 17시,화요일,충청남도 천안시 동남구 신부동,경상사고,0,0,2,0,차대차 - 측면충돌,신호위반,건조,맑음,교차로 - 교차로안,이륜,남,53세,경상,승용,남,19세,경상
2019012900100450,2019년 1월 29일 18시,화요일,충청남도 천안시 서북구 두정동,경상사고,0,0,2,0,차대사람 - 횡단중,보행자보호의무위반,건조,맑음,교차로 - 교차로부근,승용,남,38세,상해없음,보행자,여,22세,경상
2019012900100451,2019년 1월 29일 18시,화요일,충청남도 아산시 온천동,경상사고,0,0,1,0,차대사람 - 횡단중,보행자보호의무위반,기타,맑음,교차로 - 교차로횡단보도내,이륜,남,17세,상해없음,보행자,여,28세,경상
2019012900100502,2019년 1월 29일 19시,화요일,충청남도 홍성군 홍성읍,중상사고,0,1,0,0,차대사람 - 횡단중,안전운전불이행,건조,맑음,교차로 - 교차로안,화물,남,27세,상해없음,보행자,여,84세,중상
2019012900100503,2019년 1월 29일 19시,화요일,충청남도 공주시 송선동,경상사고,0,0,1,0,차량단독 - 공작물충돌,안전운전불이행,건조,맑음,단일로 - 기타,승용,남,60세,경상,,,,
2019012900100535,2019년 1월 29일 20시,화요일,충청남도 천안시 서북구 백석동,중상사고,0,1,0,0,차대차 - 측면충돌,안전운전불이행,건조,맑음,교차로 - 교차로부근,승용,여,40세,상해없음,이륜,남,42세,중상
2019012900100582,2019년 1월 29일 22시,화요일,충청남도 서산시 예천동,경상사고,0,0,1,0,차대차 - 추돌,안전운전불이행,건조,맑음,단일로 - 기타,승용,남,33세,상해없음,승용,여,45세,경상
2019012900100612,2019년 1월 29일 23시,화요일,충청남도 보령시 대천동,경상사고,0,0,1,0,차대차 - 측면충돌,직진우회전진행방해,건조,맑음,교차로 - 교차로안,화물,남,51세,상해없음,승용,여,25세,경상
2019013000100045,2019년 1월 30일 03시,수요일,충청남도 보령시 주산면,부상신고사고,0,0,0,1,차대차 - 추돌,안전운전불이행,건조,맑음,단일로 - 기타,승용,남,39세,부상신고,승용,남,41세,상해없음
2019013000100123,2019년 1월 30일 09시,수요일,충청남도 보령시 대천동,사망사고,1,0,0,0,차대차 - 측면충돌,안전운전불이행,건조,맑음,교차로 - 교차로안,승용,남,55세,상해없음,자전거,남,79세,사망
2019013000100124,2019년 1월 30일 09시,수요일,충청남도 공주시 금성동,중상사고,0,1,0,0,차대차 - 측면충돌,직진우회전진행방해,건조,맑음,교차로 - 교차로안,화물,남,58세,상해없음,이륜,남,38세,중상
2019013000100166,2019년 1월 30일 10시,수요일,충청남도 논산시 연산면,사망사고,1,0,0,0,차대차 - 측면충돌,안전운전불이행,건조,맑음,교차로 - 교차로부근,화물,남,61세,상해없음,자전거,남,75세,사망
2019013000100167,2019년 1월 30일 10시,수요일,충청남도 아산시 음봉면,경상사고,0,0,1,0,차대차 - 기타,안전운전불이행,건조,맑음,단일로 - 기타,승용,남,38세,상해없음,승용,여,45세,경상
2019013000100243,2019년 1월 30일 13시,수요일,충청남도 서산시 해미면,중상사고,0,1,0,0,차대차 - 측면충돌,직진우회전진행방해,건조,맑음,교차로 - 교차로안,화물,남,61세,상해없음,자전거,여,79세,중상
2019013000100244,2019년 1월 30일 13시,수요일,충청남도 천안시 동남구 다가동,경상사고,0,0,1,0,차대차 - 측면충돌,교차로운행방법위반,건조,맑음,교차로 - 교차로부근,이륜,남,60세,경상,화물,남,62세,상해없음
2019013000100292,2019년 1월 30일 14시,수요일,충청남도 아산시 둔포면,경상사고,0,0,1,0,차대차 - 측면충돌,차로위반,건조,맑음,단일로 - 기타,화물,남,25세,상해없음,승용,남,24세,경상
2019013000100321,2019년 1월 30일 15시,수요일,충청남도 천안시 서북구 백석동,경상사고,0,0,1,0,차대차 - 측면충돌,신호위반,건조,맑음,교차로 - 교차로안,승용,남,30세,상해없음,이륜,남,39세,경상
2019013000100360,2019년 1월 30일 16시,수요일,충청남도 천안시 서북구 두정동,경상사고,0,0,2,0,차대차 - 측면충돌,차로위반,건조,맑음,단일로 - 기타,승용,남,34세,경상,화물,남,80세,경상
2019013000100392,2019년 1월 30일 17시,수요일,충청남도 당진시 읍내리,경상사고,0,0,1,0,차대차 - 측면충돌,교차로운행방법위반,건조,맑음,교차로 - 교차로부근,화물,남,52세,상해없음,이륜,여,48세,경상
2019013000100433,2019년 1월 30일 18시,수요일,충청남도 보령시 남포면,중상사고,0,1,0,0,차대사람 - 횡단중,안전운전불이행,건조,맑음,단일로 - 기타,화물,남,53세,상해없음,보행자,남,58세,중상
2019013000100482,2019년 1월 30일 19시,수요일,충청남도 아산시 배방읍,중상사고,0,1,0,0,차대차 - 기타,신호위반,건조,맑음,교차로 - 교차로횡단보도내,승용,여,49세,상해없음,자전거,남,17세,중상
2019013000100483,2019년 1월 30일 19시,수요일,충청남도 천안시 동남구 봉명동,경상사고,0,0,1,0,차대차 - 추돌,안전운전불이행,건조,맑음,교차로 - 교차로부근,승용,여,50세,상해없음,승용,남,37세,경상
2019013000100569,2019년 1월 30일 22시,수요일,충청남도 서산시 읍내동,중상사고,0,1,0,0,차대차 - 측면충돌,신호위반,건조,맑음,교차로 - 교차로안,승용,남,57세,상해없음,승용,남,21세,중상
2019013000100570,2019년 1월 30일 22시,수요일,충청남도 천안시 서북구 쌍용동,경상사고,0,0,1,0,차대사람 - 기타,안전운전불이행,건조,맑음,주차장 - 주차장,기타불명,기타불명,미분류,기타불명,보행자,남,36세,경상
2019013000100590,2019년 1월 30일 23시,수요일,충청남도 서산시 대산읍,중상사고,0,2,0,0,차대사람 - 횡단중,안전운전불이행,건조,맑음,교차로 - 교차로부근,승용,남,39세,상해없음,보행자,남,41세,중상
2019013100100041,2019년 1월 31일 02시,목요일,충청남도 천안시 서북구 두정동,중상사고,0,2,1,0,차대차 - 측면충돌,과속,건조,맑음,교차로 - 교차로안,승용,남,21세,상해없음,승용,남,67세,중상
2019013100100075,2019년 1월 31일 06시,목요일,충청남도 천안시 동남구 원성동,중상사고,0,1,0,0,차대차 - 기타,안전운전불이행,건조,맑음,교차로 - 교차로부근,화물,남,66세,상해없음,승용,남,69세,중상
2019013100100111,2019년 1월 31일 07시,목요일,충청남도 천안시 동남구 대흥동,경상사고,0,0,2,0,차대차 - 측면충돌,차로위반,건조,맑음,교차로 - 교차로부근,승합,남,60세,경상,승용,남,61세,경상
2019013100100169,2019년 1월 31일 09시,목요일,충청남도 예산군 예산읍,중상사고,0,1,0,0,차대사람 - 길가장자리구역통행중,기타,건조,맑음,기타 - 기타,화물,남,59세,상해없음,보행자,여,79세,중상
2019013100100191,2019년 1월 31일 10시,목요일,충청남도 서산시 잠홍동,경상사고,0,0,1,0,차대차 - 정면충돌,중앙선침범,건조,맑음,단일로 - 기타,승용,여,61세,상해없음,승용,여,56세,경상
2019013100100192,2019년 1월 31일 10시,목요일,충청남도 부여군 은산면,사망사고,1,0,0,0,차량단독 - 공작물충돌,안전운전불이행,건조,맑음,단일로 - 기타,승용,남,34세,사망,,,,
2019013100100218,2019년 1월 31일 11시,목요일,충청남도 천안시 서북구 쌍용동,경상사고,0,0,1,0,차대차 - 추돌,안전운전불이행,건조,맑음,단일로 - 기타,화물,남,36세,상해없음,승용,남,30세,경상
2019013100100248,2019년 1월 31일 12시,목요일,충청남도 서산시 부석면,사망사고,1,1,0,0,차대차 - 정면충돌,안전운전불이행,건조,흐림,단일로 - 기타,승합,남,58세,사망,화물,남,44세,상해없음
2019013100100281,2019년 1월 31일 13시,목요일,충청남도 공주시 의당면,중상사고,0,2,0,0,차대차 - 정면충돌,중앙선침범,건조,흐림,단일로 - 기타,화물,남,20세,중상,화물,남,58세,중상
2019013100100282,2019년 1월 31일 13시,목요일,충청남도 예산군 예산읍,경상사고,0,0,1,0,차대차 - 측면충돌,직진우회전진행방해,건조,맑음,교차로 - 교차로안,승용,남,23세,상해없음,원동기,여,69세,경상
2019013100100304,2019년 1월 31일 14시,목요일,충청남도 천안시 서북구 성정동,경상사고,0,0,1,0,차대차 - 측면충돌,교차로운행방법위반,건조,맑음,교차로 - 교차로안,승용,남,38세,상해없음,승용,남,31세,경상
2019013100100305,2019년 1월 31일 14시,목요일,충청남도 태안군 안면읍,부상신고사고,0,0,0,1,차량단독 - 기타,안전운전불이행,건조,맑음,교차로 - 교차로안,승용,남,56세,부상신고,,,,
2019013100100345,2019년 1월 31일 15시,목요일,충청남도 홍성군 홍성읍,경상사고,0,0,1,0,차대사람 - 횡단중,안전운전불이행,건조,맑음,기타 - 기타,승용,여,62세,상해없음,보행자,남,19세,경상
2019013100100381,2019년 1월 31일 16시,목요일,충청남도 천안시 서북구 쌍용동,경상사고,0,0,1,0,차대사람 - 횡단중,보행자보호의무위반,건조,맑음,교차로 - 교차로부근,승합,남,53세,상해없음,보행자,여,21세,경상
2019013100100411,2019년 1월 31일 17시,목요일,충청남도 천안시 서북구 입장면,경상사고,0,0,2,0,차대차 - 측면충돌,신호위반,건조,맑음,교차로 - 교차로안,화물,남,21세,상해없음,승용,여,62세,경상
2019013100100451,2019년 1월 31일 18시,목요일,충청남도 천안시 서북구 입장면,경상사고,0,0,2,0,차대차 - 정면충돌,중앙선침범,건조,맑음,단일로 - 기타,승용,남,42세,상해없음,화물,남,53세,경상
2019013100100452,2019년 1월 31일 18시,목요일,충청남도 보령시 동대동,중상사고,0,1,0,0,차대사람 - 횡단중,보행자보호의무위반,건조,맑음,단일로 - 기타,화물,남,79세,상해없음,보행자,여,66세,중상
2019013100100504,2019년 1월 31일 19시,목요일,충청남도 서산시 석남동,경상사고,0,0,1,0,차대차 - 기타,교차로운행방법위반,건조,맑음,교차로 - 교차로안,승용,남,30세,경상,기타불명,기타불명,미분류,기타불명
2019013100100578,2019년 1월 31일 21시,목요일,충청남도 서산시 예천동,부상신고사고,0,0,0,1,차대차 - 정면충돌,안전운전불이행,건조,맑음,교차로 - 교차로부근,승용,남,47세,상해없음,승용,남,56세,부상신고
2019020100100033,2019년 2월 1일 00시,금요일,충청남도 아산시 용화동,경상사고,0,0,1,0,차대차 - 측면충돌,안전운전불이행,건조,맑음,단일로 - 기타,원동기,남,19세,상해없음,승용,남,62세,경상
2019020100100074,2019년 2월 1일 04시,금요일,충청남도 천안시 서북구 두정동,경상사고,0,0,1,0,차대차 - 측면충돌,신호위반,건조,맑음,교차로 - 교차로안,화물,여,47세,상해없음,승용,남,53세,경상
2019020100100093,2019년 2월 1일 06시,금요일,충청남도 예산군 삽교읍,경상사고,0,0,1,0,차대차 - 측면충돌,안전운전불이행,건조,맑음,교차로 - 교차로안,승용,남,45세,상해없음,승용,여,40세,경상
2019020100100110,2019년 2월 1일 07시,금요일,충청남도 서산시 수석동,경상사고,0,0,2,0,차대차 - 정면충돌,중앙선침범,건조,맑음,단일로 - 기타,승용,남,45세,상해없음,승용,남,75세,경상
2019020100100111,2019년 2월 1일 07시,금요일,충청남도 천안시 서북구 두정동,경상사고,0,0,3,0,차대차 - 측면충돌,신호위반,건조,맑음,교차로 - 교차로안,승용,남,24세,상해없음,승용,여,23세,경상
2019020100100171,2019년 2월 1일 09시,금요일,충청남도 천안시 동남구 영성동,중상사고,0,1,0,0,차대사람 - 횡단중,안전운전불이행,건조,맑음,단일로 - 기타,승용,여,57세,상해없음,보행자,여,74세,중상
2019020100100200,2019년 2월 1일 10시,금요일,충청남도 보령시 대천동,중상사고,0,1,0,0,차대사람 - 기타,안전운전불이행,건조,맑음,주차장 - 주차장,승용,남,76세,상해없음,보행자,여,53세,중상
2019020100100267,2019년 2월 1일 12시,금요일,충청남도 서산시 성연면,중상사고,0,4,0,0,차대차 - 측면충돌,신호위반,건조,맑음,교차로 - 교차로안,화물,남,25세,상해없음,승용,남,66세,중상
2019020100100300,2019년 2월 1일 13시,금요일,충청남도 부여군 규암면,중상사고,0,1,0,0,차대차 - 추돌,안전운전불이행,건조,맑음,단일로 - 기타,승용,남,61세,상해없음,화물,남,64세,중상
2019020100100301,2019년 2월 1일 13시,금요일,충청남도 당진시 석문면,중상사고,0,2,0,0,차대차 - 추돌,안전운전불이행,건조,맑음,단일로 - 기타,화물,남,70세,상해없음,승용,남,56세,중상
2019020100100329,2019년 2월 1일 14시,금요일,충청남도 서산시 예천동,중상사고,0,1,0,0,차대차 - 측면충돌,기타,젖음/습기,비,교차로 - 교차로안,이륜,남,29세,중상,승용,남,40세,상해없음
2019020100100333,2019년 2월 1일 14시,금요일,충청남도 금산군 금산읍,경상사고,0,0,1,0,차대차 - 측면충돌,교차로운행방법위반,건조,맑음,교차로 - 교차로안,승용,여,44세,상해없음,자전거,여,44세,경상
2019020100100386,2019년 2월 1일 15시,금요일,충청남도 아산시 음봉면,중상사고,0,1,2,0,차대차 - 추돌,안전운전불이행,건조,맑음,교차로 - 교차로부근,승용,남,45세,상해없음,승용,남,71세,경상
2019020100100387,2019년 2월 1일 15시,금요일,충청남도 당진시 석문면,중상사고,0,1,0,0,차대차 - 추돌,안전운전불이행,건조,맑음,단일로 - 기타,이륜,남,80세,중상,승용,여,45세,기타불명
2019020100100463,2019년 2월 1일 17시,금요일,충청남도 논산시 취암동,경상사고,0,0,1,0,차대차 - 측면충돌,안전거리미확보,건조,맑음,교차로 - 교차로부근,화물,남,51세,상해없음,승용,남,48세,경상
2019020100100524,2019년 2월 1일 18시,금요일,충청남도 홍성군 금마면,경상사고,0,0,1,0,차대차 - 측면충돌,안전운전불이행,건조,맑음,단일로 - 기타,승용,여,42세,상해없음,승용,남,36세,경상
2019020100100525,2019년 2월 1일 18시,금요일,충청남도 아산시 음봉면,중상사고,0,1,0,0,차대사람 - 기타,안전운전불이행,건조,맑음,단일로 - 기타,화물,남,38세,상해없음,보행자,여,78세,중상
2019020100100526,2019년 2월 1일 18시,금요일,충청남도 공주시 신관동,경상사고,0,0,1,0,차대차 - 측면충돌,직진우회전진행방해,건조,맑음,교차로 - 교차로안,승용,여,41세,기타불명,승용,남,29세,경상
2019020100100527,2019년 2월 1일 18시,금요일,충청남도 당진시 신평면,경상사고,0,0,1,0,차대차 - 측면충돌,안전운전불이행,건조,맑음,단일로 - 기타,승용,남,35세,상해없음,화물,남,59세,경상
2019020100100595,2019년 2월 1일 19시,금요일,충청남도 청양군 청양읍,중상사고,0,1,0,0,차대차 - 측면충돌,안전운전불이행,건조,맑음,단일로 - 기타,승용,여,33세,상해없음,자전거,남,67세,중상
2019020100100635,2019년 2월 1일 20시,금요일,충청남도 서산시 읍내동,중상사고,0,1,0,0,차대사람 - 횡단중,보행자보호의무위반,건조,맑음,교차로 - 교차로횡단보도내,승용,여,34세,상해없음,보행자,여,58세,중상
2019020100100636,2019년 2월 1일 20시,금요일,충청남도 천안시 서북구 불당동,경상사고,0,0,1,0,차대차 - 측면충돌,차로위반,건조,맑음,교차로 - 교차로부근,승합,남,37세,상해없음,이륜,남,34세,경상
2019020100100637,2019년 2월 1일 20시,금요일,충청남도 천안시 서북구 성정동,경상사고,0,0,1,0,차대차 - 기타,안전운전불이행,건조,맑음,교차로 - 교차로부근,승용,여,50세,상해없음,승용,남,65세,경상
2019020100100638,2019년 2월 1일 20시,금요일,충청남도 당진시 신평면,경상사고,0,0,1,0,차대차 - 측면충돌,안전운전불이행,건조,맑음,단일로 - 기타,승용,남,20세,상해없음,이륜,남,25세,경상
2019020100100639,2019년 2월 1일 20시,금요일,충청남도 당진시 원당리,중상사고,0,2,0,0,차대차 - 측면충돌,중앙선침범,건조,맑음,단일로 - 기타,이륜,남,35세,상해없음,승용,여,50세,중상