사고번호,사고일시,요일,시군구,사고내용,사망자수,중상자수,경상자수,부상신고자수,사고유형,법규위반,노면상태,기상상태,도로형태,가해운전자 차종,가해운전자 성별,가해운전자 연령,가해운전자 상해정도,피해운전자 차종,피해운전자 성별,피해운전자 연령,피해운전자 상해정도
2019020800100318,2019년 2월 8일 16시,금요일,충청남도 천안시 서북구 직산읍,경상사고,0,0,1,0,차대차 - 측면충돌,안전거리미확보,건조,맑음,단일로 - 기타,승용,남,38세,상해없음,승용,남,73세,경상
2019020800100346,2019년 2월 8일 17시,금요일,충청남도 천안시 서북구 쌍용동,경상사고,0,0,2,0,차대차 - 측면충돌,중앙선침범,건조,맑음,단일로 - 기타,승용,여,49세,상해없음,승용,남,34세,경상
2019020800100347,2019년 2월 8일 17시,금요일,충청남도 부여군 규암면,중상사고,0,1,0,0,차대차 - 측면충돌,안전운전불이행,건조,맑음,교차로 - 교차로안,농기계,남,76세,중상,승용,여,40세,상해없음
2019020800100382,2019년 2월 8일 18시,금요일,충청남도 보령시 명천동,경상사고,0,0,1,0,차대차 - 측면충돌,안전운전불이행,건조,맑음,교차로 - 교차로안,화물,남,49세,상해없음,화물,남,69세,경상
2019020800100440,2019년 2월 8일 20시,금요일,충청남도 천안시 서북구 성정동,경상사고,0,0,1,0,차대사람 - 횡단중,안전운전불이행,건조,맑음,단일로 - 기타,승용,남,23세,상해없음,보행자,남,51세,경상
2019020800100441,2019년 2월 8일 20시,금요일,충청남도 아산시 배방읍,중상사고,0,1,0,0,차대차 - 측면충돌,신호위반,건조,맑음,교차로 - 교차로안,화물,남,45세,상해없음,승용,남,55세,중상
2019020800100468,2019년 2월 8일 21시,금요일,충청남도 천안시 서북구 백석동,경상사고,0,0,3,0,차대차 - 측면충돌,신호위반,건조,맑음,교차로 - 교차로안,승용,남,41세,상해없음,승용,남,35세,경상
2019020800100471,2019년 2월 8일 21시,금요일,충청남도 홍성군 은하면,중상사고,0,1,5,0,차대차 - 추돌,안전운전불이행,건조,맑음,단일로 - 기타,승용,남,46세,상해없음,승용,남,57세,상해없음
2019020800100494,2019년 2월 8일 22시,금요일,충청남도 당진시 신평면,중상사고,0,1,0,0,차대차 - 기타,안전운전불이행,건조,맑음,단일로 - 기타,승용,남,39세,상해없음,승용,여,55세,중상
2019020900100038,2019년 2월 9일 01시,토요일,충청남도 서산시 읍내동,중상사고,0,2,0,0,차대사람 - 기타,안전운전불이행,건조,맑음,교차로 - 교차로안,승용,남,25세,상해없음,보행자,여,49세,중상
2019020900100059,2019년 2월 9일 03시,토요일,충청남도 공주시 유구읍,경상사고,0,0,1,0,차량단독 - 도로외이탈 - 추락,안전운전불이행,젖음/습기,흐림,단일로 - 기타,승용,여,47세,경상,,,,
2019020900100111,2019년 2월 9일 08시,토요일,충청남도 아산시 온천동,중상사고,0,1,1,0,차대사람 - 기타,안전운전불이행,건조,맑음,교차로 - 교차로안,승용,여,61세,상해없음,보행자,여,75세,중상
2019020900100128,2019년 2월 9일 09시,토요일,충청남도 천안시 서북구 쌍용동,경상사고,0,0,1,0,차대차 - 추돌,안전운전불이행,건조,맑음,단일로 - 기타,승합,남,25세,상해없음,이륜,남,48세,경상
2019020900100129,2019년 2월 9일 09시,토요일,충청남도 아산시 도고면,중상사고,0,1,4,1,차대차 - 추돌,안전운전불이행,건조,맑음,교차로 - 교차로부근,승합,남,71세,상해없음,승용,남,65세,중상
2019020900100201,2019년 2월 9일 12시,토요일,충청남도 천안시 동남구 봉명동,경상사고,0,0,1,0,차대사람 - 횡단중,보행자보호의무위반,건조,맑음,교차로 - 교차로횡단보도내,승용,남,63세,상해없음,보행자,여,32세,경상
2019020900100222,2019년 2월 9일 13시,토요일,충청남도 천안시 서북구 두정동,경상사고,0,0,1,0,차대차 - 측면충돌,안전운전불이행,건조,맑음,단일로 - 기타,승용,남,53세,상해없음,이륜,남,23세,경상
2019020900100223,2019년 2월 9일 13시,토요일,충청남도 서천군 비인면,경상사고,0,0,1,0,차대차 - 추돌,안전거리미확보,건조,맑음,교차로 - 교차로안,승용,남,70세,상해없음,승용,남,73세,상해없음
2019020900100224,2019년 2월 9일 13시,토요일,충청남도 부여군 부여읍,경상사고,0,0,1,0,차대차 - 측면충돌,교차로운행방법위반,건조,맑음,교차로 - 교차로안,승용,남,59세,상해없음,화물,남,59세,경상
2019020900100251,2019년 2월 9일 14시,토요일,충청남도 당진시 채운동,경상사고,0,0,1,0,차대차 - 측면충돌,교차로운행방법위반,건조,맑음,교차로 - 교차로부근,이륜,남,80세,경상,화물,남,43세,상해없음
2019020900100284,2019년 2월 9일 15시,토요일,충청남도 천안시 서북구 직산읍,경상사고,0,0,3,1,차대차 - 측면충돌,신호위반,건조,맑음,교차로 - 교차로안,승용,남,56세,상해없음,승용,남,38세,부상신고
2019020900100300,2019년 2월 9일 16시,토요일,충청남도 천안시 동남구 원성동,중상사고,0,1,0,0,차대사람 - 횡단중,안전운전불이행,건조,맑음,단일로 - 기타,이륜,남,64세,상해없음,보행자,남,12세,중상
2019020900100344,2019년 2월 9일 18시,토요일,충청남도 천안시 서북구 직산읍,중상사고,0,1,1,0,차대차 - 추돌,안전운전불이행,건조,맑음,단일로 - 기타,화물,남,64세,상해없음,승용,기타불명,미분류,기타불명
2019020900100345,2019년 2월 9일 18시,토요일,충청남도 당진시 고대면,중상사고,0,1,0,0,차대차 - 추돌,과속,건조,맑음,단일로 - 기타,승용,남,48세,중상,건설기계,남,34세,기타불명
2019020900100369,2019년 2월 9일 19시,토요일,충청남도 아산시 배방읍,경상사고,0,0,1,0,차대차 - 기타,안전운전불이행,건조,맑음,단일로 - 기타,승용,남,40세,상해없음,이륜,남,47세,경상
2019020900100391,2019년 2월 9일 20시,토요일,충청남도 아산시 모종동,중상사고,0,1,0,0,차대차 - 기타,기타,건조,맑음,교차로 - 교차로안,이륜,남,42세,중상,승용,남,61세,상해없음
2019020900100417,2019년 2월 9일 21시,토요일,충청남도 아산시 온천동,경상사고,0,0,1,0,차대차 - 추돌,안전운전불이행,건조,맑음,교차로 - 교차로부근,승용,남,26세,상해없음,승용,남,61세,경상
2019020900100437,2019년 2월 9일 22시,토요일,충청남도 서산시 잠홍동,경상사고,0,0,3,0,차대차 - 추돌,안전거리미확보,건조,맑음,교차로 - 교차로부근,승용,여,30세,상해없음,승용,남,40세,경상
2019021000100035,2019년 2월 10일 01시,일요일,충청남도 천안시 동남구 원성동,경상사고,0,0,1,0,차대사람 - 기타,안전운전불이행,건조,맑음,교차로 - 교차로부근,승용,여,26세,상해없음,보행자,남,53세,경상
2019021000100048,2019년 2월 10일 02시,일요일,충청남도 천안시 서북구 불당동,경상사고,0,0,3,0,차대사람 - 보도통행중,기타,건조,맑음,단일로 - 기타,이륜,남,21세,상해없음,보행자,남,21세,경상
2019021000100049,2019년 2월 10일 02시,일요일,충청남도 천안시 서북구 성정동,중상사고,0,1,0,0,차대차 - 측면충돌,신호위반,건조,맑음,교차로 - 교차로안,승용,남,21세,상해없음,승용,남,42세,중상
2019021000100050,2019년 2월 10일 02시,일요일,충청남도 논산시 취암동,중상사고,0,3,0,0,차대차 - 측면충돌,교차로운행방법위반,건조,맑음,교차로 - 교차로안,승용,남,29세,상해없음,승용,여,23세,중상
2019021000100080,2019년 2월 10일 06시,일요일,충청남도 천안시 서북구 성정동,경상사고,0,0,3,0,차대차 - 추돌,안전운전불이행,건조,맑음,교차로 - 교차로부근,승용,남,25세,상해없음,화물,남,60세,경상
2019021000100086,2019년 2월 10일 07시,일요일,충청남도 공주시 이인면,중상사고,0,3,0,0,차대차 - 추돌,안전운전불이행,건조,흐림,단일로 - 기타,승용,여,26세,상해없음,승용,남,54세,중상
2019021000100120,2019년 2월 10일 10시,일요일,충청남도 논산시 내동,중상사고,0,1,0,0,차대차 - 측면충돌,신호위반,건조,맑음,교차로 - 교차로안,승용,남,43세,상해없음,승용,남,38세,중상
2019021000100121,2019년 2월 10일 10시,일요일,충청남도 예산군 삽교읍,중상사고,0,2,1,0,차대차 - 측면충돌,신호위반,건조,맑음,교차로 - 교차로안,승용,남,50세,중상,승용,남,23세,경상
2019021000100133,2019년 2월 10일 11시,일요일,충청남도 예산군 덕산면,경상사고,0,0,1,0,차대차 - 측면충돌,중앙선침범,건조,맑음,단일로 - 기타,화물,남,45세,상해없음,승용,남,58세,경상
2019021000100144,2019년 2월 10일 12시,일요일,충청남도 천안시 동남구 신부동,경상사고,0,0,1,0,차대차 - 기타,신호위반,건조,맑음,교차로 - 교차로안,기타불명,기타불명,미분류,기타불명,이륜,남,23세,경상
2019021000100198,2019년 2월 10일 15시,일요일,충청남도 천안시 동남구 신방동,중상사고,0,1,1,0,차대사람 - 횡단중,신호위반,건조,맑음,교차로 - 교차로횡단보도내,승용,남,21세,상해없음,보행자,남,43세,중상
2019021000100234,2019년 2월 10일 17시,일요일,충청남도 서산시 지곡면,경상사고,0,0,2,0,차대차 - 추돌,안전운전불이행,건조,맑음,교차로 - 교차로부근,승용,남,34세,상해없음,승용,여,26세,경상
2019021000100235,2019년 2월 10일 17시,일요일,충청남도 천안시 서북구 쌍용동,경상사고,0,0,6,0,차대차 - 정면충돌,중앙선침범,건조,맑음,교차로 - 교차로부근,승용,남,38세,상해없음,승용,여,42세,경상
2019021000100236,2019년 2월 10일 17시,일요일,충청남도 태안군 태안읍,중상사고,0,1,0,0,차대차 - 정면충돌,직진우회전진행방해,건조,맑음,교차로 - 교차로안,승용,남,65세,중상,승용,여,57세,상해없음
2019021000100260,2019년 2월 10일 18시,일요일,충청남도 아산시 배방읍,경상사고,0,0,1,0,차대사람 - 기타,안전운전불이행,건조,맑음,단일로 - 기타,승용,여,39세,상해없음,보행자,여,62세,경상
2019021000100261,2019년 2월 10일 18시,일요일,충청남도 아산시 둔포면,경상사고,0,0,1,0,차대차 - 기타,안전운전불이행,건조,맑음,교차로 - 교차로안,승용,남,25세,경상,승용,남,25세,상해없음
2019021000100292,2019년 2월 10일 19시,일요일,충청남도 천안시 서북구 입장면,경상사고,0,0,2,0,차대차 - 추돌,안전운전불이행,건조,맑음,교차로 - 교차로부근,승용,남,63세,기타불명,승용,여,53세,경상
2019021000100310,2019년 2월 10일 20시,일요일,충청남도 보령시 동대동,중상사고,0,1,0,0,차대차 - 측면충돌,신호위반,건조,맑음,교차로 - 교차로안,승용,남,26세,상해없음,승용,여,51세,중상
2019021000100311,2019년 2월 10일 20시,일요일,충청남도 보령시 웅천읍,중상사고,0,1,0,0,차량단독 - 공작물충돌,안전운전불이행,건조,맑음,단일로 - 기타,화물,남,59세,중상,,,,
2019021100100105,2019년 2월 11일 08시,월요일,충청남도 논산시 가야곡면,경상사고,0,0,1,0,차대사람 - 길가장자리구역통행중,안전운전불이행,건조,맑음,단일로 - 기타,승용,여,43세,상해없음,보행자,여,51세,경상
2019021100100106,2019년 2월 11일 08시,월요일,충청남도 천안시 동남구 구성동,경상사고,0,0,1,0,차대차 - 기타,중앙선침범,건조,맑음,교차로 - 교차로안,기타불명,기타불명,미분류,기타불명,이륜,남,50세,경상
2019021100100191,2019년 2월 11일 11시,월요일,충청남도 천안시 동남구 신방동,중상사고,0,1,0,0,차대사람 - 횡단중,안전운전불이행,건조,맑음,교차로 - 교차로부근,승용,여,49세,상해없음,보행자,여,53세,중상
2019021100100223,2019년 2월 11일 12시,월요일,충청남도 천안시 서북구 쌍용동,경상사고,0,0,1,0,차대차 - 추돌,안전운전불이행,건조,맑음,단일로 - 기타,승용,여,52세,상해없음,승용,여,49세,경상
2019021100100224,2019년 2월 11일 12시,월요일,충청남도 천안시 동남구 신부동,경상사고,0,0,1,0,차대사람 - 횡단중,안전운전불이행,건조,맑음,교차로 - 교차로안,화물,남,68세,상해없음,보행자,여,21세,경상
2019021100100244,2019년 2월 11일 13시,월요일,충청남도 천안시 서북구 쌍용동,경상사고,0,0,1,0,차량단독 - 기타,안전운전불이행,건조,맑음,단일로 - 기타,승합,남,49세,상해없음,,,,
2019021100100340,2019년 2월 11일 16시,월요일,충청남도 천안시 서북구 입장면,경상사고,0,0,1,0,차대차 - 측면충돌,안전운전불이행,건조,맑음,단일로 - 기타,화물,남,59세,상해없음,화물,남,71세,경상
2019021100100400,2019년 2월 11일 18시,월요일,충청남도 천안시 서북구 불당동,경상사고,0,0,1,0,차대차 - 측면충돌,안전거리미확보,건조,맑음,단일로 - 기타,승용,여,40세,상해없음,승용,여,47세,경상
2019021100100401,2019년 2월 11일 18시,월요일,충청남도 논산시 가야곡면,중상사고,0,1,0,0,차대사람 - 기타,안전운전불이행,건조,맑음,단일로 - 기타,승용,남,38세,상해없음,보행자,여,7세,중상
2019021100100402,2019년 2월 11일 18시,월요일,충청남도 천안시 동남구 신방동,경상사고,0,0,1,0,차대차 - 측면충돌,안전운전불이행,건조,맑음,기타 - 기타,승용,남,53세,상해없음,승용,남,68세,경상
2019021100100448,2019년 2월 11일 19시,월요일,충청남도 서산시 읍내동,경상사고,0,0,1,0,차대차 - 측면충돌,신호위반,건조,맑음,교차로 - 교차로안,승용,여,56세,상해없음,이륜,남,35세,경상
2019021100100449,2019년 2월 11일 19시,월요일,충청남도 천안시 서북구 백석동,경상사고,0,0,1,0,차대차 - 측면충돌,신호위반,건조,맑음,교차로 - 교차로안,승용,여,48세,상해없음,화물,남,35세,경상
2019021100100478,2019년 2월 11일 20시,월요일,충청남도 금산군 금성면,사망사고,1,0,0,0,차대사람 - 길가장자리구역통행중,안전운전불이행,건조,맑음,단일로 - 기타,화물,남,58세,상해없음,보행자,남,69세,사망
2019021100100479,2019년 2월 11일 20시,월요일,충청남도 천안시 동남구 원성동,경상사고,0,0,1,0,차대차 - 추돌,안전거리미확보,건조,맑음,교차로 - 교차로부근,승용,남,66세,상해없음,승용,남,28세,경상
2019021100100549,2019년 2월 11일 23시,월요일,충청남도 서산시 읍내동,경상사고,0,0,1,0,차대사람 - 보도통행중,안전운전불이행,건조,맑음,교차로 - 교차로부근,승용,남,64세,상해없음,보행자,남,41세,경상
2019021200100054,2019년 2월 12일 05시,화요일,충청남도 천안시 동남구 봉명동,중상사고,0,1,0,0,차대차 - 측면충돌,안전운전불이행,건조,맑음,교차로 - 교차로안,승용,남,39세,상해없음,자전거,남,74세,중상
2019021200100068,2019년 2월 12일 06시,화요일,충청남도 천안시 동남구 봉명동,경상사고,0,0,1,0,차대사람 - 횡단중,안전운전불이행,건조,맑음,교차로 - 교차로안,승용,남,75세,상해없음,보행자,여,53세,경상
2019021200100081,2019년 2월 12일 07시,화요일,충청남도 아산시 도고면,경상사고,0,0,1,0,차대차 - 측면충돌,안전운전불이행,건조,맑음,단일로 - 기타,승용,남,19세,상해없음,승용,남,34세,경상
2019021200100105,2019년 2월 12일 08시,화요일,충청남도 서산시 성연면,중상사고,0,1,0,0,차량단독 - 공작물충돌,안전운전불이행,서리/결빙,눈,단일로 - 기타,화물,남,65세,상해없음,,,,
2019021200100106,2019년 2월 12일 08시,화요일,충청남도 서천군 종천면,경상사고,0,0,2,0,차대차 - 측면충돌,직진우회전진행방해,건조,맑음,교차로 - 교차로안,승용,여,51세,경상,승용,남,54세,경상
2019021200100144,2019년 2월 12일 09시,화요일,충청남도 천안시 서북구 성정동,중상사고,0,1,0,0,차대차 - 후진중충돌,안전운전불이행,건조,맑음,교차로 - 교차로안,승용,남,62세,상해없음,승용,여,33세,중상
2019021200100186,2019년 2월 12일 10시,화요일,충청남도 서천군 비인면,부상신고사고,0,0,0,1,차대차 - 측면충돌,신호위반,건조,맑음,교차로 - 교차로안,화물,남,39세,부상신고,승합,남,53세,상해없음
2019021200100187,2019년 2월 12일 10시,화요일,충청남도 당진시 신평면,중상사고,0,1,0,0,차대차 - 추돌,안전운전불이행,건조,맑음,단일로 - 기타,승합,여,41세,상해없음,이륜,남,82세,중상
2019021200100238,2019년 2월 12일 12시,화요일,충청남도 계룡시 엄사면,중상사고,0,1,1,0,차대차 - 추돌,안전운전불이행,건조,맑음,교차로 - 교차로부근,화물,남,45세,상해없음,승용,여,58세,경상
2019021200100239,2019년 2월 12일 12시,화요일,충청남도 천안시 동남구 풍세면,경상사고,0,0,5,0,차대차 - 정면충돌,중앙선침범,건조,맑음,단일로 - 기타,승용,여,42세,상해없음,화물,남,61세,경상
2019021200100268,2019년 2월 12일 13시,화요일,충청남도 천안시 서북구 불당동,경상사고,0,0,1,0,차대차 - 측면충돌,안전거리미확보,건조,맑음,단일로 - 기타,승용,여,41세,상해없음,이륜,남,37세,경상
2019021200100269,2019년 2월 12일 13시,화요일,충청남도 태안군 안면읍,부상신고사고,0,0,0,2,차대차 - 기타,기타,건조,맑음,단일로 - 기타,화물,남,61세,부상신고,승용,남,70세,기타불명
2019021200100296,2019년 2월 12일 14시,화요일,충청남도 당진시 사기소리,중상사고,0,2,0,0,차량단독 - 전도전복 - 전복,안전운전불이행,건조,맑음,단일로 - 기타,승용,남,71세,상해없음,,,,
2019021200100341,2019년 2월 12일 16시,화요일,충청남도 보령시 대천동,중상사고,0,1,0,0,차대차 - 측면충돌,직진우회전진행방해,건조,맑음,교차로 - 교차로안,승용,남,18세,상해없음,승용,여,27세,중상
2019021200100342,2019년 2월 12일 16시,화요일,충청남도 태안군 안면읍,부상신고사고,0,0,0,1,차량단독 - 기타,안전운전불이행,건조,맑음,단일로 - 기타,화물,남,76세,부상신고,,,,
2019021200100376,2019년 2월 12일 17시,화요일,충청남도 청양군 운곡면,중상사고,0,1,0,0,차대차 - 정면충돌,안전운전불이행,건조,맑음,단일로 - 기타,자전거,여,74세,중상,승용,여,55세,상해없음
2019021200100415,2019년 2월 12일 18시,화요일,충청남도 서천군 기산면,경상사고,0,0,1,1,차대차 - 정면충돌,직진우회전진행방해,건조,맑음,교차로 - 교차로안,승용,남,77세,부상신고,승용,남,49세,경상
2019021200100417,2019년 2월 12일 18시,화요일,충청남도 청양군 청양읍,경상사고,0,0,2,0,차대차 - 측면충돌,신호위반,건조,맑음,교차로 - 교차로안,승용,남,69세,경상,화물,남,56세,경상
2019021200100509,2019년 2월 12일 22시,화요일,충청남도 천안시 서북구 쌍용동,중상사고,0,1,0,0,차량단독 - 공작물충돌,안전운전불이행,건조,맑음,단일로 - 기타,승용,여,20세,중상,,,,
2019021200100510,2019년 2월 12일 22시,화요일,충청남도 천안시 서북구 성정동,경상사고,0,0,1,0,차대차 - 정면충돌,중앙선침범,건조,맑음,단일로 - 기타,이륜,남,43세,상해없음,이륜,남,36세,경상
2019021200100511,2019년 2월 12일 22시,화요일,충청남도 논산시 내동,경상사고,0,0,2,0,차대차 - 정면충돌,중앙선침범,건조,맑음,단일로 - 기타,승용,남,54세,상해없음,승용,남,39세,경상
2019021200100525,2019년 2월 12일 23시,화요일,충청남도 천안시 서북구 두정동,경상사고,0,0,2,0,차대차 - 추돌,안전운전불이행,건조,맑음,교차로 - 교차로부근,승용,남,33세,상해없음,승용,남,51세,경상
2019021300100081,2019년 2월 13일 06시,수요일,충청남도 천안시 서북구 성거읍,사망사고,1,0,0,0,차대차 - 기타,안전운전불이행,건조,맑음,단일로 - 기타,승용,남,36세,상해없음,승용,남,40세,상해없음
2019021300100100,2019년 2월 13일 07시,수요일,충청남도 당진시 읍내리,경상사고,0,0,2,0,차대차 - 추돌,안전운전불이행,건조,맑음,단일로 - 기타,승용,여,48세,경상,승용,남,37세,경상
2019021300100156,2019년 2월 13일 09시,수요일,충청남도 당진시 석문면,사망사고,2,0,1,0,차대차 - 측면충돌,직진우회전진행방해,건조,맑음,교차로 - 교차로안,승용,남,47세,사망,건설기계,남,57세,경상
2019021300100204,2019년 2월 13일 11시,수요일,충청남도 논산시 취암동,경상사고,0,0,1,0,차대사람 - 보도통행중,안전운전불이행,건조,맑음,단일로 - 기타,화물,남,68세,상해없음,보행자,남,86세,경상
2019021300100225,2019년 2월 13일 12시,수요일,충청남도 부여군 규암면,경상사고,0,0,1,0,차대차 - 측면충돌,안전운전불이행,건조,맑음,교차로 - 교차로안,특수,남,57세,상해없음,승용,여,44세,경상
2019021300100249,2019년 2월 13일 13시,수요일,충청남도 보령시 동대동,중상사고,0,1,0,0,차대차 - 측면충돌,직진우회전진행방해,건조,맑음,교차로 - 교차로안,이륜,남,35세,중상,승용,여,58세,상해없음
2019021300100250,2019년 2월 13일 13시,수요일,충청남도 천안시 동남구 오룡동,중상사고,0,1,1,0,차대사람 - 보도통행중,기타,건조,맑음,기타 - 기타,화물,남,35세,상해없음,보행자,여,63세,중상
2019021300100287,2019년 2월 13일 14시,수요일,충청남도 천안시 서북구 쌍용동,경상사고,0,0,2,0,차대차 - 측면충돌,교차로운행방법위반,건조,맑음,교차로 - 교차로안,승용,여,54세,경상,승용,여,42세,경상
2019021300100288,2019년 2월 13일 14시,수요일,충청남도 천안시 동남구 성남면,경상사고,0,0,1,0,차대차 - 측면충돌,안전운전불이행,건조,맑음,단일로 - 기타,화물,남,45세,상해없음,승용,남,59세,경상
2019021300100330,2019년 2월 13일 15시,수요일,충청남도 천안시 서북구 두정동,경상사고,0,0,1,0,차대차 - 측면충돌,차로위반,건조,맑음,단일로 - 기타,건설기계,남,60세,상해없음,승용,남,28세,경상
2019021300100358,2019년 2월 13일 16시,수요일,충청남도 아산시 배방읍,경상사고,0,0,1,0,차대사람 - 횡단중,보행자보호의무위반,기타,맑음,단일로 - 기타,승용,남,53세,상해없음,보행자,남,9세,경상
2019021300100417,2019년 2월 13일 18시,수요일,충청남도 예산군 예산읍,경상사고,0,0,2,0,차대차 - 측면충돌,직진우회전진행방해,건조,맑음,교차로 - 교차로안,승용,남,49세,상해없음,승용,남,75세,경상
2019021300100418,2019년 2월 13일 18시,수요일,충청남도 천안시 동남구 신방동,중상사고,0,1,0,0,차대사람 - 기타,교차로운행방법위반,건조,맑음,교차로 - 교차로안,승용,남,36세,상해없음,보행자,남,31세,중상
2019021300100419,2019년 2월 13일 18시,수요일,충청남도 천안시 동남구 신부동,경상사고,0,0,1,0,차대사람 - 횡단중,보행자보호의무위반,건조,맑음,교차로 - 교차로횡단보도내,승용,남,67세,상해없음,보행자,남,24세,경상
2019021300100420,2019년 2월 13일 18시,수요일,충청남도 천안시 동남구 신방동,경상사고,0,0,3,0,차대차 - 측면충돌,안전거리미확보,건조,맑음,단일로 - 기타,화물,남,58세,상해없음,승용,여,60세,경상
2019021300100421,2019년 2월 13일 18시,수요일,충청남도 천안시 서북구 입장면,경상사고,0,0,1,0,차대차 - 측면충돌,안전운전불이행,건조,맑음,단일로 - 기타,승용,남,62세,상해없음,승용,여,43세,경상
2019021300100509,2019년 2월 13일 20시,수요일,충청남도 천안시 서북구 두정동,중상사고,0,1,0,0,차대차 - 측면충돌,안전운전불이행,건조,맑음,단일로 - 기타,승용,남,24세,상해없음,원동기,남,41세,중상
2019021300100510,2019년 2월 13일 20시,수요일,충청남도 천안시 동남구 청당동,경상사고,0,0,3,0,차대차 - 측면충돌,안전운전불이행,건조,맑음,교차로 - 교차로안,승용,남,62세,상해없음,승용,남,33세,경상
2019021300100552,2019년 2월 13일 22시,수요일,충청남도 아산시 신창면,중상사고,0,1,0,0,차대사람 - 기타,안전운전불이행,건조,맑음,단일로 - 기타,승용,남,28세,상해없음,보행자,남,39세,중상
2019021400100063,2019년 2월 14일 06시,목요일,충청남도 천안시 서북구 불당동,중상사고,0,1,0,0,차대차 - 추돌,안전거리미확보,건조,맑음,교차로 - 교차로부근,승용,남,25세,상해없음,화물,남,68세,중상
2019021400100064,2019년 2월 14일 06시,목요일,충청남도 아산시 배방읍,중상사고,0,1,0,0,차대사람 - 보도통행중,보행자보호의무위반,건조,기타,교차로 - 교차로횡단보도내,승용,여,40세,상해없음,보행자,여,32세,중상
2019021400100065,2019년 2월 14일 06시,목요일,충청남도 예산군 덕산면,경상사고,0,0,1,0,차대차 - 측면충돌,직진우회전진행방해,건조,맑음,교차로 - 교차로부근,승용,남,43세,경상,화물,남,62세,상해없음
2019021400100084,2019년 2월 14일 07시,목요일,충청남도 서산시 갈산동,경상사고,0,0,1,0,차대차 - 측면충돌,안전운전불이행,건조,맑음,기타 - 기타,화물,남,47세,상해없음,승용,남,25세,경상
2019021400100109,2019년 2월 14일 08시,목요일,충청남도 공주시 정안면,경상사고,0,0,3,0,차대차 - 기타,기타,건조,맑음,단일로 - 교량,화물,남,67세,상해없음,승용,남,39세,경상
2019021400100200,2019년 2월 14일 11시,목요일,충청남도 아산시 온천동,중상사고,0,1,0,0,차대사람 - 길가장자리구역통행중,안전운전불이행,건조,맑음,단일로 - 기타,승용,여,67세,상해없음,보행자,여,33세,중상
2019021400100201,2019년 2월 14일 11시,목요일,충청남도 아산시 온천동,경상사고,0,0,1,0,차대사람 - 보도통행중,보행자보호의무위반,건조,맑음,교차로 - 교차로횡단보도내,승용,남,64세,상해없음,보행자,남,49세,경상
2019021400100203,2019년 2월 14일 11시,목요일,충청남도 천안시 동남구 광덕면,경상사고,0,0,4,0,차대차 - 추돌,안전거리미확보,건조,맑음,단일로 - 기타,승용,남,63세,상해없음,승합,남,29세,상해없음
2019021400100229,2019년 2월 14일 12시,목요일,충청남도 금산군 추부면,경상사고,0,0,1,0,차대사람 - 기타,안전운전불이행,건조,맑음,교차로 - 교차로안,승용,여,59세,상해없음,보행자,남,39세,경상
2019021400100230,2019년 2월 14일 12시,목요일,충청남도 금산군 금산읍,경상사고,0,0,3,0,차대사람 - 기타,안전운전불이행,건조,맑음,단일로 - 기타,승용,남,45세,상해없음,보행자,남,35세,경상
2019021400100253,2019년 2월 14일 13시,목요일,충청남도 천안시 서북구 불당동,경상사고,0,0,1,0,차대사람 - 횡단중,보행자보호의무위반,건조,맑음,교차로 - 교차로횡단보도내,승용,여,25세,상해없음,보행자,여,19세,경상
2019021400100254,2019년 2월 14일 13시,목요일,충청남도 아산시 둔포면,중상사고,0,1,0,0,차대차 - 기타,안전운전불이행,건조,맑음,교차로 - 교차로안,승용,여,55세,상해없음,승용,여,49세,중상
2019021400100350,2019년 2월 14일 16시,목요일,충청남도 천안시 서북구 성정동,경상사고,0,0,1,0,차대사람 - 기타,안전운전불이행,건조,맑음,단일로 - 기타,승용,여,27세,상해없음,보행자,여,56세,경상
2019021400100420,2019년 2월 14일 18시,목요일,충청남도 천안시 서북구 성환읍,중상사고,0,1,0,0,차대사람 - 기타,안전운전불이행,건조,맑음,단일로 - 기타,기타불명,기타불명,미분류,기타불명,보행자,여,53세,중상
2019021400100421,2019년 2월 14일 18시,목요일,충청남도 홍성군 홍성읍,중상사고,0,1,3,0,차대차 - 측면충돌,안전운전불이행,건조,맑음,교차로 - 교차로안,승용,남,73세,경상,승용,남,40세,중상
2019021400100422,2019년 2월 14일 18시,목요일,충청남도 아산시 배방읍,경상사고,0,0,1,0,차대차 - 기타,안전운전불이행,건조,맑음,교차로 - 교차로안,승용,남,58세,상해없음,승용,여,39세,경상
2019021400100423,2019년 2월 14일 18시,목요일,충청남도 천안시 동남구 다가동,경상사고,0,0,6,0,차대차 - 기타,중앙선침범,건조,맑음,단일로 - 기타,승합,남,67세,상해없음,승용,여,28세,경상
2019021400100471,2019년 2월 14일 19시,목요일,충청남도 천안시 서북구 불당동,경상사고,0,0,1,0,차대차 - 측면충돌,신호위반,건조,맑음,교차로 - 교차로횡단보도내,승용,여,46세,상해없음,승용,여,48세,경상
2019021400100472,2019년 2월 14일 19시,목요일,충청남도 당진시 읍내리,중상사고,0,1,0,0,차대사람 - 보도통행중,보행자보호의무위반,건조,맑음,교차로 - 교차로횡단보도내,승용,여,31세,상해없음,보행자,남,59세,중상
2019021400100505,2019년 2월 14일 20시,목요일,충청남도 아산시 온천동,중상사고,0,1,0,0,차대사람 - 보도통행중,안전운전불이행,건조,맑음,교차로 - 교차로횡단보도내,승용,남,67세,상해없음,보행자,여,53세,중상