사고번호,사고일시,요일,시군구,사고내용,사망자수,중상자수,경상자수,부상신고자수,사고유형,법규위반,노면상태,기상상태,도로형태,가해운전자 차종,가해운전자 성별,가해운전자 연령,가해운전자 상해정도,피해운전자 차종,피해운전자 성별,피해운전자 연령,피해운전자 상해정도
2019021500100056,2019년 2월 15일 04시,금요일,충청남도 천안시 동남구 원성동,중상사고,0,1,0,0,차대차 - 추돌,안전운전불이행,건조,맑음,교차로 - 교차로부근,승용,여,49세,중상,승합,남,54세,상해없음
2019021500100172,2019년 2월 15일 08시,금요일,충청남도 천안시 서북구 백석동,중상사고,0,1,0,0,차대차 - 기타,안전운전불이행,건조,맑음,교차로 - 교차로안,승용,남,41세,상해없음,승용,여,37세,중상
2019021500100173,2019년 2월 15일 08시,금요일,충청남도 계룡시 엄사면,중상사고,0,1,1,0,차대차 - 측면충돌,중앙선침범,건조,맑음,단일로 - 기타,승용,여,63세,상해없음,화물,남,51세,경상
2019021500100214,2019년 2월 15일 09시,금요일,충청남도 아산시 온천동,중상사고,0,1,0,0,차대차 - 측면충돌,신호위반,건조,맑음,교차로 - 교차로안,승용,남,28세,상해없음,승용,남,83세,중상
2019021500100277,2019년 2월 15일 11시,금요일,충청남도 계룡시 금암동,경상사고,0,0,3,0,차대차 - 측면충돌,신호위반,건조,맑음,교차로 - 교차로안,승용,여,46세,상해없음,승용,여,38세,경상
2019021500100308,2019년 2월 15일 12시,금요일,충청남도 아산시 배미동,중상사고,0,1,0,0,차대차 - 기타,신호위반,건조,맑음,교차로 - 교차로안,이륜,남,79세,중상,승용,여,70세,상해없음
2019021500100309,2019년 2월 15일 12시,금요일,충청남도 당진시 면천면,중상사고,0,1,0,0,차대차 - 추돌,안전운전불이행,건조,맑음,단일로 - 기타,승용,남,41세,상해없음,승용,남,53세,상해없음
2019021500100310,2019년 2월 15일 12시,금요일,충청남도 천안시 서북구 성거읍,경상사고,0,0,1,0,차대차 - 측면충돌,안전거리미확보,건조,흐림,단일로 - 기타,승용,남,52세,상해없음,승용,여,49세,경상
2019021500100329,2019년 2월 15일 13시,금요일,충청남도 서산시 동문동,중상사고,0,1,0,0,차대사람 - 횡단중,보행자보호의무위반,건조,맑음,교차로 - 교차로횡단보도내,승용,남,31세,상해없음,보행자,여,62세,중상
2019021500100331,2019년 2월 15일 13시,금요일,충청남도 청양군 정산면,경상사고,0,0,1,0,차량단독 - 도로외이탈 - 추락,안전운전불이행,건조,맑음,교차로 - 교차로부근,승용,여,65세,경상,,,,
2019021500100373,2019년 2월 15일 14시,금요일,충청남도 서천군 서천읍,중상사고,0,1,0,0,차대차 - 추돌,직진우회전진행방해,건조,맑음,교차로 - 교차로안,승용,남,71세,상해없음,이륜,여,72세,중상
2019021500100404,2019년 2월 15일 15시,금요일,충청남도 공주시 신관동,경상사고,0,0,4,0,차대차 - 추돌,안전운전불이행,건조,맑음,단일로 - 교량,승용,남,52세,상해없음,승용,남,53세,경상
2019021500100431,2019년 2월 15일 16시,금요일,충청남도 천안시 서북구 두정동,중상사고,0,1,1,0,차대차 - 측면충돌,신호위반,젖음/습기,흐림,교차로 - 교차로안,이륜,남,40세,중상,승용,남,31세,경상
2019021500100432,2019년 2월 15일 16시,금요일,충청남도 아산시 배방읍,경상사고,0,0,1,0,차대차 - 기타,교차로운행방법위반,건조,맑음,교차로 - 교차로안,승용,남,33세,상해없음,승용,남,27세,경상
2019021500100433,2019년 2월 15일 16시,금요일,충청남도 태안군 태안읍,경상사고,0,0,1,0,차대차 - 추돌,안전거리미확보,젖음/습기,흐림,교차로 - 교차로부근,승용,남,58세,상해없음,승용,여,40세,경상
2019021500100469,2019년 2월 15일 17시,금요일,충청남도 아산시 둔포면,경상사고,0,0,1,0,차대차 - 추돌,안전운전불이행,젖음/습기,흐림,교차로 - 교차로부근,화물,남,22세,상해없음,승용,남,45세,경상
2019021500100470,2019년 2월 15일 17시,금요일,충청남도 아산시 둔포면,경상사고,0,0,1,0,차대사람 - 기타,안전운전불이행,건조,맑음,단일로 - 기타,승용,여,38세,상해없음,보행자,남,33세,경상
2019021500100503,2019년 2월 15일 18시,금요일,충청남도 서산시 동문동,중상사고,0,1,0,0,차대차 - 측면충돌,교차로운행방법위반,건조,맑음,교차로 - 교차로횡단보도내,이륜,남,76세,중상,승용,남,46세,상해없음
2019021500100504,2019년 2월 15일 18시,금요일,충청남도 천안시 서북구 불당동,경상사고,0,0,1,0,차대차 - 측면충돌,안전운전불이행,젖음/습기,흐림,교차로 - 교차로안,승용,남,59세,상해없음,승용,여,44세,경상
2019021500100505,2019년 2월 15일 18시,금요일,충청남도 논산시 연산면,경상사고,0,0,1,0,차대차 - 기타,안전운전불이행,젖음/습기,흐림,교차로 - 교차로부근,승용,여,66세,상해없음,승용,남,56세,경상
2019021500100506,2019년 2월 15일 18시,금요일,충청남도 아산시 배방읍,중상사고,0,1,0,0,차대차 - 측면충돌,신호위반,건조,맑음,교차로 - 교차로안,승용,남,64세,상해없음,승용,남,58세,중상
2019021500100507,2019년 2월 15일 18시,금요일,충청남도 서천군 한산면,경상사고,0,0,1,1,차대차 - 측면충돌,안전운전불이행,젖음/습기,맑음,단일로 - 기타,화물,남,72세,부상신고,승용,남,54세,경상
2019021500100509,2019년 2월 15일 18시,금요일,충청남도 천안시 동남구 풍세면,중상사고,0,1,0,0,차대차 - 기타,안전운전불이행,건조,맑음,교차로 - 교차로안,승용,여,45세,상해없음,승용,여,65세,중상
2019021500100564,2019년 2월 15일 19시,금요일,충청남도 당진시 송악읍,중상사고,0,1,0,0,차대차 - 추돌,안전운전불이행,젖음/습기,비,교차로 - 교차로부근,승용,남,31세,중상,특수,남,49세,상해없음
2019021500100610,2019년 2월 15일 20시,금요일,충청남도 천안시 서북구 백석동,경상사고,0,0,1,0,차대차 - 측면충돌,신호위반,젖음/습기,눈,교차로 - 교차로안,승용,여,49세,상해없음,승용,여,39세,경상
2019021500100637,2019년 2월 15일 21시,금요일,충청남도 서산시 읍내동,경상사고,0,0,2,0,차대차 - 측면충돌,교차로운행방법위반,건조,맑음,교차로 - 교차로안,승용,여,35세,상해없음,승용,남,70세,경상
2019021500100638,2019년 2월 15일 21시,금요일,충청남도 아산시 배방읍,경상사고,0,0,1,2,차대차 - 기타,안전운전불이행,건조,맑음,단일로 - 기타,승용,여,23세,상해없음,승용,남,63세,경상
2019021500100639,2019년 2월 15일 21시,금요일,충청남도 공주시 신관동,경상사고,0,0,1,0,차대차 - 측면충돌,직진우회전진행방해,젖음/습기,비,교차로 - 교차로안,승용,남,29세,기타불명,승용,남,31세,경상
2019021500100681,2019년 2월 15일 23시,금요일,충청남도 서산시 대산읍,경상사고,0,0,1,0,차대사람 - 횡단중,안전운전불이행,건조,맑음,기타 - 기타,승용,남,28세,상해없음,보행자,남,26세,경상
2019021600100055,2019년 2월 16일 02시,토요일,충청남도 보령시 남포면,경상사고,0,0,1,0,차량단독 - 기타,안전운전불이행,건조,맑음,단일로 - 기타,승용,남,23세,상해없음,,,,
2019021600100078,2019년 2월 16일 05시,토요일,충청남도 서산시 대산읍,경상사고,0,0,1,0,차대차 - 추돌,중앙선침범,건조,맑음,교차로 - 교차로부근,승용,남,35세,상해없음,승용,남,53세,경상
2019021600100090,2019년 2월 16일 06시,토요일,충청남도 아산시 탕정면,경상사고,0,0,1,0,차대차 - 기타,신호위반,적설,눈,교차로 - 교차로안,승용,여,49세,상해없음,승용,여,27세,경상
2019021600100159,2019년 2월 16일 10시,토요일,충청남도 홍성군 홍성읍,중상사고,0,2,0,0,차대차 - 추돌,안전운전불이행,건조,맑음,교차로 - 교차로부근,화물,남,51세,상해없음,승용,남,57세,중상
2019021600100256,2019년 2월 16일 13시,토요일,충청남도 천안시 서북구 두정동,경상사고,0,0,1,0,차대차 - 추돌,안전거리미확보,건조,맑음,교차로 - 교차로안,화물,남,44세,상해없음,승용,남,33세,경상
2019021600100258,2019년 2월 16일 13시,토요일,충청남도 천안시 동남구 병천면,경상사고,0,0,1,0,차대사람 - 기타,안전운전불이행,건조,맑음,단일로 - 기타,승용,남,80세,상해없음,보행자,남,71세,경상
2019021600100259,2019년 2월 16일 13시,토요일,충청남도 태안군 태안읍,경상사고,0,0,2,0,차대차 - 측면충돌,직진우회전진행방해,건조,맑음,교차로 - 교차로안,화물,남,68세,경상,승용,남,68세,경상
2019021600100331,2019년 2월 16일 15시,토요일,충청남도 천안시 서북구 성성동,경상사고,0,0,3,0,차대차 - 추돌,안전운전불이행,건조,맑음,교차로 - 교차로부근,승용,남,45세,상해없음,승용,여,57세,경상
2019021600100332,2019년 2월 16일 15시,토요일,충청남도 천안시 서북구 성정동,경상사고,0,0,1,0,차대차 - 측면충돌,교차로운행방법위반,젖음/습기,맑음,교차로 - 교차로안,이륜,남,43세,경상,승용,남,27세,상해없음
2019021600100333,2019년 2월 16일 15시,토요일,충청남도 아산시 온천동,경상사고,0,0,3,0,차대차 - 측면충돌,안전운전불이행,건조,맑음,교차로 - 교차로횡단보도내,화물,남,57세,상해없음,승용,남,49세,경상
2019021600100379,2019년 2월 16일 16시,토요일,충청남도 천안시 동남구 성남면,중상사고,0,7,14,0,차대차 - 기타,안전운전불이행,건조,맑음,단일로 - 기타,승용,남,24세,중상,승합,남,50세,경상
2019021600100460,2019년 2월 16일 18시,토요일,충청남도 서산시 지곡면,중상사고,0,4,2,0,차대차 - 추돌,안전운전불이행,건조,맑음,교차로 - 교차로부근,승용,남,42세,상해없음,승용,남,53세,경상
2019021600100492,2019년 2월 16일 19시,토요일,충청남도 서천군 서천읍,경상사고,0,0,1,0,차대차 - 측면충돌,기타,건조,맑음,교차로 - 교차로안,승합,남,53세,상해없음,승용,남,36세,상해없음
2019021600100564,2019년 2월 16일 21시,토요일,충청남도 서산시 석림동,중상사고,0,1,0,0,차대사람 - 횡단중,안전운전불이행,건조,맑음,단일로 - 기타,승용,여,59세,상해없음,보행자,남,61세,중상
2019021600100565,2019년 2월 16일 21시,토요일,충청남도 보령시 동대동,중상사고,0,1,1,0,차대차 - 측면충돌,신호위반,건조,맑음,교차로 - 교차로부근,이륜,남,21세,중상,승용,남,50세,경상
2019021700100086,2019년 2월 17일 03시,일요일,충청남도 서산시 석림동,부상신고사고,0,0,0,1,차대차 - 측면충돌,차로위반,건조,맑음,단일로 - 기타,이륜,남,38세,부상신고,승용,남,27세,상해없음
2019021700100197,2019년 2월 17일 12시,일요일,충청남도 천안시 서북구 성정동,경상사고,0,0,1,0,차대차 - 측면충돌,안전거리미확보,건조,맑음,단일로 - 기타,승합,남,63세,상해없음,이륜,남,20세,경상
2019021700100217,2019년 2월 17일 13시,일요일,충청남도 천안시 서북구 백석동,경상사고,0,0,1,0,차대차 - 기타,차로위반,건조,맑음,단일로 - 기타,승용,남,53세,상해없음,승용,남,53세,경상
2019021700100239,2019년 2월 17일 14시,일요일,충청남도 당진시 송악읍,경상사고,0,0,1,0,차대차 - 기타,안전운전불이행,건조,맑음,단일로 - 기타,승용,여,55세,기타불명,승용,남,51세,경상
2019021700100240,2019년 2월 17일 14시,일요일,충청남도 천안시 동남구 수신면,중상사고,0,1,1,0,차대차 - 추돌,안전운전불이행,건조,맑음,단일로 - 기타,승용,남,27세,상해없음,승용,남,38세,경상
2019021700100265,2019년 2월 17일 15시,일요일,충청남도 천안시 서북구 신당동,부상신고사고,0,0,0,1,차대사람 - 기타,안전운전불이행,건조,맑음,단일로 - 기타,승용,남,30세,상해없음,보행자,여,2세,부상신고
2019021700100266,2019년 2월 17일 15시,일요일,충청남도 아산시 도고면,중상사고,0,1,0,0,차대차 - 기타,안전운전불이행,건조,맑음,교차로 - 교차로안,승용,남,50세,상해없음,승용,남,59세,중상
2019021700100349,2019년 2월 17일 18시,일요일,충청남도 천안시 서북구 두정동,경상사고,0,0,1,0,차대사람 - 차도통행중,안전운전불이행,건조,맑음,단일로 - 기타,승용,남,36세,상해없음,보행자,남,46세,경상
2019021700100350,2019년 2월 17일 18시,일요일,충청남도 천안시 서북구 성성동,경상사고,0,0,1,0,차대차 - 측면충돌,안전거리미확보,건조,맑음,단일로 - 기타,승용,남,61세,상해없음,이륜,남,28세,경상
2019021700100351,2019년 2월 17일 18시,일요일,충청남도 아산시 배방읍,경상사고,0,0,1,0,차대차 - 측면충돌,차로위반,건조,맑음,교차로 - 교차로안,승용,여,43세,상해없음,승용,여,33세,경상
2019021700100352,2019년 2월 17일 18시,일요일,충청남도 천안시 동남구 봉명동,경상사고,0,0,1,0,차대차 - 기타,교차로운행방법위반,건조,맑음,교차로 - 교차로안,화물,남,72세,상해없음,승합,남,58세,상해없음
2019021700100392,2019년 2월 17일 19시,일요일,충청남도 천안시 동남구 신부동,경상사고,0,0,1,0,차대차 - 기타,안전운전불이행,건조,맑음,단일로 - 기타,승용,남,52세,상해없음,이륜,남,30세,경상
2019021800100031,2019년 2월 18일 00시,월요일,충청남도 논산시 취암동,중상사고,0,1,0,0,차대사람 - 횡단중,안전운전불이행,건조,맑음,교차로 - 교차로부근,이륜,남,18세,상해없음,보행자,남,57세,중상
2019021800100102,2019년 2월 18일 07시,월요일,충청남도 천안시 서북구 직산읍,경상사고,0,0,1,0,차대차 - 기타,안전운전불이행,건조,맑음,교차로 - 교차로안,승합,남,53세,상해없음,승용,남,45세,경상
2019021800100103,2019년 2월 18일 07시,월요일,충청남도 천안시 동남구 광덕면,중상사고,0,1,0,0,차대차 - 측면충돌,안전운전불이행,건조,맑음,단일로 - 기타,승용,남,51세,중상,건설기계,남,45세,상해없음
2019021800100134,2019년 2월 18일 08시,월요일,충청남도 아산시 배방읍,경상사고,0,0,2,0,차대사람 - 횡단중,보행자보호의무위반,건조,맑음,교차로 - 교차로횡단보도내,승용,남,42세,기타불명,보행자,남,32세,경상
2019021800100135,2019년 2월 18일 08시,월요일,충청남도 공주시 신관동,경상사고,0,0,2,1,차대차 - 측면충돌,직진우회전진행방해,건조,맑음,교차로 - 교차로안,승용,여,38세,부상신고,승용,남,35세,경상
2019021800100189,2019년 2월 18일 10시,월요일,충청남도 서천군 서면,경상사고,0,0,1,0,차대차 - 측면충돌,신호위반,건조,맑음,교차로 - 교차로안,건설기계,남,52세,상해없음,승용,남,59세,경상
2019021800100190,2019년 2월 18일 10시,월요일,충청남도 금산군 금성면,사망사고,1,0,1,0,차대차 - 측면충돌,직진우회전진행방해,건조,맑음,교차로 - 교차로안,화물,남,67세,상해없음,이륜,남,75세,사망
2019021800100212,2019년 2월 18일 11시,월요일,충청남도 공주시 중동,부상신고사고,0,0,0,1,차대차 - 측면충돌,안전운전불이행,건조,흐림,단일로 - 기타,승용,남,71세,부상신고,승용,여,49세,상해없음
2019021800100213,2019년 2월 18일 11시,월요일,충청남도 천안시 동남구 안서동,경상사고,0,0,4,0,차대차 - 추돌,안전운전불이행,건조,맑음,교차로 - 교차로부근,승용,남,49세,경상,승용,남,22세,경상
2019021800100242,2019년 2월 18일 12시,월요일,충청남도 보령시 신흑동,경상사고,0,0,3,0,차대차 - 측면충돌,직진우회전진행방해,건조,맑음,교차로 - 교차로안,사륜오토바이(ATV),남,19세,상해없음,승용,남,21세,경상
2019021800100288,2019년 2월 18일 14시,월요일,충청남도 아산시 둔포면,경상사고,0,0,1,0,차대차 - 측면충돌,안전운전불이행,건조,맑음,교차로 - 교차로안,승용,여,50세,상해없음,승용,여,51세,경상
2019021800100418,2019년 2월 18일 18시,월요일,충청남도 홍성군 홍북읍,경상사고,0,0,1,0,차대차 - 정면충돌,안전운전불이행,건조,맑음,교차로 - 교차로안,승용,남,22세,상해없음,승용,여,49세,경상
2019021800100419,2019년 2월 18일 18시,월요일,충청남도 예산군 신양면,중상사고,0,1,0,0,차대차 - 측면충돌,신호위반,건조,맑음,교차로 - 교차로안,승용,여,57세,상해없음,자전거,남,83세,중상
2019021800100420,2019년 2월 18일 18시,월요일,충청남도 천안시 동남구 원성동,경상사고,0,0,1,0,차대차 - 측면충돌,안전운전불이행,건조,맑음,단일로 - 기타,승용,남,55세,상해없음,승용,여,34세,경상
2019021800100453,2019년 2월 18일 19시,월요일,충청남도 아산시 온천동,경상사고,0,0,1,0,차대사람 - 기타,안전운전불이행,건조,맑음,단일로 - 기타,승용,남,52세,상해없음,보행자,여,50세,경상
2019021800100537,2019년 2월 18일 22시,월요일,충청남도 공주시 신관동,경상사고,0,0,2,0,차대차 - 측면충돌,신호위반,건조,맑음,교차로 - 교차로부근,이륜,남,19세,경상,승용,남,37세,경상
2019021900100023,2019년 2월 19일 00시,화요일,충청남도 서산시 읍내동,경상사고,0,0,1,0,차대사람 - 차도통행중,안전운전불이행,젖음/습기,흐림,단일로 - 기타,승용,남,45세,상해없음,보행자,남,31세,경상
2019021900100053,2019년 2월 19일 02시,화요일,충청남도 공주시 금성동,중상사고,0,1,1,0,차량단독 - 공작물충돌,안전운전불이행,서리/결빙,눈,단일로 - 기타,승용,남,54세,상해없음,,,,
2019021900100165,2019년 2월 19일 09시,화요일,충청남도 보령시 명천동,경상사고,0,0,2,0,차대차 - 측면충돌,안전운전불이행,건조,맑음,단일로 - 기타,승용,여,53세,경상,승용,남,48세,경상
2019021900100166,2019년 2월 19일 09시,화요일,충청남도 예산군 삽교읍,경상사고,0,0,2,0,차대차 - 측면충돌,직진우회전진행방해,젖음/습기,비,교차로 - 교차로안,승용,남,51세,경상,승용,남,54세,경상
2019021900100167,2019년 2월 19일 09시,화요일,충청남도 천안시 동남구 성남면,중상사고,0,1,0,0,차량단독 - 기타,안전운전불이행,젖음/습기,비,단일로 - 기타,승합,남,62세,상해없음,,,,
2019021900100220,2019년 2월 19일 11시,화요일,충청남도 논산시 연무읍,경상사고,0,0,1,0,차대차 - 추돌,안전운전불이행,젖음/습기,비,교차로 - 교차로부근,승용,여,52세,상해없음,승용,여,51세,경상
2019021900100221,2019년 2월 19일 11시,화요일,충청남도 홍성군 홍북읍,사망사고,1,0,0,0,차량단독 - 공작물충돌,안전운전불이행,젖음/습기,비,단일로 - 기타,승용,여,26세,상해없음,,,,
2019021900100222,2019년 2월 19일 11시,화요일,충청남도 천안시 동남구 구성동,부상신고사고,0,0,0,1,차대차 - 추돌,안전운전불이행,건조,맑음,단일로 - 기타,화물,남,51세,부상신고,화물,남,41세,상해없음
2019021900100267,2019년 2월 19일 13시,화요일,충청남도 보령시 대천동,중상사고,0,1,0,0,차대사람 - 횡단중,안전운전불이행,젖음/습기,흐림,교차로 - 교차로안,이륜,남,26세,상해없음,보행자,남,83세,중상
2019021900100298,2019년 2월 19일 14시,화요일,충청남도 천안시 동남구 신부동,경상사고,0,0,1,0,차대차 - 측면충돌,안전운전불이행,건조,맑음,단일로 - 기타,이륜,남,37세,경상,승용,남,58세,상해없음
2019021900100332,2019년 2월 19일 15시,화요일,충청남도 서산시 동문동,경상사고,0,0,1,0,차대사람 - 횡단중,안전운전불이행,건조,맑음,단일로 - 기타,승용,남,55세,상해없음,보행자,여,42세,경상
2019021900100354,2019년 2월 19일 16시,화요일,충청남도 천안시 서북구 쌍용동,경상사고,0,0,1,0,차대차 - 측면충돌,차로위반,건조,맑음,교차로 - 교차로안,승합,남,64세,상해없음,승용,남,43세,경상
2019021900100375,2019년 2월 19일 17시,화요일,충청남도 천안시 서북구 성정동,경상사고,0,0,1,0,차대사람 - 기타,안전운전불이행,젖음/습기,맑음,단일로 - 기타,승용,남,57세,상해없음,보행자,남,48세,경상
2019021900100376,2019년 2월 19일 17시,화요일,충청남도 천안시 동남구 봉명동,경상사고,0,0,1,0,차대차 - 측면충돌,안전운전불이행,건조,맑음,교차로 - 교차로안,승용,여,56세,상해없음,이륜,남,24세,경상
2019021900100412,2019년 2월 19일 18시,화요일,충청남도 천안시 동남구 청당동,경상사고,0,0,1,0,차대차 - 추돌,안전운전불이행,건조,맑음,단일로 - 기타,승용,여,33세,상해없음,승용,남,43세,경상
2019021900100413,2019년 2월 19일 18시,화요일,충청남도 천안시 동남구 목천읍,경상사고,0,0,1,0,차대차 - 추돌,안전운전불이행,건조,맑음,교차로 - 교차로부근,승용,남,58세,상해없음,승용,남,28세,경상
2019021900100451,2019년 2월 19일 19시,화요일,충청남도 서산시 예천동,중상사고,0,1,0,0,차대차 - 측면충돌,직진우회전진행방해,건조,맑음,교차로 - 교차로안,승용,남,27세,상해없음,이륜,남,21세,중상
2019021900100452,2019년 2월 19일 19시,화요일,충청남도 아산시 배방읍,경상사고,0,0,2,0,차대차 - 기타,안전운전불이행,건조,맑음,기타 - 기타,승용,여,47세,상해없음,승용,여,32세,상해없음
2019021900100482,2019년 2월 19일 20시,화요일,충청남도 천안시 서북구 두정동,경상사고,0,0,1,0,차대차 - 측면충돌,안전거리미확보,건조,맑음,단일로 - 기타,이륜,남,38세,경상,승용,남,55세,상해없음
2019021900100483,2019년 2월 19일 20시,화요일,충청남도 천안시 동남구 신부동,경상사고,0,0,1,0,차대차 - 측면충돌,안전운전불이행,건조,맑음,단일로 - 기타,승용,남,47세,상해없음,승용,남,33세,경상
2019021900100499,2019년 2월 19일 21시,화요일,충청남도 청양군 대치면,중상사고,0,1,4,0,차량단독 - 공작물충돌,안전운전불이행,서리/결빙,흐림,단일로 - 고가도로위,승합,남,60세,상해없음,,,,
2019021900100536,2019년 2월 19일 23시,화요일,충청남도 서산시 석남동,경상사고,0,0,2,0,차대차 - 측면충돌,신호위반,건조,맑음,교차로 - 교차로안,승용,남,62세,상해없음,승용,남,56세,경상
2019021900100537,2019년 2월 19일 23시,화요일,충청남도 천안시 서북구 백석동,경상사고,0,0,1,0,차량단독 - 기타,안전운전불이행,건조,맑음,단일로 - 기타,승합,남,58세,상해없음,,,,
2019021900100538,2019년 2월 19일 23시,화요일,충청남도 천안시 동남구 풍세면,경상사고,0,0,1,0,차대사람 - 기타,안전운전불이행,건조,맑음,단일로 - 기타,승합,남,41세,상해없음,보행자,남,41세,경상
2019022000100023,2019년 2월 20일 00시,수요일,충청남도 천안시 서북구 불당동,경상사고,0,0,1,0,차대차 - 추돌,안전운전불이행,건조,맑음,단일로 - 기타,승용,여,49세,상해없음,승용,남,34세,경상
2019022000100052,2019년 2월 20일 04시,수요일,충청남도 천안시 서북구 두정동,경상사고,0,0,2,0,차대차 - 측면충돌,신호위반,건조,맑음,교차로 - 교차로안,승용,남,48세,경상,승용,남,37세,경상
2019022000100071,2019년 2월 20일 06시,수요일,충청남도 당진시 수청리,중상사고,0,2,0,0,차대차 - 기타,신호위반,건조,기타,교차로 - 교차로안,승용,남,27세,상해없음,승용,여,64세,중상
2019022000100091,2019년 2월 20일 07시,수요일,충청남도 태안군 태안읍,중상사고,0,1,0,0,차량단독 - 공작물충돌,안전운전불이행,건조,맑음,단일로 - 기타,승용,남,36세,중상,,,,
2019022000100114,2019년 2월 20일 08시,수요일,충청남도 천안시 서북구 두정동,경상사고,0,0,1,0,차대차 - 정면충돌,중앙선침범,건조,맑음,단일로 - 기타,승용,남,30세,상해없음,승용,여,44세,경상
2019022000100115,2019년 2월 20일 08시,수요일,충청남도 공주시 신관동,경상사고,0,0,3,0,차대차 - 측면충돌,신호위반,젖음/습기,맑음,교차로 - 교차로안,승용,남,18세,상해없음,승용,남,35세,경상
2019022000100140,2019년 2월 20일 09시,수요일,충청남도 공주시 정안면,중상사고,0,2,0,0,차대차 - 추돌,안전운전불이행,건조,맑음,단일로 - 기타,특수,남,64세,상해없음,화물,남,74세,중상
2019022000100142,2019년 2월 20일 09시,수요일,충청남도 당진시 합덕읍,경상사고,0,0,1,0,차대차 - 후진중충돌,안전운전불이행,건조,맑음,기타 - 기타,화물,남,51세,상해없음,승용,여,60세,경상
2019022000100143,2019년 2월 20일 09시,수요일,충청남도 청양군 남양면,중상사고,0,1,1,0,차대차 - 측면충돌,중앙선침범,건조,맑음,교차로 - 교차로부근,승용,남,46세,경상,승용,남,54세,중상
2019022000100164,2019년 2월 20일 10시,수요일,충청남도 천안시 서북구 불당동,중상사고,0,2,1,0,차대차 - 추돌,안전운전불이행,건조,맑음,단일로 - 기타,승용,여,51세,상해없음,승용,여,44세,중상
2019022000100165,2019년 2월 20일 10시,수요일,미분류 미분류 미분류,중상사고,0,5,4,0,차대차 - 추돌,안전운전불이행,건조,흐림,교차로 - 교차로부근,승합,남,48세,상해없음,승용,여,48세,중상
2019022000100166,2019년 2월 20일 10시,수요일,충청남도 보령시 대천동,경상사고,0,0,1,0,차대차 - 후진중충돌,안전운전불이행,건조,맑음,단일로 - 기타,승용,남,73세,상해없음,승용,여,55세,경상
2019022000100202,2019년 2월 20일 11시,수요일,충청남도 논산시 광석면,중상사고,0,2,2,0,차대차 - 측면충돌,교차로운행방법위반,건조,맑음,교차로 - 교차로안,화물,남,51세,상해없음,화물,남,67세,경상
2019022000100279,2019년 2월 20일 14시,수요일,충청남도 보령시 동대동,경상사고,0,0,1,0,차대차 - 측면충돌,직진우회전진행방해,건조,맑음,교차로 - 교차로안,승용,남,39세,상해없음,승용,여,34세,경상
2019022000100280,2019년 2월 20일 14시,수요일,충청남도 공주시 우성면,중상사고,0,1,0,0,차대사람 - 기타,교차로운행방법위반,건조,맑음,교차로 - 교차로안,특수,남,44세,상해없음,보행자,여,85세,중상
2019022000100313,2019년 2월 20일 15시,수요일,충청남도 아산시 배방읍,중상사고,0,2,2,0,차대차 - 정면충돌,중앙선침범,건조,맑음,교차로 - 교차로부근,승용,여,58세,중상,승용,남,31세,중상
2019022000100314,2019년 2월 20일 15시,수요일,충청남도 서천군 서천읍,경상사고,0,0,3,0,차대차 - 측면충돌,직진우회전진행방해,건조,맑음,교차로 - 교차로안,승용,여,46세,경상,승용,여,53세,경상
2019022000100373,2019년 2월 20일 17시,수요일,충청남도 태안군 원북면,사망사고,1,1,0,0,차대차 - 정면충돌,중앙선침범,건조,맑음,단일로 - 기타,화물,남,47세,사망,화물,남,29세,중상
2019022000100404,2019년 2월 20일 18시,수요일,충청남도 천안시 서북구 성정동,경상사고,0,0,1,0,차대차 - 측면충돌,교차로운행방법위반,건조,맑음,교차로 - 교차로안,승용,여,44세,상해없음,이륜,남,30세,경상
2019022000100405,2019년 2월 20일 18시,수요일,충청남도 논산시 취암동,중상사고,0,1,1,0,차대차 - 측면충돌,신호위반,건조,맑음,교차로 - 교차로안,승용,여,74세,상해없음,화물,남,46세,중상
2019022000100407,2019년 2월 20일 18시,수요일,충청남도 천안시 동남구 문화동,경상사고,0,0,1,0,차대사람 - 횡단중,기타,건조,맑음,기타 - 기타,승용,여,36세,상해없음,보행자,여,39세,경상
2019022000100458,2019년 2월 20일 19시,수요일,충청남도 서산시 팔봉면,부상신고사고,0,0,0,1,차량단독 - 전도전복 - 전복,안전운전불이행,건조,맑음,단일로 - 기타,승용,여,40세,부상신고,,,,
2019022000100459,2019년 2월 20일 19시,수요일,충청남도 논산시 내동,경상사고,0,0,2,0,차대차 - 측면충돌,안전거리미확보,건조,맑음,단일로 - 기타,이륜,남,20세,경상,승용,여,48세,경상
2019022000100460,2019년 2월 20일 19시,수요일,충청남도 아산시 모종동,경상사고,0,0,1,0,차대차 - 측면충돌,안전운전불이행,건조,맑음,교차로 - 교차로안,승용,남,69세,상해없음,승용,남,33세,경상
2019022000100461,2019년 2월 20일 19시,수요일,충청남도 천안시 동남구 신부동,경상사고,0,0,1,0,차대사람 - 기타,안전운전불이행,건조,맑음,단일로 - 기타,승용,남,21세,상해없음,보행자,여,21세,경상
2019022000100491,2019년 2월 20일 20시,수요일,충청남도 천안시 동남구 원성동,경상사고,0,0,3,0,차대차 - 추돌,안전운전불이행,건조,맑음,교차로 - 교차로부근,승용,남,34세,경상,승용,남,46세,경상