사고번호,사고일시,요일,시군구,사고내용,사망자수,중상자수,경상자수,부상신고자수,사고유형,법규위반,노면상태,기상상태,도로형태,가해운전자 차종,가해운전자 성별,가해운전자 연령,가해운전자 상해정도,피해운전자 차종,피해운전자 성별,피해운전자 연령,피해운전자 상해정도
2019022600100054,2019년 2월 26일 05시,화요일,충청남도 서산시 지곡면,중상사고,0,1,0,0,차대사람 - 차도통행중,안전운전불이행,건조,맑음,단일로 - 기타,승용,남,80세,상해없음,보행자,남,76세,중상
2019022600100055,2019년 2월 26일 05시,화요일,충청남도 당진시 수청리,중상사고,0,1,0,0,차대차 - 추돌,안전운전불이행,건조,맑음,단일로 - 기타,승용,남,38세,상해없음,사륜오토바이(ATV),남,76세,중상
2019022600100109,2019년 2월 26일 08시,화요일,충청남도 서산시 동문동,경상사고,0,0,1,0,차대사람 - 횡단중,안전운전불이행,건조,맑음,교차로 - 교차로부근,화물,남,49세,상해없음,보행자,여,38세,경상
2019022600100145,2019년 2월 26일 09시,화요일,충청남도 서산시 동문동,중상사고,0,1,0,0,차대차 - 측면충돌,안전운전불이행,건조,맑음,교차로 - 교차로안,승용,여,34세,상해없음,사륜오토바이(ATV),남,88세,중상
2019022600100146,2019년 2월 26일 09시,화요일,충청남도 천안시 동남구 문화동,경상사고,0,0,1,0,차대차 - 기타,안전운전불이행,건조,맑음,단일로 - 기타,승용,남,47세,상해없음,이륜,남,42세,경상
2019022600100147,2019년 2월 26일 09시,화요일,충청남도 천안시 동남구 원성동,부상신고사고,0,0,0,1,차대사람 - 기타,안전운전불이행,건조,맑음,단일로 - 기타,승합,남,50세,상해없음,보행자,남,76세,부상신고
2019022600100172,2019년 2월 26일 10시,화요일,충청남도 보령시 동대동,중상사고,0,2,0,0,차대차 - 측면충돌,안전운전불이행,건조,맑음,단일로 - 기타,화물,남,42세,상해없음,승합,남,65세,중상
2019022600100237,2019년 2월 26일 12시,화요일,충청남도 천안시 동남구 용곡동,경상사고,0,0,2,0,차대차 - 추돌,안전거리미확보,건조,맑음,단일로 - 기타,승용,남,42세,상해없음,승용,여,64세,경상
2019022600100266,2019년 2월 26일 13시,화요일,충청남도 천안시 서북구 성정동,경상사고,0,0,1,0,차대차 - 측면충돌,안전운전불이행,건조,맑음,교차로 - 교차로안,승용,여,27세,상해없음,승용,남,27세,경상
2019022600100267,2019년 2월 26일 13시,화요일,충청남도 서천군 서천읍,중상사고,0,1,0,0,차대차 - 측면충돌,직진우회전진행방해,건조,맑음,교차로 - 교차로안,승용,남,44세,상해없음,이륜,남,81세,중상
2019022600100329,2019년 2월 26일 15시,화요일,충청남도 홍성군 홍성읍,중상사고,0,1,0,0,차대차 - 측면충돌,안전운전불이행,건조,맑음,교차로 - 교차로안,이륜,남,72세,중상,승합,여,55세,상해없음
2019022600100330,2019년 2월 26일 15시,화요일,충청남도 홍성군 광천읍,중상사고,0,1,0,0,차대차 - 측면충돌,안전운전불이행,건조,맑음,단일로 - 기타,화물,남,36세,상해없음,이륜,남,67세,중상
2019022600100331,2019년 2월 26일 15시,화요일,충청남도 아산시 모종동,경상사고,0,0,1,0,차대차 - 기타,신호위반,건조,맑음,교차로 - 교차로안,승용,여,56세,상해없음,승용,여,35세,경상
2019022600100332,2019년 2월 26일 15시,화요일,충청남도 서천군 서천읍,중상사고,0,1,1,0,차대차 - 측면충돌,직진우회전진행방해,건조,맑음,교차로 - 교차로안,승합,남,63세,경상,승용,남,68세,중상
2019022600100365,2019년 2월 26일 16시,화요일,충청남도 당진시 원당리,중상사고,0,1,0,0,차대차 - 기타,차로위반,건조,맑음,교차로 - 교차로안,이륜,남,86세,중상,승합,여,49세,상해없음
2019022600100400,2019년 2월 26일 17시,화요일,충청남도 서산시 예천동,중상사고,0,1,0,0,차대사람 - 횡단중,신호위반,건조,맑음,교차로 - 교차로횡단보도내,승용,여,40세,상해없음,보행자,여,5세,중상
2019022600100431,2019년 2월 26일 18시,화요일,충청남도 천안시 서북구 성정동,경상사고,0,0,1,0,차대차 - 측면충돌,교차로운행방법위반,건조,맑음,교차로 - 교차로안,이륜,남,66세,경상,승용,남,57세,상해없음
2019022600100432,2019년 2월 26일 18시,화요일,충청남도 아산시 신창면,중상사고,0,1,0,0,차대사람 - 길가장자리구역통행중,안전운전불이행,건조,맑음,단일로 - 기타,승용,남,76세,상해없음,보행자,여,64세,중상
2019022600100433,2019년 2월 26일 18시,화요일,충청남도 예산군 광시면,중상사고,0,1,0,0,차대사람 - 차도통행중,안전운전불이행,건조,맑음,단일로 - 기타,화물,남,53세,상해없음,보행자,남,81세,중상
2019022600100434,2019년 2월 26일 18시,화요일,충청남도 태안군 태안읍,경상사고,0,0,2,0,차대차 - 추돌,안전운전불이행,건조,맑음,교차로 - 교차로부근,승용,남,69세,상해없음,승용,여,48세,경상
2019022600100496,2019년 2월 26일 20시,화요일,충청남도 태안군 태안읍,중상사고,0,1,0,0,차대차 - 정면충돌,직진우회전진행방해,건조,맑음,교차로 - 교차로안,승용,남,58세,상해없음,승용,남,50세,중상
2019022600100516,2019년 2월 26일 21시,화요일,충청남도 서산시 석림동,중상사고,0,1,0,0,차대차 - 측면충돌,직진우회전진행방해,건조,맑음,교차로 - 교차로안,승용,여,47세,상해없음,이륜,여,62세,중상
2019022600100517,2019년 2월 26일 21시,화요일,충청남도 천안시 서북구 불당동,중상사고,0,1,0,0,차대차 - 측면충돌,안전거리미확보,건조,맑음,단일로 - 기타,승용,남,46세,상해없음,이륜,남,33세,중상
2019022600100518,2019년 2월 26일 21시,화요일,충청남도 논산시 내동,경상사고,0,0,3,0,차대차 - 측면충돌,직진우회전진행방해,건조,맑음,교차로 - 교차로안,승용,남,37세,경상,승용,여,50세,경상
2019022600100536,2019년 2월 26일 22시,화요일,충청남도 천안시 서북구 두정동,경상사고,0,0,1,0,차대사람 - 보도통행중,안전운전불이행,건조,맑음,단일로 - 기타,승용,남,34세,상해없음,보행자,남,22세,경상
2019022700100046,2019년 2월 27일 02시,수요일,충청남도 천안시 서북구 불당동,경상사고,0,0,2,0,차대차 - 측면충돌,신호위반,건조,맑음,교차로 - 교차로안,승용,남,30세,상해없음,승용,남,35세,경상
2019022700100135,2019년 2월 27일 09시,수요일,충청남도 홍성군 홍성읍,중상사고,0,1,0,0,차대차 - 정면충돌,신호위반,건조,맑음,교차로 - 교차로안,승용,여,44세,상해없음,승용,남,52세,중상
2019022700100172,2019년 2월 27일 10시,수요일,충청남도 천안시 동남구 성황동,경상사고,0,0,1,0,차대차 - 측면충돌,안전운전불이행,건조,맑음,단일로 - 기타,화물,남,74세,상해없음,승합,남,39세,경상
2019022700100229,2019년 2월 27일 12시,수요일,충청남도 당진시 신평면,중상사고,0,1,0,0,차대차 - 측면충돌,안전거리미확보,건조,맑음,단일로 - 기타,화물,남,67세,상해없음,승용,남,49세,중상
2019022700100230,2019년 2월 27일 12시,수요일,충청남도 천안시 동남구 병천면,중상사고,0,1,0,0,차대차 - 측면충돌,안전운전불이행,건조,맑음,단일로 - 기타,승용,여,45세,상해없음,이륜,남,69세,중상
2019022700100258,2019년 2월 27일 13시,수요일,충청남도 서산시 예천동,중상사고,0,1,0,0,차대차 - 측면충돌,안전운전불이행,건조,맑음,교차로 - 교차로안,화물,남,59세,상해없음,승용,여,35세,중상
2019022700100317,2019년 2월 27일 15시,수요일,충청남도 천안시 서북구 성정동,경상사고,0,0,1,0,차대차 - 측면충돌,안전운전불이행,건조,맑음,단일로 - 기타,원동기,남,21세,경상,승용,여,56세,상해없음
2019022700100346,2019년 2월 27일 16시,수요일,충청남도 천안시 동남구 원성동,경상사고,0,0,1,0,차대차 - 기타,교차로운행방법위반,건조,맑음,교차로 - 교차로안,화물,남,58세,상해없음,자전거,여,63세,경상
2019022700100429,2019년 2월 27일 18시,수요일,충청남도 천안시 서북구 두정동,경상사고,0,0,1,0,차대사람 - 횡단중,안전운전불이행,건조,맑음,교차로 - 교차로안,승용,여,42세,상해없음,보행자,남,69세,경상
2019022700100430,2019년 2월 27일 18시,수요일,충청남도 홍성군 홍성읍,경상사고,0,0,1,0,차대사람 - 길가장자리구역통행중,안전운전불이행,건조,맑음,단일로 - 기타,승용,여,61세,상해없음,보행자,여,80세,경상
2019022700100431,2019년 2월 27일 18시,수요일,충청남도 아산시 신창면,부상신고사고,0,0,0,1,차대차 - 기타,신호위반,건조,맑음,교차로 - 교차로안,기타불명,남,40세,부상신고,화물,남,57세,상해없음
2019022700100432,2019년 2월 27일 18시,수요일,충청남도 천안시 동남구 청당동,경상사고,0,0,1,0,차대차 - 측면충돌,안전운전불이행,건조,맑음,단일로 - 기타,승용,여,46세,경상,화물,남,51세,상해없음
2019022700100433,2019년 2월 27일 18시,수요일,충청남도 천안시 동남구 구성동,경상사고,0,0,1,0,차대차 - 측면충돌,안전운전불이행,건조,맑음,교차로 - 교차로부근,승용,남,33세,상해없음,승용,여,57세,경상
2019022700100475,2019년 2월 27일 19시,수요일,충청남도 아산시 용화동,경상사고,0,0,2,0,차대차 - 정면충돌,신호위반,건조,맑음,교차로 - 교차로안,화물,남,60세,상해없음,승용,남,52세,경상
2019022700100476,2019년 2월 27일 19시,수요일,충청남도 아산시 방축동,경상사고,0,0,1,0,차대차 - 추돌,안전운전불이행,건조,맑음,단일로 - 기타,승용,남,47세,상해없음,승용,여,49세,경상
2019022700100525,2019년 2월 27일 21시,수요일,충청남도 천안시 서북구 성정동,중상사고,0,1,0,0,차대차 - 기타,안전거리미확보,건조,맑음,단일로 - 기타,기타불명,기타불명,미분류,기타불명,이륜,남,26세,중상
2019022700100551,2019년 2월 27일 22시,수요일,충청남도 부여군 부여읍,경상사고,0,0,1,0,차대사람 - 기타,안전운전불이행,건조,맑음,교차로 - 교차로안,승용,남,39세,상해없음,보행자,남,54세,경상
2019022700100570,2019년 2월 27일 23시,수요일,충청남도 당진시 송악읍,경상사고,0,0,2,0,차대차 - 추돌,안전운전불이행,건조,맑음,단일로 - 기타,승용,남,45세,상해없음,화물,남,60세,경상
2019022800100031,2019년 2월 28일 00시,목요일,충청남도 예산군 삽교읍,경상사고,0,0,1,0,차대차 - 기타,신호위반,건조,맑음,교차로 - 교차로안,승용,여,33세,상해없음,승용,남,26세,경상
2019022800100050,2019년 2월 28일 01시,목요일,충청남도 아산시 배방읍,경상사고,0,0,2,0,차대차 - 기타,안전운전불이행,건조,맑음,교차로 - 교차로부근,승용,남,37세,상해없음,승용,남,22세,경상
2019022800100072,2019년 2월 28일 05시,목요일,충청남도 서산시 잠홍동,사망사고,1,0,0,0,차대사람 - 길가장자리구역통행중,안전운전불이행,건조,맑음,단일로 - 기타,화물,남,45세,상해없음,보행자,남,69세,사망
2019022800100082,2019년 2월 28일 06시,목요일,충청남도 서천군 비인면,경상사고,0,0,1,0,차대사람 - 횡단중,안전운전불이행,건조,맑음,교차로 - 교차로안,승용,여,47세,상해없음,보행자,여,80세,경상
2019022800100084,2019년 2월 28일 06시,목요일,충청남도 당진시 원당리,중상사고,0,1,0,0,차대차 - 기타,안전거리미확보,건조,기타,단일로 - 기타,승용,여,21세,상해없음,승용,남,39세,중상
2019022800100097,2019년 2월 28일 07시,목요일,충청남도 천안시 동남구 목천읍,경상사고,0,0,1,0,차대차 - 추돌,안전운전불이행,건조,맑음,단일로 - 기타,승용,남,50세,상해없음,승용,남,42세,경상
2019022800100128,2019년 2월 28일 08시,목요일,충청남도 천안시 서북구 두정동,경상사고,0,0,2,1,차대차 - 측면충돌,직진우회전진행방해,건조,맑음,교차로 - 교차로안,승용,여,39세,부상신고,승용,여,40세,경상
2019022800100180,2019년 2월 28일 10시,목요일,충청남도 홍성군 광천읍,경상사고,0,0,1,0,차대차 - 측면충돌,안전운전불이행,건조,맑음,교차로 - 교차로안,화물,남,76세,상해없음,이륜,남,60세,경상
2019022800100181,2019년 2월 28일 10시,목요일,충청남도 천안시 동남구 신부동,경상사고,0,0,3,0,차대차 - 측면충돌,안전거리미확보,건조,맑음,단일로 - 기타,건설기계,남,43세,상해없음,승용,여,36세,경상
2019022800100208,2019년 2월 28일 11시,목요일,충청남도 논산시 대교동,중상사고,0,1,0,0,차대사람 - 차도통행중,안전운전불이행,건조,맑음,교차로 - 교차로부근,승용,여,54세,상해없음,보행자,남,71세,중상
2019022800100209,2019년 2월 28일 11시,목요일,충청남도 예산군 응봉면,중상사고,0,2,3,0,차대차 - 정면충돌,중앙선침범,건조,맑음,단일로 - 기타,승용,여,58세,경상,승용,남,44세,중상
2019022800100245,2019년 2월 28일 12시,목요일,충청남도 서산시 예천동,중상사고,0,2,0,0,차대차 - 추돌,안전운전불이행,건조,맑음,교차로 - 교차로부근,화물,남,43세,상해없음,승용,남,53세,중상
2019022800100283,2019년 2월 28일 13시,목요일,충청남도 서천군 종천면,중상사고,0,1,0,0,차대차 - 측면충돌,안전운전불이행,건조,맑음,단일로 - 기타,농기계,남,72세,중상,화물,여,61세,상해없음
2019022800100315,2019년 2월 28일 14시,목요일,충청남도 천안시 서북구 쌍용동,중상사고,0,1,0,0,차대사람 - 기타,기타,건조,맑음,기타 - 기타,화물,남,28세,상해없음,보행자,여,59세,중상
2019022800100316,2019년 2월 28일 14시,목요일,충청남도 공주시 소학동,사망사고,1,1,0,0,차대차 - 추돌,안전운전불이행,건조,맑음,단일로 - 기타,화물,남,40세,사망,화물,남,28세,중상
2019022800100341,2019년 2월 28일 15시,목요일,충청남도 천안시 동남구 문화동,중상사고,0,1,0,0,차대사람 - 차도통행중,안전운전불이행,건조,맑음,단일로 - 기타,승용,여,62세,상해없음,보행자,남,61세,중상
2019022800100420,2019년 2월 28일 17시,목요일,충청남도 보령시 신흑동,중상사고,0,3,0,0,차대차 - 측면충돌,안전운전불이행,건조,맑음,단일로 - 기타,승용,여,26세,상해없음,승용,여,29세,중상
2019022800100451,2019년 2월 28일 18시,목요일,충청남도 천안시 서북구 두정동,경상사고,0,0,1,0,차대사람 - 차도통행중,안전운전불이행,건조,맑음,교차로 - 교차로안,승용,여,43세,상해없음,보행자,남,38세,경상
2019022800100503,2019년 2월 28일 19시,목요일,충청남도 홍성군 홍북읍,경상사고,0,0,1,0,차대차 - 측면충돌,안전운전불이행,건조,맑음,단일로 - 기타,승용,여,31세,상해없음,이륜,남,19세,경상
2019022800100578,2019년 2월 28일 21시,목요일,충청남도 천안시 서북구 성환읍,경상사고,0,0,2,0,차대차 - 추돌,안전운전불이행,건조,맑음,교차로 - 교차로부근,승용,남,57세,상해없음,승용,남,24세,경상
2019022800100605,2019년 2월 28일 22시,목요일,충청남도 천안시 서북구 불당동,경상사고,0,0,3,0,차대차 - 측면충돌,신호위반,건조,맑음,교차로 - 교차로안,승용,남,26세,경상,승용,남,51세,경상
2019022800100606,2019년 2월 28일 22시,목요일,충청남도 아산시 온천동,경상사고,0,0,1,0,차대사람 - 기타,안전운전불이행,건조,맑음,단일로 - 기타,승용,여,47세,상해없음,보행자,남,38세,경상
2019022800100607,2019년 2월 28일 22시,목요일,충청남도 태안군 남면,중상사고,0,2,1,0,차량단독 - 공작물충돌,안전운전불이행,건조,맑음,단일로 - 기타,승용,남,26세,경상,,,,
2019022800100627,2019년 2월 28일 23시,목요일,충청남도 천안시 서북구 성정동,경상사고,0,0,1,0,차대사람 - 횡단중,보행자보호의무위반,건조,맑음,교차로 - 교차로횡단보도내,승용,남,39세,상해없음,보행자,남,52세,경상
2019022800100628,2019년 2월 28일 23시,목요일,충청남도 당진시 송악읍,중상사고,0,1,0,0,차대차 - 측면충돌,직진우회전진행방해,건조,맑음,교차로 - 교차로안,승용,여,27세,상해없음,승용,남,33세,중상
2019030100100072,2019년 3월 1일 02시,금요일,충청남도 천안시 서북구 성정동,경상사고,0,0,1,0,차대차 - 정면충돌,중앙선침범,건조,맑음,단일로 - 기타,승용,남,29세,상해없음,승용,남,26세,경상
2019030100100080,2019년 3월 1일 03시,금요일,충청남도 당진시 송악읍,중상사고,0,2,0,0,차대차 - 추돌,안전운전불이행,젖음/습기,안개,단일로 - 기타,화물,남,39세,중상,화물,남,64세,중상
2019030100100091,2019년 3월 1일 04시,금요일,충청남도 공주시 이인면,중상사고,0,1,0,0,차량단독 - 공작물충돌,안전운전불이행,건조,맑음,단일로 - 기타,승용,남,53세,중상,,,,
2019030100100097,2019년 3월 1일 05시,금요일,충청남도 천안시 서북구 두정동,경상사고,0,0,1,0,차대차 - 측면충돌,기타,건조,맑음,교차로 - 교차로부근,승용,남,25세,상해없음,승용,남,27세,경상
2019030100100112,2019년 3월 1일 06시,금요일,충청남도 서산시 동문동,중상사고,0,1,0,0,차대사람 - 횡단중,안전운전불이행,건조,맑음,교차로 - 교차로안,승용,남,58세,상해없음,보행자,여,72세,중상
2019030100100138,2019년 3월 1일 08시,금요일,충청남도 홍성군 구항면,중상사고,0,2,0,0,차대차 - 측면충돌,안전운전불이행,젖음/습기,안개,단일로 - 기타,화물,남,64세,상해없음,이륜,남,78세,중상
2019030100100168,2019년 3월 1일 10시,금요일,충청남도 천안시 동남구 광덕면,사망사고,1,2,4,0,차대차 - 측면충돌,안전운전불이행,건조,맑음,단일로 - 기타,승용,남,49세,경상,승용,남,50세,중상
2019030100100189,2019년 3월 1일 11시,금요일,충청남도 논산시 채운면,경상사고,0,0,1,0,차대차 - 측면충돌,안전운전불이행,건조,맑음,단일로 - 기타,승용,남,33세,상해없음,화물,남,54세,상해없음
2019030100100210,2019년 3월 1일 12시,금요일,충청남도 논산시 취암동,경상사고,0,0,2,0,차대차 - 측면충돌,안전운전불이행,건조,맑음,교차로 - 교차로안,승용,남,74세,상해없음,승용,남,35세,경상
2019030100100211,2019년 3월 1일 12시,금요일,충청남도 당진시 석문면,경상사고,0,0,3,0,차대차 - 추돌,안전운전불이행,건조,맑음,단일로 - 기타,승용,남,59세,상해없음,화물,남,40세,경상
2019030100100237,2019년 3월 1일 13시,금요일,충청남도 부여군 부여읍,경상사고,0,0,1,0,차대차 - 측면충돌,안전운전불이행,건조,맑음,교차로 - 교차로안,승용,남,59세,상해없음,승용,여,59세,경상
2019030100100238,2019년 3월 1일 13시,금요일,충청남도 청양군 운곡면,경상사고,0,0,2,0,차대차 - 추돌,안전거리미확보,건조,맑음,단일로 - 기타,화물,남,24세,상해없음,승용,남,43세,경상
2019030100100269,2019년 3월 1일 14시,금요일,충청남도 천안시 서북구 성정동,경상사고,0,0,1,0,차대사람 - 기타,안전운전불이행,건조,맑음,단일로 - 기타,승용,여,27세,상해없음,보행자,남,85세,경상
2019030100100271,2019년 3월 1일 14시,금요일,충청남도 당진시 채운동,경상사고,0,0,1,0,차대차 - 기타,안전거리미확보,건조,맑음,단일로 - 기타,승용,남,67세,상해없음,승용,남,38세,경상
2019030100100272,2019년 3월 1일 14시,금요일,충청남도 천안시 동남구 광덕면,경상사고,0,0,4,0,차대차 - 추돌,안전거리미확보,건조,맑음,단일로 - 기타,승용,여,50세,상해없음,승용,남,48세,경상
2019030100100347,2019년 3월 1일 17시,금요일,충청남도 천안시 동남구 유량동,중상사고,0,2,1,1,차대차 - 측면충돌,교차로운행방법위반,건조,맑음,교차로 - 교차로안,승용,여,39세,중상,승용,여,45세,중상
2019030100100348,2019년 3월 1일 17시,금요일,충청남도 태안군 원북면,경상사고,0,0,3,0,차대차 - 측면충돌,교차로운행방법위반,건조,맑음,교차로 - 교차로안,승용,남,64세,경상,승용,남,58세,경상
2019030100100374,2019년 3월 1일 18시,금요일,충청남도 공주시 웅진동,경상사고,0,0,2,0,차대차 - 측면충돌,안전운전불이행,건조,맑음,교차로 - 교차로안,승용,남,59세,상해없음,승용,남,28세,경상
2019030100100405,2019년 3월 1일 19시,금요일,충청남도 홍성군 결성면,중상사고,0,1,0,0,차대사람 - 길가장자리구역통행중,안전운전불이행,건조,맑음,기타 - 기타,승용,남,19세,상해없음,보행자,남,44세,중상
2019030100100406,2019년 3월 1일 19시,금요일,충청남도 홍성군 홍북읍,경상사고,0,0,1,0,차대차 - 측면충돌,안전운전불이행,건조,맑음,교차로 - 교차로안,이륜,남,26세,상해없음,이륜,남,45세,경상
2019030100100456,2019년 3월 1일 21시,금요일,충청남도 당진시 면천면,사망사고,1,0,0,0,차대사람 - 기타,안전운전불이행,건조,맑음,단일로 - 기타,승용,남,37세,상해없음,보행자,남,58세,사망
2019030100100457,2019년 3월 1일 21시,금요일,충청남도 천안시 동남구 원성동,경상사고,0,0,4,0,차대차 - 측면충돌,신호위반,건조,맑음,교차로 - 교차로안,승합,남,52세,경상,승용,남,36세,경상
2019030100100491,2019년 3월 1일 23시,금요일,충청남도 아산시 둔포면,경상사고,0,0,1,0,차대차 - 기타,안전운전불이행,건조,맑음,교차로 - 교차로안,승용,남,42세,상해없음,승용,남,38세,경상
2019030200100017,2019년 3월 2일 00시,토요일,충청남도 천안시 서북구 성정동,중상사고,0,1,2,0,차대차 - 기타,신호위반,건조,맑음,교차로 - 교차로안,승용,남,25세,상해없음,승용,남,60세,상해없음
2019030200100036,2019년 3월 2일 02시,토요일,충청남도 아산시 실옥동,경상사고,0,0,1,0,차대차 - 측면충돌,안전운전불이행,건조,맑음,교차로 - 교차로안,승용,여,58세,상해없음,승용,남,22세,경상
2019030200100076,2019년 3월 2일 06시,토요일,충청남도 금산군 금산읍,경상사고,0,0,1,0,차대차 - 측면충돌,안전운전불이행,건조,맑음,단일로 - 기타,승용,남,39세,상해없음,승용,여,47세,경상
2019030200100128,2019년 3월 2일 10시,토요일,충청남도 공주시 반포면,중상사고,0,1,0,0,차대차 - 측면충돌,안전운전불이행,건조,맑음,교차로 - 교차로횡단보도내,승용,여,51세,상해없음,이륜,남,79세,중상
2019030200100153,2019년 3월 2일 11시,토요일,충청남도 서산시 석림동,중상사고,0,1,0,0,차대차 - 측면충돌,신호위반,건조,맑음,교차로 - 교차로안,화물,남,61세,상해없음,승용,여,58세,중상
2019030200100154,2019년 3월 2일 11시,토요일,충청남도 천안시 서북구 불당동,경상사고,0,0,3,1,차대차 - 측면충돌,안전운전불이행,건조,맑음,교차로 - 교차로안,승용,남,29세,부상신고,승용,남,60세,경상
2019030200100155,2019년 3월 2일 11시,토요일,충청남도 부여군 은산면,중상사고,0,2,1,0,차대차 - 기타,안전운전불이행,건조,맑음,기타 - 기타,승용,남,47세,상해없음,승용,남,36세,경상
2019030200100203,2019년 3월 2일 13시,토요일,충청남도 태안군 원북면,부상신고사고,0,0,0,1,차량단독 - 공작물충돌,안전운전불이행,건조,흐림,단일로 - 기타,농기계,남,83세,부상신고,,,,
2019030200100236,2019년 3월 2일 14시,토요일,충청남도 천안시 서북구 성정동,경상사고,0,0,1,0,차대사람 - 기타,안전운전불이행,건조,맑음,단일로 - 기타,승합,남,46세,상해없음,보행자,여,51세,경상
2019030200100271,2019년 3월 2일 15시,토요일,충청남도 서산시 음암면,중상사고,0,1,0,0,차대차 - 측면충돌,신호위반,건조,맑음,교차로 - 교차로부근,특수,남,50세,상해없음,승용,남,30세,중상
2019030200100272,2019년 3월 2일 15시,토요일,충청남도 당진시 송악읍,중상사고,0,1,1,0,차대차 - 측면충돌,신호위반,건조,맑음,교차로 - 교차로안,화물,남,43세,상해없음,승용,남,29세,중상
2019030200100273,2019년 3월 2일 15시,토요일,충청남도 청양군 정산면,중상사고,0,1,2,0,차대차 - 측면충돌,과속,건조,맑음,교차로 - 교차로안,승합,남,59세,경상,화물,남,26세,중상
2019030200100297,2019년 3월 2일 16시,토요일,충청남도 보령시 청라면,경상사고,0,0,4,0,차대차 - 추돌,안전운전불이행,건조,맑음,교차로 - 교차로부근,승용,남,23세,상해없음,승용,남,46세,경상
2019030200100298,2019년 3월 2일 16시,토요일,충청남도 예산군 대흥면,중상사고,0,1,0,0,차대사람 - 기타,안전운전불이행,건조,맑음,기타 - 기타,화물,남,71세,상해없음,보행자,남,19세,중상
2019030200100326,2019년 3월 2일 17시,토요일,충청남도 홍성군 은하면,중상사고,0,1,0,0,차대차 - 추돌,안전운전불이행,기타,기타,단일로 - 기타,승용,여,49세,상해없음,승용,여,53세,중상
2019030200100362,2019년 3월 2일 18시,토요일,충청남도 천안시 서북구 두정동,경상사고,0,0,1,0,차대차 - 추돌,안전운전불이행,건조,맑음,단일로 - 기타,화물,남,78세,상해없음,승합,남,50세,경상
2019030200100363,2019년 3월 2일 18시,토요일,충청남도 서천군 서천읍,경상사고,0,0,1,0,차대차 - 측면충돌,중앙선침범,건조,맑음,단일로 - 기타,화물,남,57세,상해없음,화물,남,49세,경상
2019030200100364,2019년 3월 2일 18시,토요일,충청남도 보령시 청라면,사망사고,1,0,0,0,차량단독 - 도로외이탈 - 추락,안전운전불이행,건조,흐림,단일로 - 기타,화물,남,61세,사망,,,,
2019030200100436,2019년 3월 2일 20시,토요일,충청남도 보령시 동대동,경상사고,0,0,2,0,차대차 - 측면충돌,안전운전불이행,건조,맑음,교차로 - 교차로안,승용,남,46세,상해없음,승용,남,41세,경상
2019030200100437,2019년 3월 2일 20시,토요일,충청남도 금산군 제원면,경상사고,0,0,1,0,차대차 - 측면충돌,안전운전불이행,건조,맑음,단일로 - 기타,승용,남,59세,상해없음,승용,여,54세,경상
2019030200100455,2019년 3월 2일 21시,토요일,충청남도 서천군 서천읍,경상사고,0,0,1,0,차대차 - 측면충돌,신호위반,건조,맑음,교차로 - 교차로안,화물,남,51세,상해없음,승용,남,76세,경상
2019030200100456,2019년 3월 2일 21시,토요일,충청남도 태안군 안면읍,중상사고,0,1,3,1,차량단독 - 공작물충돌,안전운전불이행,건조,흐림,교차로 - 교차로부근,승용,남,28세,부상신고,,,,
2019030200100483,2019년 3월 2일 22시,토요일,충청남도 천안시 서북구 쌍용동,경상사고,0,0,3,0,차대차 - 측면충돌,안전운전불이행,건조,맑음,단일로 - 기타,승용,남,53세,상해없음,승용,남,38세,경상
2019030300100039,2019년 3월 3일 01시,일요일,충청남도 서천군 서천읍,중상사고,0,1,0,0,차대사람 - 횡단중,안전운전불이행,건조,맑음,단일로 - 기타,승용,남,22세,상해없음,보행자,남,34세,중상
2019030300100040,2019년 3월 3일 01시,일요일,충청남도 보령시 성주면,사망사고,1,0,0,0,차대사람 - 길가장자리구역통행중,안전운전불이행,건조,맑음,단일로 - 기타,화물,남,41세,상해없음,보행자,남,61세,사망
2019030300100049,2019년 3월 3일 02시,일요일,충청남도 천안시 서북구 두정동,경상사고,0,0,1,0,차대차 - 측면충돌,신호위반,건조,맑음,교차로 - 교차로안,승용,남,53세,상해없음,승용,남,24세,경상
2019030300100050,2019년 3월 3일 02시,일요일,충청남도 천안시 서북구 백석동,경상사고,0,0,2,1,차대차 - 측면충돌,신호위반,건조,맑음,교차로 - 교차로안,승용,여,29세,상해없음,승용,남,32세,경상
2019030300100058,2019년 3월 3일 03시,일요일,충청남도 천안시 동남구 삼룡동,경상사고,0,0,1,0,차대차 - 기타,안전운전불이행,건조,맑음,단일로 - 기타,승용,남,18세,상해없음,승용,남,44세,경상
2019030300100107,2019년 3월 3일 10시,일요일,충청남도 보령시 대천동,중상사고,0,1,0,0,차대차 - 기타,안전운전불이행,건조,맑음,교차로 - 교차로안,승용,남,25세,상해없음,자전거,여,57세,중상
2019030300100159,2019년 3월 3일 13시,일요일,충청남도 공주시 정안면,경상사고,0,0,1,0,차대차 - 후진중충돌,안전운전불이행,건조,맑음,주차장 - 주차장,화물,남,58세,기타불명,승용,남,46세,경상
2019030300100160,2019년 3월 3일 13시,일요일,충청남도 태안군 안면읍,경상사고,0,0,4,0,차대차 - 측면충돌,중앙선침범,건조,맑음,교차로 - 교차로부근,화물,여,61세,상해없음,승용,남,30세,경상