사고번호,사고일시,요일,시군구,사고내용,사망자수,중상자수,경상자수,부상신고자수,사고유형,법규위반,노면상태,기상상태,도로형태,가해운전자 차종,가해운전자 성별,가해운전자 연령,가해운전자 상해정도,피해운전자 차종,피해운전자 성별,피해운전자 연령,피해운전자 상해정도
2019030300100191,2019년 3월 3일 14시,일요일,충청남도 천안시 서북구 두정동,경상사고,0,0,1,0,차대차 - 측면충돌,안전운전불이행,건조,맑음,교차로 - 교차로안,자전거,남,15세,경상,승용,남,61세,상해없음
2019030300100192,2019년 3월 3일 14시,일요일,충청남도 공주시 사곡면,경상사고,0,0,3,0,차대차 - 기타,안전운전불이행,건조,맑음,단일로 - 기타,승용,남,60세,상해없음,승용,남,38세,경상
2019030300100193,2019년 3월 3일 14시,일요일,충청남도 천안시 동남구 구성동,경상사고,0,0,1,0,차대차 - 기타,신호위반,건조,맑음,단일로 - 기타,승용,여,47세,상해없음,승용,남,32세,상해없음
2019030300100217,2019년 3월 3일 15시,일요일,충청남도 예산군 예산읍,중상사고,0,1,5,0,차대차 - 정면충돌,신호위반,건조,맑음,교차로 - 교차로안,건설기계,남,63세,상해없음,승용,여,39세,중상
2019030300100239,2019년 3월 3일 16시,일요일,충청남도 천안시 서북구 쌍용동,경상사고,0,0,1,0,차대차 - 추돌,안전거리미확보,건조,맑음,단일로 - 기타,승용,여,28세,상해없음,승용,여,50세,경상
2019030300100279,2019년 3월 3일 18시,일요일,충청남도 천안시 서북구 성정동,경상사고,0,0,2,0,차대차 - 측면충돌,안전운전불이행,건조,맑음,교차로 - 교차로안,승용,남,57세,상해없음,승용,남,30세,경상
2019030300100309,2019년 3월 3일 19시,일요일,충청남도 당진시 읍내리,중상사고,0,1,0,0,차대사람 - 차도통행중,안전운전불이행,건조,맑음,단일로 - 기타,승용,남,65세,상해없음,보행자,남,57세,중상
2019030400100026,2019년 3월 4일 00시,월요일,충청남도 천안시 동남구 구룡동,경상사고,0,0,2,0,차대차 - 측면충돌,안전운전불이행,건조,맑음,교차로 - 교차로안,승용,여,26세,경상,승용,남,58세,경상
2019030400100043,2019년 3월 4일 05시,월요일,충청남도 공주시 이인면,중상사고,0,2,1,0,차대차 - 추돌,안전운전불이행,건조,맑음,단일로 - 기타,화물,남,42세,중상,화물,남,60세,경상
2019030400100051,2019년 3월 4일 06시,월요일,충청남도 논산시 은진면,경상사고,0,0,1,0,차대차 - 측면충돌,안전거리미확보,건조,맑음,단일로 - 기타,승용,남,21세,상해없음,승용,남,28세,경상
2019030400100096,2019년 3월 4일 08시,월요일,충청남도 공주시 금성동,경상사고,0,0,1,0,차대차 - 기타,안전운전불이행,건조,맑음,교차로 - 교차로안,승용,남,81세,상해없음,승용,남,56세,경상
2019030400100117,2019년 3월 4일 09시,월요일,충청남도 천안시 서북구 성정동,중상사고,0,1,2,0,차대차 - 측면충돌,교차로운행방법위반,건조,맑음,교차로 - 교차로안,승용,남,33세,중상,승용,남,33세,경상
2019030400100138,2019년 3월 4일 10시,월요일,충청남도 당진시 읍내리,경상사고,0,0,1,0,차대차 - 기타,중앙선침범,건조,맑음,교차로 - 교차로부근,승용,남,54세,상해없음,승용,남,42세,경상
2019030400100166,2019년 3월 4일 11시,월요일,충청남도 공주시 금흥동,경상사고,0,0,1,0,차대사람 - 횡단중,보행자보호의무위반,건조,맑음,단일로 - 기타,승용,여,53세,상해없음,보행자,여,15세,경상
2019030400100202,2019년 3월 4일 12시,월요일,충청남도 서산시 운산면,경상사고,0,0,1,0,차대차 - 추돌,안전운전불이행,건조,맑음,단일로 - 기타,화물,남,50세,상해없음,승용,여,41세,경상
2019030400100224,2019년 3월 4일 13시,월요일,충청남도 공주시 산성동,경상사고,0,0,1,0,차대사람 - 횡단중,안전운전불이행,건조,맑음,교차로 - 교차로안,이륜,남,52세,상해없음,보행자,여,86세,경상
2019030400100258,2019년 3월 4일 14시,월요일,충청남도 서산시 석남동,중상사고,0,1,0,0,차대차 - 측면충돌,안전운전불이행,건조,맑음,단일로 - 기타,승용,여,41세,상해없음,이륜,남,45세,중상
2019030400100289,2019년 3월 4일 15시,월요일,충청남도 아산시 방축동,경상사고,0,0,1,0,차대차 - 추돌,안전운전불이행,건조,맑음,교차로 - 교차로안,승용,남,59세,상해없음,화물,남,49세,경상
2019030400100335,2019년 3월 4일 16시,월요일,충청남도 논산시 연무읍,중상사고,0,1,0,0,차량단독 - 공작물충돌,기타,건조,맑음,교차로 - 교차로부근,이륜,남,56세,중상,,,,
2019030400100370,2019년 3월 4일 17시,월요일,충청남도 아산시 온천동,중상사고,0,1,0,0,차대차 - 추돌,안전운전불이행,건조,맑음,교차로 - 교차로안,화물,남,56세,상해없음,승용,남,52세,중상
2019030400100413,2019년 3월 4일 18시,월요일,충청남도 천안시 서북구 직산읍,경상사고,0,0,2,0,차대차 - 측면충돌,안전운전불이행,건조,맑음,교차로 - 교차로안,승용,남,87세,상해없음,승합,남,72세,경상
2019030400100414,2019년 3월 4일 18시,월요일,충청남도 아산시 음봉면,경상사고,0,0,3,0,차대차 - 측면충돌,안전운전불이행,건조,맑음,단일로 - 기타,승용,여,27세,상해없음,승용,남,36세,경상
2019030400100459,2019년 3월 4일 19시,월요일,충청남도 논산시 강경읍,경상사고,0,0,1,0,차대차 - 측면충돌,안전운전불이행,건조,맑음,단일로 - 기타,화물,남,66세,상해없음,승용,여,60세,경상
2019030400100460,2019년 3월 4일 19시,월요일,충청남도 아산시 배방읍,경상사고,0,0,3,0,차대차 - 측면충돌,안전운전불이행,건조,맑음,교차로 - 교차로안,승용,남,36세,상해없음,승용,남,23세,경상
2019030400100506,2019년 3월 4일 21시,월요일,충청남도 아산시 온천동,중상사고,0,1,0,0,차대차 - 측면충돌,안전운전불이행,건조,맑음,교차로 - 교차로안,승용,여,58세,상해없음,승용,여,48세,상해없음
2019030400100550,2019년 3월 4일 23시,월요일,충청남도 당진시 송악읍,중상사고,0,1,0,0,차대차 - 추돌,안전운전불이행,건조,흐림,단일로 - 기타,승용,남,29세,상해없음,승용,여,51세,중상
2019030500100030,2019년 3월 5일 00시,화요일,충청남도 천안시 서북구 두정동,경상사고,0,0,1,0,차대사람 - 차도통행중,안전운전불이행,건조,맑음,단일로 - 기타,승용,남,19세,상해없음,보행자,남,28세,경상
2019030500100067,2019년 3월 5일 05시,화요일,충청남도 천안시 동남구 대흥동,경상사고,0,0,1,0,차대차 - 측면충돌,안전거리미확보,건조,맑음,단일로 - 기타,승용,남,65세,상해없음,화물,남,52세,경상
2019030500100074,2019년 3월 5일 06시,화요일,충청남도 천안시 동남구 북면,중상사고,0,1,0,0,차대사람 - 횡단중,안전운전불이행,젖음/습기,안개,단일로 - 기타,승합,남,54세,상해없음,보행자,여,87세,중상
2019030500100092,2019년 3월 5일 07시,화요일,충청남도 천안시 동남구 신부동,경상사고,0,0,1,0,차대차 - 측면충돌,안전운전불이행,건조,맑음,교차로 - 교차로안,승용,남,55세,상해없음,승용,여,41세,경상
2019030500100163,2019년 3월 5일 09시,화요일,충청남도 논산시 부적면,경상사고,0,0,1,0,차대차 - 추돌,안전운전불이행,건조,맑음,교차로 - 교차로부근,승용,남,67세,상해없음,승용,남,48세,경상
2019030500100164,2019년 3월 5일 09시,화요일,충청남도 논산시 강경읍,중상사고,0,1,0,0,차대사람 - 차도통행중,안전운전불이행,건조,맑음,교차로 - 교차로안,화물,남,57세,상해없음,보행자,남,70세,중상
2019030500100198,2019년 3월 5일 10시,화요일,충청남도 천안시 서북구 성환읍,중상사고,0,1,0,1,차대차 - 추돌,안전운전불이행,건조,맑음,교차로 - 교차로부근,승용,여,66세,부상신고,승용,남,73세,중상
2019030500100199,2019년 3월 5일 10시,화요일,충청남도 예산군 오가면,중상사고,0,1,1,0,차대차 - 추돌,안전거리미확보,건조,맑음,교차로 - 교차로안,화물,남,76세,상해없음,승용,남,81세,경상
2019030500100200,2019년 3월 5일 10시,화요일,충청남도 천안시 동남구 안서동,경상사고,0,0,1,0,차대사람 - 기타,안전운전불이행,건조,맑음,단일로 - 기타,승용,남,62세,상해없음,보행자,여,18세,경상
2019030500100266,2019년 3월 5일 13시,화요일,충청남도 당진시 고대면,경상사고,0,0,1,0,차대차 - 정면충돌,중앙선침범,건조,맑음,단일로 - 기타,승용,여,48세,상해없음,승용,남,49세,경상
2019030500100292,2019년 3월 5일 14시,화요일,충청남도 보령시 청소면,중상사고,0,1,0,0,차대차 - 측면충돌,안전운전불이행,건조,맑음,단일로 - 기타,승용,여,53세,상해없음,이륜,남,38세,중상
2019030500100352,2019년 3월 5일 16시,화요일,충청남도 예산군 봉산면,경상사고,0,0,1,0,차대차 - 측면충돌,중앙선침범,건조,맑음,단일로 - 기타,승용,여,58세,상해없음,이륜,남,48세,경상
2019030500100353,2019년 3월 5일 16시,화요일,충청남도 당진시 읍내리,경상사고,0,0,1,0,차대사람 - 차도통행중,안전운전불이행,건조,맑음,교차로 - 교차로안,승용,여,39세,상해없음,보행자,여,81세,경상
2019030500100462,2019년 3월 5일 20시,화요일,충청남도 논산시 덕지동,중상사고,0,1,0,0,차대차 - 측면충돌,신호위반,건조,맑음,교차로 - 교차로안,화물,남,44세,상해없음,승용,남,50세,중상
2019030500100482,2019년 3월 5일 21시,화요일,충청남도 아산시 배방읍,경상사고,0,0,1,0,차대차 - 추돌,안전운전불이행,건조,맑음,단일로 - 기타,승용,남,24세,상해없음,승용,남,30세,경상
2019030500100483,2019년 3월 5일 21시,화요일,충청남도 태안군 태안읍,경상사고,0,0,1,0,차대사람 - 차도통행중,안전운전불이행,건조,맑음,단일로 - 기타,승용,남,46세,상해없음,보행자,남,50세,경상
2019030500100484,2019년 3월 5일 21시,화요일,충청남도 공주시 신기동,중상사고,0,1,0,0,차대차 - 후진중충돌,안전운전불이행,건조,맑음,기타 - 기타,화물,남,42세,상해없음,화물,남,66세,중상
2019030500100525,2019년 3월 5일 23시,화요일,충청남도 천안시 서북구 두정동,경상사고,0,0,1,0,차대차 - 추돌,안전운전불이행,건조,맑음,교차로 - 교차로부근,승용,남,38세,상해없음,화물,남,45세,경상
2019030600100133,2019년 3월 6일 08시,수요일,충청남도 예산군 예산읍,중상사고,0,2,0,0,차대차 - 기타,안전거리미확보,건조,맑음,단일로 - 기타,승합,남,69세,상해없음,승용,남,27세,중상
2019030600100164,2019년 3월 6일 09시,수요일,충청남도 금산군 남일면,경상사고,0,0,1,0,차대차 - 측면충돌,신호위반,건조,맑음,교차로 - 교차로안,승용,남,36세,상해없음,승용,여,38세,경상
2019030600100196,2019년 3월 6일 10시,수요일,충청남도 보령시 대천동,중상사고,0,1,0,0,차대사람 - 횡단중,안전운전불이행,건조,맑음,교차로 - 교차로안,승용,여,47세,상해없음,보행자,여,65세,중상
2019030600100197,2019년 3월 6일 10시,수요일,충청남도 예산군 삽교읍,사망사고,1,0,0,0,차대차 - 측면충돌,안전운전불이행,건조,맑음,교차로 - 교차로부근,이륜,남,82세,사망,승용,남,64세,기타불명
2019030600100198,2019년 3월 6일 10시,수요일,충청남도 금산군 금산읍,경상사고,0,0,1,0,차대사람 - 횡단중,안전운전불이행,건조,맑음,단일로 - 기타,승용,여,52세,상해없음,보행자,남,69세,경상
2019030600100223,2019년 3월 6일 11시,수요일,충청남도 보령시 웅천읍,중상사고,0,1,1,0,차대차 - 측면충돌,안전운전불이행,건조,맑음,단일로 - 기타,화물,남,78세,상해없음,이륜,남,72세,경상
2019030600100224,2019년 3월 6일 11시,수요일,충청남도 당진시 신평면,중상사고,0,2,1,0,차대차 - 정면충돌,중앙선침범,건조,맑음,교차로 - 교차로안,승용,남,28세,상해없음,승용,여,38세,중상
2019030600100315,2019년 3월 6일 14시,수요일,충청남도 서산시 석림동,경상사고,0,0,1,0,차대차 - 측면충돌,중앙선침범,건조,맑음,단일로 - 기타,승합,남,64세,상해없음,승용,여,33세,경상
2019030600100316,2019년 3월 6일 14시,수요일,충청남도 예산군 삽교읍,경상사고,0,0,4,0,차대차 - 측면충돌,직진우회전진행방해,건조,흐림,교차로 - 교차로안,승용,여,48세,경상,승합,여,58세,경상
2019030600100395,2019년 3월 6일 17시,수요일,충청남도 천안시 서북구 백석동,경상사고,0,0,2,0,차대차 - 기타,안전거리미확보,건조,맑음,단일로 - 기타,승용,남,35세,경상,화물,남,47세,경상
2019030600100396,2019년 3월 6일 17시,수요일,충청남도 태안군 안면읍,경상사고,0,0,2,0,차대차 - 추돌,안전거리미확보,건조,맑음,단일로 - 기타,승용,남,77세,경상,승용,남,49세,경상
2019030600100435,2019년 3월 6일 18시,수요일,충청남도 천안시 서북구 두정동,중상사고,0,1,0,0,차대차 - 추돌,안전운전불이행,건조,맑음,교차로 - 교차로부근,승용,남,24세,상해없음,승용,남,22세,중상
2019030600100516,2019년 3월 6일 20시,수요일,충청남도 부여군 부여읍,경상사고,0,0,1,0,차대차 - 측면충돌,교차로운행방법위반,건조,맑음,교차로 - 교차로안,승용,남,54세,상해없음,승용,여,52세,경상
2019030600100517,2019년 3월 6일 20시,수요일,충청남도 태안군 안면읍,중상사고,0,1,0,0,차대사람 - 기타,안전운전불이행,건조,맑음,단일로 - 기타,승용,여,48세,상해없음,보행자,여,61세,중상
2019030600100549,2019년 3월 6일 21시,수요일,충청남도 아산시 온천동,경상사고,0,0,1,0,차대차 - 측면충돌,안전운전불이행,건조,맑음,교차로 - 교차로부근,승용,남,50세,상해없음,승용,남,26세,경상
2019030600100550,2019년 3월 6일 21시,수요일,충청남도 천안시 동남구 신방동,경상사고,0,0,1,1,차대차 - 정면충돌,안전운전불이행,건조,맑음,교차로 - 교차로안,화물,여,46세,부상신고,승용,남,64세,경상
2019030600100569,2019년 3월 6일 22시,수요일,충청남도 천안시 동남구 원성동,경상사고,0,0,1,0,차대차 - 기타,안전운전불이행,건조,맑음,교차로 - 교차로부근,승용,남,22세,경상,승용,남,62세,상해없음
2019030600100586,2019년 3월 6일 23시,수요일,충청남도 보령시 청소면,중상사고,0,1,0,0,차량단독 - 공작물충돌,안전운전불이행,건조,맑음,단일로 - 기타,승용,남,43세,중상,,,,
2019030700100036,2019년 3월 7일 01시,목요일,충청남도 서산시 읍내동,경상사고,0,0,1,0,차대사람 - 횡단중,안전운전불이행,건조,맑음,교차로 - 교차로안,승용,남,46세,상해없음,보행자,남,34세,경상
2019030700100056,2019년 3월 7일 03시,목요일,충청남도 공주시 반포면,중상사고,0,1,0,0,차량단독 - 도로외이탈 - 추락,안전운전불이행,건조,맑음,교차로 - 교차로안,승용,여,43세,중상,,,,
2019030700100093,2019년 3월 7일 07시,목요일,충청남도 서천군 마서면,경상사고,0,0,1,0,차량단독 - 공작물충돌,안전운전불이행,건조,맑음,단일로 - 기타,승용,여,66세,경상,,,,
2019030700100094,2019년 3월 7일 07시,목요일,충청남도 청양군 청양읍,중상사고,0,1,0,0,차대차 - 측면충돌,교차로운행방법위반,건조,맑음,교차로 - 교차로안,승용,남,53세,상해없음,승용,여,50세,중상
2019030700100128,2019년 3월 7일 08시,목요일,충청남도 천안시 서북구 성환읍,경상사고,0,0,1,0,차대차 - 추돌,안전운전불이행,건조,맑음,단일로 - 기타,화물,남,52세,상해없음,승용,여,38세,경상
2019030700100129,2019년 3월 7일 08시,목요일,충청남도 천안시 서북구 두정동,중상사고,0,1,0,0,차대차 - 추돌,안전운전불이행,건조,맑음,단일로 - 기타,사륜오토바이(ATV),남,37세,중상,승용,남,28세,상해없음
2019030700100130,2019년 3월 7일 08시,목요일,충청남도 보령시 화산동,중상사고,0,1,0,0,차대차 - 측면충돌,중앙선침범,건조,맑음,단일로 - 기타,승용,남,23세,상해없음,승용,여,55세,중상
2019030700100132,2019년 3월 7일 08시,목요일,충청남도 당진시 신평면,경상사고,0,0,2,0,차대차 - 측면충돌,안전거리미확보,건조,맑음,단일로 - 기타,승용,남,58세,상해없음,승용,남,25세,경상
2019030700100133,2019년 3월 7일 08시,목요일,충청남도 천안시 동남구 원성동,중상사고,0,1,2,0,차대차 - 추돌,안전운전불이행,건조,맑음,단일로 - 기타,승용,남,35세,상해없음,화물,남,54세,상해없음
2019030700100170,2019년 3월 7일 09시,목요일,충청남도 서산시 성연면,부상신고사고,0,0,0,1,차대차 - 측면충돌,안전운전불이행,건조,맑음,단일로 - 기타,이륜,여,58세,부상신고,승용,여,52세,기타불명
2019030700100171,2019년 3월 7일 09시,목요일,충청남도 보령시 청소면,경상사고,0,0,1,0,차대차 - 측면충돌,안전운전불이행,건조,맑음,교차로 - 교차로안,자전거,여,80세,경상,승용,남,62세,상해없음
2019030700100172,2019년 3월 7일 09시,목요일,충청남도 당진시 읍내리,경상사고,0,0,1,0,차대사람 - 보도통행중,보행자보호의무위반,건조,맑음,교차로 - 교차로횡단보도내,화물,남,72세,상해없음,보행자,여,64세,경상
2019030700100195,2019년 3월 7일 10시,목요일,충청남도 금산군 금성면,중상사고,0,1,0,0,차대사람 - 기타,안전운전불이행,건조,맑음,단일로 - 기타,건설기계,남,63세,상해없음,보행자,여,81세,중상
2019030700100250,2019년 3월 7일 12시,목요일,충청남도 서산시 죽성동,부상신고사고,0,0,0,1,차량단독 - 전도전복 - 전복,안전운전불이행,건조,맑음,단일로 - 기타,승용,남,20세,부상신고,,,,
2019030700100311,2019년 3월 7일 14시,목요일,충청남도 공주시 신관동,중상사고,0,1,1,0,차대차 - 측면충돌,신호위반,건조,흐림,교차로 - 교차로안,이륜,남,42세,중상,화물,남,20세,경상
2019030700100346,2019년 3월 7일 15시,목요일,충청남도 천안시 서북구 성정동,경상사고,0,0,2,0,차대차 - 측면충돌,교차로운행방법위반,건조,맑음,교차로 - 교차로안,화물,남,24세,상해없음,승용,여,46세,경상
2019030700100347,2019년 3월 7일 15시,목요일,충청남도 아산시 모종동,경상사고,0,0,2,0,차대차 - 측면충돌,신호위반,건조,맑음,교차로 - 교차로안,승용,남,59세,상해없음,승용,남,37세,경상
2019030700100376,2019년 3월 7일 16시,목요일,충청남도 홍성군 금마면,경상사고,0,0,3,0,차대차 - 기타,안전운전불이행,건조,맑음,교차로 - 교차로부근,화물,남,43세,경상,화물,남,30세,상해없음
2019030700100414,2019년 3월 7일 17시,목요일,충청남도 천안시 서북구 성정동,중상사고,0,1,0,0,차대차 - 측면충돌,직진우회전진행방해,건조,맑음,교차로 - 교차로안,이륜,남,62세,중상,승용,남,32세,상해없음
2019030700100453,2019년 3월 7일 18시,목요일,충청남도 서산시 음암면,중상사고,0,2,0,0,차대차 - 기타,교차로운행방법위반,건조,맑음,교차로 - 교차로안,화물,남,40세,상해없음,승용,남,40세,중상
2019030700100454,2019년 3월 7일 18시,목요일,충청남도 천안시 서북구 쌍용동,경상사고,0,0,2,0,차대차 - 추돌,안전운전불이행,건조,맑음,단일로 - 기타,승용,남,55세,상해없음,승용,여,34세,경상
2019030700100455,2019년 3월 7일 18시,목요일,충청남도 태안군 태안읍,부상신고사고,0,0,0,1,차대사람 - 횡단중,보행자보호의무위반,건조,맑음,교차로 - 교차로안,기타불명,기타불명,미분류,기타불명,보행자,여,12세,부상신고
2019030700100495,2019년 3월 7일 19시,목요일,충청남도 계룡시 금암동,중상사고,0,1,0,0,차대차 - 측면충돌,신호위반,건조,맑음,교차로 - 교차로부근,승용,여,51세,상해없음,이륜,남,54세,중상
2019030700100496,2019년 3월 7일 19시,목요일,충청남도 아산시 둔포면,부상신고사고,0,0,0,1,차량단독 - 전도전복 - 전도,안전운전불이행,건조,맑음,단일로 - 기타,이륜,남,47세,부상신고,,,,
2019030700100497,2019년 3월 7일 19시,목요일,충청남도 당진시 읍내리,경상사고,0,0,1,0,차대사람 - 보도통행중,보행자보호의무위반,건조,맑음,교차로 - 교차로횡단보도내,승용,여,51세,상해없음,보행자,남,58세,경상
2019030700100498,2019년 3월 7일 19시,목요일,충청남도 천안시 동남구 목천읍,경상사고,0,0,1,0,차대사람 - 횡단중,안전운전불이행,건조,맑음,교차로 - 교차로안,승용,남,65세,상해없음,보행자,여,43세,경상
2019030700100569,2019년 3월 7일 21시,목요일,충청남도 금산군 금산읍,경상사고,0,0,1,0,차대차 - 측면충돌,교차로운행방법위반,건조,맑음,교차로 - 교차로안,승합,남,22세,상해없음,승용,여,57세,경상
2019030700100604,2019년 3월 7일 22시,목요일,충청남도 논산시 취암동,중상사고,0,2,0,0,차대차 - 측면충돌,신호위반,건조,맑음,교차로 - 교차로안,이륜,남,21세,중상,승용,여,39세,중상
2019030800100021,2019년 3월 8일 00시,금요일,충청남도 천안시 서북구 두정동,경상사고,0,0,1,0,차대사람 - 기타,안전운전불이행,건조,맑음,단일로 - 기타,승용,남,36세,상해없음,보행자,남,43세,경상
2019030800100073,2019년 3월 8일 06시,금요일,충청남도 천안시 서북구 두정동,사망사고,1,3,0,0,차대차 - 기타,과속,건조,맑음,교차로 - 교차로부근,화물,남,38세,중상,자전거,남,79세,중상
2019030800100074,2019년 3월 8일 06시,금요일,충청남도 천안시 동남구 신방동,경상사고,0,0,2,0,차대차 - 기타,안전운전불이행,건조,맑음,교차로 - 교차로안,승합,남,24세,상해없음,승합,남,48세,경상
2019030800100094,2019년 3월 8일 07시,금요일,충청남도 논산시 양촌면,중상사고,0,1,0,0,차대차 - 측면충돌,안전운전불이행,건조,맑음,교차로 - 교차로부근,승용,여,59세,상해없음,이륜,남,76세,중상
2019030800100095,2019년 3월 8일 07시,금요일,충청남도 아산시 영인면,사망사고,1,0,0,0,차량단독 - 기타,안전운전불이행,건조,맑음,단일로 - 기타,이륜,남,31세,사망,,,,
2019030800100096,2019년 3월 8일 07시,금요일,충청남도 천안시 동남구 다가동,중상사고,0,1,0,0,차대차 - 측면충돌,교차로운행방법위반,건조,맑음,교차로 - 교차로안,승용,여,64세,상해없음,이륜,여,52세,중상
2019030800100145,2019년 3월 8일 08시,금요일,충청남도 아산시 온천동,중상사고,0,1,0,0,차대차 - 측면충돌,안전운전불이행,건조,맑음,교차로 - 교차로안,승용,여,61세,상해없음,승용,여,29세,중상
2019030800100146,2019년 3월 8일 08시,금요일,충청남도 당진시 시곡리,중상사고,0,1,1,0,차대차 - 기타,중앙선침범,건조,맑음,단일로 - 기타,이륜,남,76세,상해없음,승용,남,47세,상해없음
2019030800100147,2019년 3월 8일 08시,금요일,충청남도 태안군 태안읍,경상사고,0,0,1,0,차대사람 - 횡단중,보행자보호의무위반,건조,맑음,교차로 - 교차로안,화물,여,56세,상해없음,보행자,남,39세,경상
2019030800100187,2019년 3월 8일 09시,금요일,충청남도 태안군 근흥면,경상사고,0,0,4,0,차대차 - 측면충돌,안전운전불이행,건조,맑음,단일로 - 기타,승용,남,69세,경상,화물,남,24세,경상
2019030800100189,2019년 3월 8일 09시,금요일,충청남도 당진시 송악읍,경상사고,0,0,3,0,차대차 - 추돌,안전운전불이행,건조,맑음,단일로 - 기타,화물,남,36세,상해없음,승용,남,59세,상해없음
2019030800100226,2019년 3월 8일 10시,금요일,충청남도 천안시 서북구 입장면,경상사고,0,0,1,0,차대사람 - 기타,안전운전불이행,건조,맑음,단일로 - 기타,승용,남,19세,상해없음,보행자,남,75세,경상
2019030800100227,2019년 3월 8일 10시,금요일,충청남도 논산시 덕지동,경상사고,0,0,1,0,차대차 - 측면충돌,안전거리미확보,건조,맑음,교차로 - 교차로부근,승용,남,54세,상해없음,승용,여,27세,경상
2019030800100228,2019년 3월 8일 10시,금요일,충청남도 홍성군 광천읍,경상사고,0,0,1,0,차대사람 - 차도통행중,안전운전불이행,건조,맑음,교차로 - 교차로부근,승합,남,60세,상해없음,보행자,여,83세,경상
2019030800100263,2019년 3월 8일 11시,금요일,충청남도 보령시 청소면,중상사고,0,1,0,0,차대차 - 기타,안전운전불이행,건조,맑음,단일로 - 기타,이륜,남,76세,중상,승용,남,31세,상해없음
2019030800100264,2019년 3월 8일 11시,금요일,충청남도 공주시 우성면,중상사고,0,1,1,0,차대차 - 추돌,안전운전불이행,건조,맑음,단일로 - 기타,화물,남,47세,중상,승용,남,60세,경상
2019030800100265,2019년 3월 8일 11시,금요일,충청남도 공주시 반포면,경상사고,0,0,1,0,차량단독 - 도로외이탈 - 기타,기타,건조,맑음,교차로 - 교차로안,승합,남,58세,상해없음,,,,
2019030800100304,2019년 3월 8일 12시,금요일,충청남도 서산시 대산읍,경상사고,0,0,1,0,차대차 - 측면충돌,안전거리미확보,건조,맑음,교차로 - 교차로부근,화물,남,73세,상해없음,승용,남,27세,경상
2019030800100305,2019년 3월 8일 12시,금요일,충청남도 천안시 서북구 쌍용동,경상사고,0,0,2,0,차대차 - 추돌,안전운전불이행,건조,맑음,교차로 - 교차로부근,승용,남,51세,상해없음,승용,남,43세,경상
2019030800100306,2019년 3월 8일 12시,금요일,충청남도 당진시 합덕읍,중상사고,0,1,0,0,차대차 - 측면충돌,안전운전불이행,건조,맑음,교차로 - 교차로부근,화물,남,60세,상해없음,이륜,남,63세,중상
2019030800100344,2019년 3월 8일 13시,금요일,충청남도 금산군 추부면,경상사고,0,0,1,0,차대차 - 측면충돌,신호위반,건조,맑음,교차로 - 교차로안,승용,남,18세,상해없음,이륜,남,24세,경상
2019030800100382,2019년 3월 8일 14시,금요일,충청남도 천안시 동남구 구성동,중상사고,0,1,0,0,차대차 - 기타,안전운전불이행,건조,맑음,교차로 - 교차로안,승용,여,37세,상해없음,승용,남,57세,중상
2019030800100418,2019년 3월 8일 15시,금요일,충청남도 천안시 동남구 광덕면,경상사고,0,0,4,1,차대차 - 기타,안전운전불이행,건조,맑음,단일로 - 터널,승용,여,32세,상해없음,승용,남,31세,경상
2019030800100497,2019년 3월 8일 17시,금요일,충청남도 서산시 석림동,부상신고사고,0,0,0,1,차대차 - 추돌,안전거리미확보,건조,맑음,단일로 - 기타,승용,남,36세,상해없음,승용,남,32세,상해없음
2019030800100498,2019년 3월 8일 17시,금요일,충청남도 홍성군 홍성읍,경상사고,0,0,1,0,차대차 - 측면충돌,교차로운행방법위반,건조,맑음,교차로 - 교차로안,승용,남,36세,상해없음,승용,남,37세,경상
2019030800100499,2019년 3월 8일 17시,금요일,충청남도 공주시 신관동,부상신고사고,0,0,0,1,차대차 - 정면충돌,신호위반,건조,맑음,교차로 - 교차로안,승용,여,43세,상해없음,화물,남,60세,부상신고
2019030800100552,2019년 3월 8일 18시,금요일,충청남도 천안시 서북구 쌍용동,경상사고,0,0,2,0,차대차 - 기타,안전운전불이행,건조,맑음,교차로 - 교차로안,승용,여,47세,상해없음,승용,남,61세,경상
2019030800100553,2019년 3월 8일 18시,금요일,충청남도 보령시 신흑동,경상사고,0,0,1,0,차량단독 - 공작물충돌,기타,건조,맑음,교차로 - 교차로부근,이륜,남,70세,경상,,,,
2019030800100554,2019년 3월 8일 18시,금요일,충청남도 당진시 신평면,경상사고,0,0,2,0,차대차 - 측면충돌,신호위반,건조,맑음,교차로 - 교차로안,승용,여,59세,상해없음,승용,여,48세,경상
2019030800100609,2019년 3월 8일 19시,금요일,충청남도 예산군 예산읍,경상사고,0,0,1,0,차대차 - 측면충돌,직진우회전진행방해,건조,맑음,교차로 - 교차로안,승용,남,31세,상해없음,화물,남,61세,경상
2019030800100648,2019년 3월 8일 20시,금요일,충청남도 공주시 신관동,중상사고,0,1,0,0,차대사람 - 기타,안전운전불이행,건조,맑음,기타 - 기타,승용,여,50세,상해없음,보행자,남,30세,중상
2019030800100725,2019년 3월 8일 23시,금요일,충청남도 아산시 둔포면,경상사고,0,0,2,0,차대차 - 기타,안전운전불이행,건조,맑음,교차로 - 교차로안,승용,남,46세,경상,승용,여,23세,경상
2019030900100044,2019년 3월 9일 01시,토요일,충청남도 천안시 서북구 직산읍,중상사고,0,1,0,0,차대사람 - 기타,안전운전불이행,건조,맑음,단일로 - 기타,승용,남,40세,상해없음,보행자,남,57세,중상
2019030900100094,2019년 3월 9일 05시,토요일,충청남도 천안시 서북구 백석동,경상사고,0,0,1,0,차대차 - 측면충돌,신호위반,건조,맑음,교차로 - 교차로안,승용,여,55세,상해없음,승용,남,35세,경상