사고번호,사고일시,요일,시군구,사고내용,사망자수,중상자수,경상자수,부상신고자수,사고유형,법규위반,노면상태,기상상태,도로형태,가해운전자 차종,가해운전자 성별,가해운전자 연령,가해운전자 상해정도,피해운전자 차종,피해운전자 성별,피해운전자 연령,피해운전자 상해정도
2019031400100301,2019년 3월 14일 13시,목요일,충청남도 천안시 동남구 원성동,중상사고,0,1,0,0,차대사람 - 기타,안전운전불이행,건조,맑음,교차로 - 교차로안,승합,남,71세,상해없음,보행자,여,74세,중상
2019031400100329,2019년 3월 14일 14시,목요일,충청남도 당진시 신평면,경상사고,0,0,1,0,차대차 - 측면충돌,직진우회전진행방해,건조,맑음,교차로 - 교차로안,승용,여,43세,경상,화물,남,69세,상해없음
2019031400100361,2019년 3월 14일 15시,목요일,충청남도 홍성군 홍성읍,경상사고,0,0,1,0,차대차 - 기타,안전운전불이행,건조,맑음,교차로 - 교차로부근,승용,여,45세,상해없음,이륜,남,76세,경상
2019031400100362,2019년 3월 14일 15시,목요일,충청남도 보령시 대천동,중상사고,0,1,0,0,차대차 - 측면충돌,신호위반,건조,맑음,교차로 - 교차로안,승용,여,48세,상해없음,승용,남,65세,중상
2019031400100363,2019년 3월 14일 15시,목요일,충청남도 예산군 예산읍,경상사고,0,0,1,0,차대차 - 측면충돌,직진우회전진행방해,건조,맑음,교차로 - 교차로안,이륜,남,77세,경상,승용,여,62세,상해없음
2019031400100400,2019년 3월 14일 16시,목요일,충청남도 아산시 배방읍,경상사고,0,0,1,0,차대차 - 추돌,안전운전불이행,건조,맑음,교차로 - 교차로부근,승용,여,39세,상해없음,승용,여,46세,경상
2019031400100462,2019년 3월 14일 18시,목요일,충청남도 천안시 서북구 쌍용동,중상사고,0,1,0,0,차대사람 - 기타,안전운전불이행,건조,맑음,단일로 - 기타,승용,여,45세,상해없음,보행자,여,15세,중상
2019031400100464,2019년 3월 14일 18시,목요일,충청남도 당진시 시곡리,중상사고,0,1,1,0,차대차 - 추돌,안전운전불이행,건조,맑음,단일로 - 기타,특수,남,33세,상해없음,승용,남,63세,중상
2019031400100465,2019년 3월 14일 18시,목요일,충청남도 청양군 청양읍,중상사고,0,1,1,0,차대차 - 측면충돌,직진우회전진행방해,건조,맑음,교차로 - 교차로안,승용,남,38세,경상,승용,남,57세,중상
2019031400100466,2019년 3월 14일 18시,목요일,충청남도 천안시 동남구 유량동,경상사고,0,0,1,1,차대차 - 기타,중앙선침범,건조,맑음,단일로 - 기타,승용,여,60세,부상신고,화물,남,65세,경상
2019031400100510,2019년 3월 14일 19시,목요일,충청남도 부여군 장암면,경상사고,0,0,1,0,차대차 - 추돌,안전운전불이행,건조,맑음,단일로 - 기타,승용,남,69세,상해없음,이륜,남,57세,경상
2019031400100573,2019년 3월 14일 21시,목요일,충청남도 천안시 동남구 청수동,경상사고,0,0,1,0,차대사람 - 기타,안전운전불이행,건조,맑음,교차로 - 교차로부근,승용,여,59세,상해없음,보행자,남,44세,경상
2019031400100606,2019년 3월 14일 22시,목요일,충청남도 서산시 석림동,경상사고,0,0,1,0,차대차 - 정면충돌,안전운전불이행,건조,맑음,교차로 - 교차로부근,승용,남,54세,상해없음,승용,여,28세,경상
2019031400100632,2019년 3월 14일 23시,목요일,충청남도 천안시 서북구 두정동,경상사고,0,0,1,0,차대차 - 측면충돌,차로위반,건조,맑음,단일로 - 기타,승용,남,25세,상해없음,이륜,남,25세,경상
2019031500100044,2019년 3월 15일 01시,금요일,충청남도 서산시 예천동,경상사고,0,0,1,0,차대차 - 기타,안전운전불이행,건조,맑음,단일로 - 기타,승용,남,45세,상해없음,승용,남,46세,경상
2019031500100068,2019년 3월 15일 04시,금요일,충청남도 홍성군 홍성읍,중상사고,0,1,0,0,차대사람 - 기타,안전운전불이행,건조,맑음,단일로 - 기타,승용,남,42세,상해없음,보행자,남,73세,중상
2019031500100086,2019년 3월 15일 06시,금요일,충청남도 천안시 서북구 두정동,경상사고,0,0,4,0,차대차 - 추돌,안전운전불이행,건조,맑음,단일로 - 기타,승용,남,26세,상해없음,승용,여,54세,경상
2019031500100087,2019년 3월 15일 06시,금요일,충청남도 서천군 마산면,중상사고,0,1,1,0,차대차 - 측면충돌,직진우회전진행방해,건조,맑음,교차로 - 교차로안,화물,남,50세,경상,승용,여,52세,중상
2019031500100105,2019년 3월 15일 07시,금요일,충청남도 홍성군 금마면,중상사고,0,1,0,0,차대차 - 측면충돌,안전운전불이행,젖음/습기,안개,교차로 - 교차로안,화물,남,47세,상해없음,승용,여,58세,중상
2019031500100106,2019년 3월 15일 07시,금요일,충청남도 보령시 신흑동,경상사고,0,0,2,0,차대차 - 측면충돌,신호위반,건조,맑음,교차로 - 교차로안,승용,여,59세,경상,승용,남,33세,경상
2019031500100144,2019년 3월 15일 08시,금요일,충청남도 보령시 동대동,경상사고,0,0,1,0,차대사람 - 횡단중,보행자보호의무위반,건조,맑음,교차로 - 교차로횡단보도내,승용,여,55세,상해없음,보행자,여,7세,경상
2019031500100200,2019년 3월 15일 10시,금요일,충청남도 서천군 장항읍,중상사고,0,1,0,0,차대차 - 기타,중앙선침범,건조,맑음,교차로 - 교차로안,자전거,여,76세,중상,건설기계,남,48세,상해없음
2019031500100264,2019년 3월 15일 12시,금요일,충청남도 천안시 동남구 신방동,중상사고,0,1,0,0,차대차 - 측면충돌,안전거리미확보,건조,맑음,단일로 - 기타,화물,남,54세,상해없음,승용,여,29세,중상
2019031500100291,2019년 3월 15일 13시,금요일,충청남도 당진시 합덕읍,경상사고,0,0,1,0,차대차 - 측면충돌,신호위반,건조,맑음,교차로 - 교차로안,이륜,남,78세,경상,화물,남,72세,상해없음
2019031500100292,2019년 3월 15일 13시,금요일,충청남도 당진시 채운동,경상사고,0,0,2,0,차대차 - 측면충돌,교차로운행방법위반,건조,맑음,교차로 - 교차로안,화물,남,49세,상해없음,승용,남,31세,경상
2019031500100324,2019년 3월 15일 14시,금요일,충청남도 천안시 서북구 백석동,경상사고,0,0,3,0,차대차 - 기타,중앙선침범,건조,맑음,교차로 - 교차로부근,승용,여,41세,상해없음,승용,여,32세,경상
2019031500100407,2019년 3월 15일 16시,금요일,충청남도 아산시 배방읍,경상사고,0,0,1,0,차대사람 - 횡단중,보행자보호의무위반,젖음/습기,비,단일로 - 기타,화물,남,24세,상해없음,보행자,여,18세,경상
2019031500100466,2019년 3월 15일 17시,금요일,충청남도 서산시 예천동,경상사고,0,0,1,0,차대차 - 측면충돌,신호위반,건조,맑음,교차로 - 교차로안,승용,남,53세,상해없음,승용,여,41세,경상
2019031500100516,2019년 3월 15일 18시,금요일,충청남도 아산시 배방읍,중상사고,0,1,0,0,차대사람 - 횡단중,신호위반,기타,맑음,교차로 - 교차로횡단보도내,이륜,남,19세,상해없음,보행자,여,57세,중상
2019031500100517,2019년 3월 15일 18시,금요일,충청남도 서천군 장항읍,경상사고,0,0,1,0,차량단독 - 전도전복 - 전도,안전운전불이행,건조,맑음,단일로 - 고가도로위,특수,남,40세,경상,,,,
2019031500100520,2019년 3월 15일 18시,금요일,충청남도 천안시 동남구 목천읍,경상사고,0,0,1,0,차대차 - 추돌,안전운전불이행,건조,맑음,단일로 - 기타,기타불명,기타불명,미분류,기타불명,승용,남,26세,경상
2019031500100567,2019년 3월 15일 19시,금요일,충청남도 서산시 성연면,경상사고,0,0,1,0,차대차 - 측면충돌,신호위반,젖음/습기,비,교차로 - 교차로안,승용,남,34세,상해없음,승용,남,42세,경상
2019031500100568,2019년 3월 15일 19시,금요일,충청남도 부여군 부여읍,경상사고,0,0,1,0,차대사람 - 기타,안전운전불이행,젖음/습기,비,교차로 - 교차로안,승용,남,52세,상해없음,보행자,남,64세,경상
2019031500100657,2019년 3월 15일 21시,금요일,충청남도 천안시 서북구 성정동,경상사고,0,0,1,0,차대사람 - 기타,안전운전불이행,건조,맑음,교차로 - 교차로부근,승용,남,40세,상해없음,보행자,여,54세,경상
2019031500100658,2019년 3월 15일 21시,금요일,충청남도 천안시 서북구 입장면,경상사고,0,0,3,0,차대차 - 기타,교차로운행방법위반,젖음/습기,비,교차로 - 교차로부근,승용,남,76세,상해없음,승용,남,47세,경상
2019031500100726,2019년 3월 15일 23시,금요일,충청남도 천안시 서북구 성정동,중상사고,0,2,0,0,차대차 - 측면충돌,신호위반,젖음/습기,흐림,교차로 - 교차로부근,승용,남,32세,상해없음,승용,남,32세,중상
2019031500100727,2019년 3월 15일 23시,금요일,충청남도 천안시 서북구 불당동,경상사고,0,0,1,0,차대차 - 추돌,안전운전불이행,건조,맑음,교차로 - 교차로부근,승용,남,35세,상해없음,승용,남,40세,경상
2019031600100034,2019년 3월 16일 00시,토요일,충청남도 천안시 서북구 두정동,경상사고,0,0,1,0,차대차 - 기타,안전운전불이행,건조,맑음,단일로 - 기타,승용,남,24세,상해없음,승용,남,26세,경상
2019031600100057,2019년 3월 16일 01시,토요일,충청남도 공주시 신관동,경상사고,0,0,1,0,차대차 - 측면충돌,신호위반,건조,맑음,교차로 - 교차로안,승용,남,24세,상해없음,승용,남,49세,경상
2019031600100071,2019년 3월 16일 02시,토요일,충청남도 천안시 동남구 신방동,경상사고,0,0,2,0,차대차 - 기타,안전운전불이행,건조,맑음,교차로 - 교차로안,승용,남,32세,상해없음,승용,남,61세,경상
2019031600100102,2019년 3월 16일 05시,토요일,충청남도 천안시 동남구 안서동,경상사고,0,0,1,0,차대차 - 정면충돌,중앙선침범,건조,맑음,단일로 - 기타,승용,남,20세,상해없음,승용,남,35세,경상
2019031600100132,2019년 3월 16일 07시,토요일,충청남도 천안시 동남구 목천읍,경상사고,0,0,1,1,차대차 - 정면충돌,신호위반,건조,맑음,교차로 - 교차로안,승용,여,50세,부상신고,건설기계,남,58세,경상
2019031600100133,2019년 3월 16일 07시,토요일,충청남도 태안군 태안읍,경상사고,0,0,2,0,차대차 - 측면충돌,안전운전불이행,건조,맑음,단일로 - 기타,화물,남,60세,상해없음,승용,남,64세,경상
2019031600100148,2019년 3월 16일 08시,토요일,충청남도 천안시 동남구 풍세면,경상사고,0,0,1,0,차대차 - 측면충돌,교차로운행방법위반,건조,맑음,교차로 - 교차로안,화물,남,26세,상해없음,승용,여,58세,경상
2019031600100177,2019년 3월 16일 09시,토요일,충청남도 천안시 서북구 두정동,경상사고,0,0,2,0,차대차 - 측면충돌,중앙선침범,건조,맑음,단일로 - 기타,승용,여,27세,상해없음,승용,남,63세,경상
2019031600100178,2019년 3월 16일 09시,토요일,충청남도 아산시 배방읍,중상사고,0,1,0,0,차대차 - 측면충돌,안전운전불이행,건조,맑음,기타 - 기타,승용,여,56세,상해없음,승용,남,63세,상해없음
2019031600100206,2019년 3월 16일 10시,토요일,충청남도 서산시 읍내동,경상사고,0,0,1,0,차대차 - 측면충돌,안전운전불이행,건조,맑음,교차로 - 교차로부근,승용,여,44세,상해없음,자전거,남,73세,경상
2019031600100358,2019년 3월 16일 14시,토요일,충청남도 천안시 동남구 병천면,중상사고,0,1,0,0,차대사람 - 기타,안전운전불이행,건조,맑음,단일로 - 기타,승용,남,78세,상해없음,보행자,여,64세,중상
2019031600100393,2019년 3월 16일 15시,토요일,충청남도 아산시 방축동,부상신고사고,0,0,0,1,차대차 - 기타,안전운전불이행,건조,맑음,기타 - 기타,이륜,남,76세,부상신고,승용,남,59세,상해없음
2019031600100430,2019년 3월 16일 16시,토요일,충청남도 금산군 남일면,중상사고,0,1,0,0,차대사람 - 기타,안전운전불이행,건조,맑음,교차로 - 교차로부근,화물,남,23세,상해없음,보행자,여,78세,중상
2019031600100431,2019년 3월 16일 16시,토요일,충청남도 천안시 동남구 동면,경상사고,0,0,2,0,차대차 - 측면충돌,중앙선침범,건조,맑음,단일로 - 기타,승합,남,24세,기타불명,승용,여,34세,경상
2019031600100432,2019년 3월 16일 16시,토요일,충청남도 천안시 동남구 원성동,경상사고,0,0,4,0,차대차 - 측면충돌,안전운전불이행,건조,맑음,단일로 - 기타,승용,여,59세,상해없음,승용,남,45세,경상
2019031600100433,2019년 3월 16일 16시,토요일,충청남도 공주시 우성면,경상사고,0,0,1,0,차대차 - 기타,안전운전불이행,건조,맑음,단일로 - 기타,승용,남,25세,경상,승용,여,47세,상해없음
2019031600100464,2019년 3월 16일 17시,토요일,충청남도 아산시 모종동,경상사고,0,0,1,0,차대사람 - 횡단중,보행자보호의무위반,건조,맑음,교차로 - 교차로횡단보도내,승용,여,33세,상해없음,보행자,여,12세,경상
2019031600100465,2019년 3월 16일 17시,토요일,충청남도 당진시 읍내리,경상사고,0,0,1,0,차대차 - 기타,교차로운행방법위반,건조,맑음,교차로 - 교차로안,승용,여,36세,경상,승용,여,35세,상해없음
2019031600100497,2019년 3월 16일 18시,토요일,충청남도 서천군 화양면,경상사고,0,0,2,0,차대차 - 추돌,교차로운행방법위반,건조,맑음,교차로 - 교차로안,승용,남,66세,상해없음,승용,여,28세,경상
2019031600100498,2019년 3월 16일 18시,토요일,충청남도 공주시 정안면,중상사고,0,4,2,0,차대차 - 추돌,과속,건조,맑음,단일로 - 기타,승용,남,26세,경상,화물,남,51세,중상
2019031600100500,2019년 3월 16일 18시,토요일,충청남도 당진시 대덕리,경상사고,0,0,1,0,차대차 - 기타,신호위반,건조,맑음,교차로 - 교차로부근,이륜,남,75세,경상,승용,남,34세,상해없음
2019031600100518,2019년 3월 16일 19시,토요일,충청남도 천안시 서북구 불당동,중상사고,0,1,0,0,차대차 - 측면충돌,안전운전불이행,건조,맑음,교차로 - 교차로안,승용,남,32세,상해없음,이륜,남,31세,중상
2019031600100552,2019년 3월 16일 20시,토요일,충청남도 천안시 서북구 성정동,경상사고,0,0,1,0,차대사람 - 횡단중,보행자보호의무위반,건조,맑음,기타 - 기타,승용,여,29세,상해없음,보행자,남,52세,경상
2019031600100593,2019년 3월 16일 22시,토요일,충청남도 홍성군 서부면,경상사고,0,0,1,0,차대차 - 추돌,안전운전불이행,건조,맑음,단일로 - 기타,승용,남,35세,경상,화물,남,53세,기타불명
2019031600100594,2019년 3월 16일 22시,토요일,충청남도 천안시 동남구 성남면,경상사고,0,0,3,0,차대차 - 측면충돌,안전운전불이행,건조,맑음,기타 - 기타,기타불명,기타불명,미분류,기타불명,화물,남,61세,경상
2019031700100028,2019년 3월 17일 00시,일요일,충청남도 천안시 서북구 두정동,경상사고,0,0,1,0,차대사람 - 기타,안전운전불이행,건조,맑음,단일로 - 기타,승용,남,28세,상해없음,보행자,여,24세,경상
2019031700100173,2019년 3월 17일 11시,일요일,충청남도 서산시 읍내동,경상사고,0,0,1,0,차대차 - 측면충돌,안전운전불이행,건조,맑음,교차로 - 교차로안,승용,여,53세,상해없음,승용,여,42세,경상
2019031700100174,2019년 3월 17일 11시,일요일,충청남도 아산시 온천동,경상사고,0,0,2,0,차대차 - 측면충돌,안전운전불이행,건조,맑음,교차로 - 교차로안,승용,여,43세,경상,승용,남,58세,경상
2019031700100175,2019년 3월 17일 11시,일요일,충청남도 태안군 안면읍,경상사고,0,0,2,0,차대차 - 추돌,안전운전불이행,건조,맑음,교차로 - 교차로부근,이륜,남,67세,경상,이륜,남,62세,경상
2019031700100198,2019년 3월 17일 12시,일요일,충청남도 천안시 서북구 입장면,경상사고,0,0,1,0,차대차 - 측면충돌,안전운전불이행,건조,맑음,단일로 - 기타,화물,남,69세,상해없음,원동기,남,69세,경상
2019031700100199,2019년 3월 17일 12시,일요일,충청남도 보령시 주교면,경상사고,0,0,1,0,차대차 - 추돌,안전운전불이행,건조,맑음,교차로 - 교차로부근,승용,여,41세,상해없음,승용,여,26세,경상
2019031700100242,2019년 3월 17일 13시,일요일,충청남도 서산시 읍내동,경상사고,0,0,1,1,차대차 - 측면충돌,안전운전불이행,건조,맑음,교차로 - 교차로안,승용,남,45세,상해없음,승용,여,49세,경상
2019031700100283,2019년 3월 17일 14시,일요일,충청남도 서천군 마서면,경상사고,0,0,3,0,차대차 - 추돌,안전거리미확보,건조,맑음,교차로 - 교차로부근,승용,남,36세,상해없음,화물,남,68세,경상
2019031700100284,2019년 3월 17일 14시,일요일,충청남도 당진시 석문면,중상사고,0,1,0,0,차량단독 - 기타,기타,건조,맑음,단일로 - 기타,승합,남,46세,상해없음,,,,
2019031700100306,2019년 3월 17일 15시,일요일,충청남도 천안시 동남구 성남면,경상사고,0,0,1,0,차대사람 - 기타,안전운전불이행,건조,맑음,단일로 - 기타,기타불명,기타불명,미분류,기타불명,보행자,남,69세,경상
2019031700100339,2019년 3월 17일 16시,일요일,충청남도 서산시 석림동,경상사고,0,0,2,0,차대차 - 추돌,안전거리미확보,건조,맑음,교차로 - 교차로안,화물,남,53세,상해없음,승용,여,48세,경상
2019031700100340,2019년 3월 17일 16시,일요일,충청남도 천안시 서북구 성성동,중상사고,0,1,0,0,차대사람 - 횡단중,신호위반,건조,맑음,교차로 - 교차로부근,승용,여,32세,상해없음,보행자,여,12세,중상
2019031700100341,2019년 3월 17일 16시,일요일,충청남도 천안시 동남구 청수동,중상사고,0,1,0,0,차대차 - 기타,중앙선침범,건조,맑음,교차로 - 교차로부근,승용,남,32세,상해없음,이륜,남,24세,중상
2019031700100400,2019년 3월 17일 18시,일요일,충청남도 서산시 동문동,경상사고,0,0,1,0,차대차 - 측면충돌,안전운전불이행,건조,맑음,교차로 - 교차로안,승용,남,43세,경상,승용,여,51세,상해없음
2019031700100401,2019년 3월 17일 18시,일요일,충청남도 천안시 서북구 성정동,경상사고,0,0,1,0,차대차 - 측면충돌,직진우회전진행방해,건조,맑음,교차로 - 교차로안,승용,여,30세,상해없음,승용,남,62세,경상
2019031700100402,2019년 3월 17일 18시,일요일,충청남도 홍성군 구항면,중상사고,0,1,1,0,차대차 - 측면충돌,직진우회전진행방해,건조,맑음,교차로 - 교차로안,화물,남,64세,상해없음,이륜,남,84세,경상
2019031700100493,2019년 3월 17일 22시,일요일,충청남도 서산시 석남동,경상사고,0,0,1,1,차대차 - 측면충돌,안전운전불이행,건조,맑음,단일로 - 기타,승용,남,55세,상해없음,승용,남,52세,경상
2019031700100494,2019년 3월 17일 22시,일요일,충청남도 공주시 정안면,경상사고,0,0,4,0,차대차 - 추돌,안전거리미확보,건조,맑음,단일로 - 기타,승용,남,39세,상해없음,승용,여,22세,경상
2019031700100510,2019년 3월 17일 23시,일요일,충청남도 서산시 석남동,경상사고,0,0,1,0,차대차 - 측면충돌,안전운전불이행,건조,맑음,단일로 - 기타,승용,남,29세,상해없음,이륜,남,63세,경상
2019031800100028,2019년 3월 18일 00시,월요일,충청남도 논산시 취암동,중상사고,0,3,0,0,차대차 - 기타,신호위반,건조,맑음,교차로 - 교차로안,승용,남,55세,상해없음,승용,남,23세,중상
2019031800100034,2019년 3월 18일 01시,월요일,충청남도 서산시 예천동,중상사고,0,2,0,0,차대차 - 정면충돌,중앙선침범,건조,맑음,단일로 - 기타,승용,여,52세,상해없음,승용,남,41세,중상
2019031800100070,2019년 3월 18일 06시,월요일,충청남도 홍성군 홍성읍,중상사고,0,1,0,0,차대차 - 측면충돌,신호위반,건조,맑음,교차로 - 교차로안,건설기계,남,50세,상해없음,화물,남,28세,중상
2019031800100071,2019년 3월 18일 06시,월요일,충청남도 보령시 내항동,중상사고,0,1,0,0,차대차 - 측면충돌,중앙선침범,건조,맑음,단일로 - 기타,승용,남,62세,상해없음,화물,남,78세,상해없음
2019031800100072,2019년 3월 18일 06시,월요일,충청남도 부여군 외산면,중상사고,0,1,0,0,차대차 - 후진중충돌,안전운전불이행,건조,맑음,단일로 - 기타,화물,남,59세,상해없음,승용,여,59세,중상
2019031800100127,2019년 3월 18일 08시,월요일,충청남도 부여군 부여읍,중상사고,0,1,0,0,차대차 - 정면충돌,신호위반,건조,맑음,교차로 - 교차로안,화물,남,71세,상해없음,승용,여,56세,중상
2019031800100197,2019년 3월 18일 10시,월요일,충청남도 예산군 예산읍,경상사고,0,0,1,0,차대차 - 추돌,안전거리미확보,건조,맑음,교차로 - 교차로부근,승합,남,68세,상해없음,승용,여,46세,경상
2019031800100256,2019년 3월 18일 12시,월요일,충청남도 천안시 서북구 성환읍,경상사고,0,0,1,0,차대차 - 기타,교차로운행방법위반,건조,맑음,교차로 - 교차로안,승용,여,67세,상해없음,화물,남,50세,경상
2019031800100257,2019년 3월 18일 12시,월요일,충청남도 서천군 서천읍,경상사고,0,0,1,0,차대사람 - 보도통행중,보행자보호의무위반,건조,맑음,교차로 - 교차로횡단보도내,승용,남,77세,상해없음,보행자,여,79세,경상
2019031800100258,2019년 3월 18일 12시,월요일,충청남도 당진시 합덕읍,사망사고,1,0,0,0,차대차 - 측면충돌,교차로운행방법위반,건조,맑음,교차로 - 교차로안,원동기,남,62세,사망,화물,남,60세,상해없음
2019031800100284,2019년 3월 18일 13시,월요일,충청남도 보령시 남포면,중상사고,0,1,0,0,차량단독 - 기타,안전운전불이행,건조,맑음,단일로 - 기타,사륜오토바이(ATV),남,75세,상해없음,,,,
2019031800100311,2019년 3월 18일 14시,월요일,충청남도 천안시 서북구 쌍용동,경상사고,0,0,1,0,차대차 - 측면충돌,안전운전불이행,건조,맑음,교차로 - 교차로횡단보도내,자전거,남,79세,상해없음,승용,남,45세,상해없음
2019031800100312,2019년 3월 18일 14시,월요일,충청남도 아산시 모종동,중상사고,0,1,0,0,차대사람 - 기타,신호위반,건조,맑음,교차로 - 교차로횡단보도내,승합,남,52세,상해없음,보행자,여,55세,중상
2019031800100338,2019년 3월 18일 15시,월요일,충청남도 보령시 신흑동,중상사고,0,1,0,0,차대사람 - 횡단중,안전운전불이행,건조,맑음,교차로 - 교차로부근,화물,남,27세,상해없음,보행자,남,13세,중상
2019031800100375,2019년 3월 18일 16시,월요일,충청남도 서산시 예천동,중상사고,0,1,0,0,차대차 - 측면충돌,안전거리미확보,건조,맑음,단일로 - 기타,이륜,남,87세,중상,화물,남,53세,상해없음
2019031800100376,2019년 3월 18일 16시,월요일,충청남도 논산시 부적면,중상사고,0,1,0,0,차대차 - 측면충돌,안전운전불이행,건조,맑음,교차로 - 교차로안,이륜,남,54세,상해없음,이륜,남,76세,중상
2019031800100377,2019년 3월 18일 16시,월요일,충청남도 당진시 읍내리,중상사고,0,1,0,0,차대사람 - 횡단중,안전운전불이행,건조,맑음,단일로 - 기타,승용,여,39세,상해없음,보행자,여,35세,중상
2019031800100416,2019년 3월 18일 17시,월요일,충청남도 천안시 서북구 성정동,경상사고,0,0,1,0,차대차 - 기타,중앙선침범,건조,맑음,교차로 - 교차로부근,승용,남,62세,상해없음,이륜,남,20세,경상
2019031800100417,2019년 3월 18일 17시,월요일,충청남도 서천군 마서면,경상사고,0,0,1,0,차대차 - 측면충돌,직진우회전진행방해,건조,맑음,교차로 - 교차로안,이륜,남,81세,경상,화물,남,58세,상해없음
2019031800100485,2019년 3월 18일 19시,월요일,충청남도 서천군 서천읍,사망사고,1,0,0,0,차대사람 - 길가장자리구역통행중,안전운전불이행,건조,맑음,단일로 - 기타,승용,남,73세,상해없음,보행자,여,82세,사망
2019031800100513,2019년 3월 18일 20시,월요일,충청남도 서산시 예천동,경상사고,0,0,1,0,차대차 - 측면충돌,기타,건조,맑음,단일로 - 기타,승용,남,56세,상해없음,이륜,남,45세,경상
2019031800100514,2019년 3월 18일 20시,월요일,충청남도 아산시 배미동,경상사고,0,0,1,0,차대사람 - 기타,안전운전불이행,건조,맑음,단일로 - 기타,기타불명,기타불명,미분류,기타불명,보행자,남,55세,경상
2019031800100515,2019년 3월 18일 20시,월요일,충청남도 천안시 동남구 신부동,중상사고,0,1,0,0,차대차 - 측면충돌,직진우회전진행방해,건조,맑음,교차로 - 교차로안,승용,남,56세,상해없음,이륜,남,21세,중상
2019031800100537,2019년 3월 18일 21시,월요일,충청남도 보령시 명천동,중상사고,0,1,0,0,차대사람 - 횡단중,안전운전불이행,건조,맑음,기타 - 기타,승용,남,40세,상해없음,보행자,남,43세,중상
2019031800100584,2019년 3월 18일 23시,월요일,충청남도 천안시 동남구 신방동,경상사고,0,0,2,0,차대차 - 측면충돌,불법유턴,건조,맑음,단일로 - 기타,승용,남,62세,상해없음,승용,남,25세,경상
2019031900100091,2019년 3월 19일 06시,화요일,충청남도 당진시 석문면,경상사고,0,0,1,0,차대차 - 측면충돌,신호위반,건조,맑음,교차로 - 교차로안,화물,남,54세,상해없음,승용,남,29세,경상
2019031900100107,2019년 3월 19일 07시,화요일,충청남도 천안시 서북구 성거읍,경상사고,0,0,1,0,차대차 - 기타,안전거리미확보,건조,맑음,단일로 - 기타,승용,여,73세,상해없음,승용,남,25세,경상
2019031900100134,2019년 3월 19일 08시,화요일,충청남도 논산시 강경읍,중상사고,0,1,0,0,차대차 - 측면충돌,안전운전불이행,건조,맑음,교차로 - 교차로부근,화물,남,62세,상해없음,자전거,여,89세,중상
2019031900100135,2019년 3월 19일 08시,화요일,충청남도 보령시 주교면,경상사고,0,0,2,0,차대차 - 측면충돌,안전운전불이행,건조,맑음,교차로 - 교차로부근,승용,남,47세,상해없음,승용,여,40세,경상
2019031900100136,2019년 3월 19일 08시,화요일,충청남도 공주시 신관동,경상사고,0,0,5,0,차대차 - 측면충돌,안전운전불이행,건조,맑음,교차로 - 교차로안,승용,여,51세,경상,승용,남,44세,경상
2019031900100212,2019년 3월 19일 11시,화요일,충청남도 아산시 온천동,중상사고,0,1,0,0,차대차 - 기타,안전운전불이행,건조,맑음,교차로 - 교차로안,승용,남,55세,상해없음,이륜,남,19세,중상
2019031900100238,2019년 3월 19일 12시,화요일,충청남도 태안군 태안읍,중상사고,0,2,0,0,차대차 - 측면충돌,신호위반,건조,맑음,교차로 - 교차로안,승용,여,60세,중상,승용,남,23세,중상
2019031900100263,2019년 3월 19일 13시,화요일,충청남도 서산시 동문동,경상사고,0,0,1,0,차대차 - 측면충돌,직진우회전진행방해,건조,맑음,교차로 - 교차로안,승용,남,69세,상해없음,승용,남,23세,경상
2019031900100264,2019년 3월 19일 13시,화요일,충청남도 천안시 동남구 원성동,중상사고,0,1,0,0,차대차 - 측면충돌,교차로운행방법위반,건조,맑음,교차로 - 교차로안,승용,남,64세,상해없음,이륜,남,21세,중상
2019031900100362,2019년 3월 19일 16시,화요일,충청남도 예산군 예산읍,경상사고,0,0,1,0,차대차 - 추돌,안전거리미확보,건조,맑음,단일로 - 교량,승용,남,24세,상해없음,화물,남,60세,경상
2019031900100393,2019년 3월 19일 17시,화요일,충청남도 논산시 반월동,중상사고,0,1,0,0,차대차 - 측면충돌,교차로운행방법위반,건조,흐림,교차로 - 교차로안,승용,남,68세,상해없음,이륜,남,22세,중상
2019031900100394,2019년 3월 19일 17시,화요일,충청남도 천안시 동남구 안서동,경상사고,0,0,1,0,차대차 - 정면충돌,안전운전불이행,건조,맑음,단일로 - 기타,승용,여,45세,상해없음,승용,여,21세,경상
2019031900100430,2019년 3월 19일 18시,화요일,충청남도 천안시 서북구 성정동,경상사고,0,0,1,0,차대사람 - 기타,안전운전불이행,건조,맑음,단일로 - 기타,승합,남,58세,상해없음,보행자,여,9세,경상
2019031900100460,2019년 3월 19일 19시,화요일,충청남도 서산시 동문동,부상신고사고,0,0,0,1,차대차 - 추돌,안전운전불이행,건조,맑음,단일로 - 기타,승용,남,49세,상해없음,승용,여,57세,부상신고
2019031900100461,2019년 3월 19일 19시,화요일,충청남도 천안시 서북구 두정동,경상사고,0,0,1,0,차대차 - 측면충돌,중앙선침범,건조,맑음,단일로 - 기타,승용,남,51세,상해없음,이륜,남,19세,경상
2019031900100484,2019년 3월 19일 20시,화요일,충청남도 천안시 서북구 성정동,중상사고,0,1,0,0,차량단독 - 기타,안전운전불이행,건조,맑음,단일로 - 기타,승합,남,58세,상해없음,,,,