사고번호,사고일시,요일,시군구,사고내용,사망자수,중상자수,경상자수,부상신고자수,사고유형,법규위반,노면상태,기상상태,도로형태,가해운전자 차종,가해운전자 성별,가해운전자 연령,가해운전자 상해정도,피해운전자 차종,피해운전자 성별,피해운전자 연령,피해운전자 상해정도
2019031900100485,2019년 3월 19일 20시,화요일,충청남도 홍성군 홍성읍,경상사고,0,0,2,0,차대차 - 측면충돌,안전운전불이행,건조,맑음,교차로 - 교차로부근,승용,남,68세,상해없음,승용,남,31세,경상
2019031900100508,2019년 3월 19일 21시,화요일,충청남도 아산시 신창면,사망사고,1,0,1,0,차대차 - 기타,안전운전불이행,건조,맑음,단일로 - 기타,승용,여,55세,사망,승용,남,38세,경상
2019031900100509,2019년 3월 19일 21시,화요일,충청남도 천안시 동남구 봉명동,경상사고,0,0,1,0,차대차 - 후진중충돌,안전운전불이행,건조,맑음,교차로 - 교차로안,승용,남,42세,상해없음,이륜,남,28세,경상
2019031900100530,2019년 3월 19일 22시,화요일,충청남도 당진시 채운동,경상사고,0,0,2,0,차대차 - 추돌,안전운전불이행,건조,맑음,단일로 - 기타,승용,남,20세,상해없음,승용,여,30세,경상
2019031900100549,2019년 3월 19일 23시,화요일,충청남도 서산시 석남동,중상사고,0,1,0,0,차대차 - 측면충돌,과속,건조,맑음,교차로 - 교차로부근,승용,남,30세,상해없음,승용,여,20세,중상
2019031900100550,2019년 3월 19일 23시,화요일,충청남도 아산시 신창면,경상사고,0,0,1,0,차대차 - 정면충돌,중앙선침범,건조,맑음,단일로 - 기타,승용,남,72세,상해없음,승용,여,61세,경상
2019032000100043,2019년 3월 20일 01시,수요일,충청남도 홍성군 홍성읍,경상사고,0,0,2,0,차대차 - 측면충돌,안전운전불이행,건조,맑음,교차로 - 교차로안,화물,남,50세,상해없음,승용,남,26세,경상
2019032000100059,2019년 3월 20일 03시,수요일,충청남도 서산시 고북면,중상사고,0,1,0,0,차대차 - 기타,안전운전불이행,건조,맑음,단일로 - 기타,승용,남,37세,상해없음,화물,남,53세,중상
2019032000100090,2019년 3월 20일 06시,수요일,충청남도 서산시 대산읍,중상사고,0,3,10,1,차대차 - 측면충돌,안전운전불이행,건조,맑음,교차로 - 교차로부근,화물,남,35세,부상신고,승합,남,20세,경상
2019032000100113,2019년 3월 20일 07시,수요일,충청남도 천안시 동남구 신방동,경상사고,0,0,1,0,차대차 - 측면충돌,교차로운행방법위반,건조,맑음,교차로 - 교차로안,승용,남,53세,상해없음,승용,남,40세,경상
2019032000100192,2019년 3월 20일 09시,수요일,충청남도 천안시 서북구 성성동,경상사고,0,0,1,0,차대차 - 측면충돌,안전거리미확보,건조,맑음,단일로 - 기타,특수,남,36세,상해없음,승용,여,50세,경상
2019032000100257,2019년 3월 20일 12시,수요일,충청남도 서천군 장항읍,경상사고,0,0,1,0,차대차 - 기타,직진우회전진행방해,건조,맑음,교차로 - 교차로안,사륜오토바이(ATV),남,73세,경상,승용,남,76세,상해없음
2019032000100319,2019년 3월 20일 14시,수요일,충청남도 천안시 서북구 불당동,경상사고,0,0,1,0,차대차 - 기타,교차로운행방법위반,건조,맑음,단일로 - 기타,승합,남,63세,상해없음,이륜,남,28세,경상
2019032000100359,2019년 3월 20일 15시,수요일,충청남도 홍성군 홍북읍,경상사고,0,0,2,0,차대차 - 정면충돌,안전운전불이행,젖음/습기,비,단일로 - 기타,승용,남,59세,상해없음,화물,남,58세,상해없음
2019032000100360,2019년 3월 20일 15시,수요일,충청남도 공주시 월송동,중상사고,0,1,1,0,차대차 - 정면충돌,중앙선침범,젖음/습기,비,단일로 - 기타,승용,여,55세,경상,승용,남,44세,중상
2019032000100361,2019년 3월 20일 15시,수요일,충청남도 천안시 동남구 목천읍,경상사고,0,0,2,0,차대차 - 측면충돌,안전운전불이행,젖음/습기,비,단일로 - 기타,화물,남,33세,상해없음,화물,남,54세,경상
2019032000100395,2019년 3월 20일 16시,수요일,충청남도 천안시 서북구 쌍용동,부상신고사고,0,0,0,1,차대차 - 측면충돌,교차로운행방법위반,젖음/습기,비,단일로 - 기타,화물,남,49세,상해없음,자전거,남,76세,부상신고
2019032000100396,2019년 3월 20일 16시,수요일,충청남도 공주시 우성면,경상사고,0,0,1,0,차대차 - 후진중충돌,안전운전불이행,젖음/습기,비,주차장 - 주차장,화물,남,53세,상해없음,승용,여,43세,경상
2019032000100436,2019년 3월 20일 17시,수요일,충청남도 서산시 인지면,중상사고,0,1,0,0,차대차 - 추돌,안전운전불이행,젖음/습기,비,단일로 - 기타,승합,남,66세,상해없음,승용,남,51세,중상
2019032000100533,2019년 3월 20일 19시,수요일,충청남도 아산시 배방읍,중상사고,0,1,0,0,차대차 - 기타,안전운전불이행,젖음/습기,비,단일로 - 기타,기타불명,기타불명,미분류,기타불명,이륜,남,51세,중상
2019032000100534,2019년 3월 20일 19시,수요일,충청남도 아산시 권곡동,경상사고,0,0,1,0,차대차 - 기타,안전운전불이행,젖음/습기,비,교차로 - 교차로안,승용,남,64세,상해없음,화물,남,57세,경상
2019032000100535,2019년 3월 20일 19시,수요일,충청남도 보령시 동대동,중상사고,0,1,0,0,차대사람 - 횡단중,보행자보호의무위반,건조,맑음,단일로 - 기타,승용,남,75세,상해없음,보행자,여,55세,중상
2019032000100589,2019년 3월 20일 20시,수요일,충청남도 천안시 서북구 불당동,경상사고,0,0,1,0,차대차 - 측면충돌,안전운전불이행,젖음/습기,비,교차로 - 교차로안,승용,남,63세,상해없음,승용,남,39세,경상
2019032000100638,2019년 3월 20일 21시,수요일,충청남도 천안시 동남구 대흥동,경상사고,0,0,1,0,차대차 - 추돌,교차로운행방법위반,젖음/습기,비,교차로 - 교차로안,승용,여,43세,상해없음,승합,남,59세,경상
2019032000100698,2019년 3월 20일 22시,수요일,충청남도 서산시 지곡면,중상사고,0,2,0,0,차대차 - 측면충돌,중앙선침범,젖음/습기,흐림,기타 - 기타,승용,남,27세,상해없음,승용,남,37세,중상
2019032000100699,2019년 3월 20일 22시,수요일,충청남도 천안시 서북구 백석동,경상사고,0,0,2,0,차대차 - 추돌,안전운전불이행,건조,맑음,단일로 - 기타,승용,남,38세,상해없음,승용,남,25세,경상
2019032000100700,2019년 3월 20일 22시,수요일,충청남도 홍성군 홍성읍,경상사고,0,0,1,0,차대차 - 추돌,안전운전불이행,젖음/습기,비,교차로 - 교차로부근,승용,남,47세,상해없음,승용,여,58세,경상
2019032000100737,2019년 3월 20일 23시,수요일,충청남도 당진시 송악읍,경상사고,0,0,1,0,차대차 - 추돌,안전운전불이행,젖음/습기,비,단일로 - 기타,건설기계,남,45세,상해없음,화물,남,48세,경상
2019032100100056,2019년 3월 21일 02시,목요일,충청남도 서산시 동문동,경상사고,0,0,1,0,차대차 - 측면충돌,직진우회전진행방해,건조,맑음,교차로 - 교차로안,승합,남,48세,상해없음,승용,남,55세,경상
2019032100100057,2019년 3월 21일 02시,목요일,충청남도 논산시 취암동,중상사고,0,1,0,0,차대사람 - 차도통행중,안전운전불이행,젖음/습기,비,교차로 - 교차로안,승용,남,46세,상해없음,보행자,남,30세,중상
2019032100100155,2019년 3월 21일 08시,목요일,충청남도 홍성군 홍성읍,중상사고,0,1,0,0,차대차 - 기타,안전운전불이행,젖음/습기,흐림,기타 - 기타,승용,여,51세,상해없음,이륜,여,61세,중상
2019032100100156,2019년 3월 21일 08시,목요일,충청남도 보령시 대천동,중상사고,0,1,0,0,차대차 - 측면충돌,직진우회전진행방해,건조,맑음,교차로 - 교차로안,이륜,남,75세,중상,승용,남,26세,상해없음
2019032100100189,2019년 3월 21일 09시,목요일,충청남도 천안시 서북구 불당동,경상사고,0,0,1,0,차대차 - 측면충돌,안전운전불이행,건조,맑음,단일로 - 기타,승용,여,53세,상해없음,승용,남,57세,상해없음
2019032100100190,2019년 3월 21일 09시,목요일,충청남도 공주시 우성면,중상사고,0,2,2,0,차대차 - 정면충돌,신호위반,건조,맑음,교차로 - 교차로안,승용,남,72세,경상,승용,남,66세,중상
2019032100100219,2019년 3월 21일 10시,목요일,충청남도 보령시 대천동,경상사고,0,0,1,0,차대사람 - 차도통행중,안전운전불이행,건조,맑음,단일로 - 기타,승용,남,62세,상해없음,보행자,여,80세,경상
2019032100100278,2019년 3월 21일 12시,목요일,충청남도 청양군 청양읍,경상사고,0,0,1,0,차대차 - 측면충돌,안전거리미확보,건조,맑음,단일로 - 기타,승용,남,71세,상해없음,승합,남,60세,상해없음
2019032100100279,2019년 3월 21일 12시,목요일,충청남도 천안시 동남구 성남면,경상사고,0,0,2,0,차대차 - 측면충돌,신호위반,건조,맑음,교차로 - 교차로안,승용,여,69세,경상,승용,남,60세,경상
2019032100100304,2019년 3월 21일 13시,목요일,충청남도 천안시 서북구 성정동,부상신고사고,0,0,0,1,차대사람 - 기타,보행자보호의무위반,건조,맑음,교차로 - 교차로안,기타불명,기타불명,미분류,기타불명,보행자,남,42세,부상신고
2019032100100305,2019년 3월 21일 13시,목요일,충청남도 천안시 서북구 직산읍,경상사고,0,0,1,0,차대차 - 측면충돌,안전운전불이행,건조,맑음,교차로 - 교차로안,승용,남,65세,상해없음,승용,남,61세,경상
2019032100100306,2019년 3월 21일 13시,목요일,충청남도 아산시 신창면,경상사고,0,0,1,0,차대차 - 기타,기타,건조,맑음,단일로 - 기타,화물,남,61세,상해없음,화물,남,36세,경상
2019032100100331,2019년 3월 21일 14시,목요일,충청남도 당진시 송악읍,중상사고,0,1,0,1,차대차 - 정면충돌,중앙선침범,건조,맑음,단일로 - 기타,승용,여,66세,부상신고,승용,남,40세,상해없음
2019032100100332,2019년 3월 21일 14시,목요일,충청남도 당진시 신평면,중상사고,0,1,0,0,차대사람 - 기타,안전운전불이행,건조,맑음,주차장 - 주차장,건설기계,남,46세,상해없음,보행자,남,39세,중상
2019032100100399,2019년 3월 21일 16시,목요일,충청남도 천안시 서북구 성환읍,경상사고,0,0,1,0,차대차 - 측면충돌,안전운전불이행,건조,맑음,단일로 - 기타,화물,남,52세,상해없음,승용,남,56세,경상
2019032100100400,2019년 3월 21일 16시,목요일,충청남도 서천군 기산면,경상사고,0,0,1,0,차대차 - 기타,교차로운행방법위반,건조,맑음,교차로 - 교차로안,화물,남,39세,상해없음,화물,여,54세,경상
2019032100100403,2019년 3월 21일 16시,목요일,충청남도 당진시 대덕리,중상사고,0,2,0,0,차대차 - 측면충돌,중앙선침범,건조,맑음,교차로 - 교차로안,승용,남,46세,상해없음,승용,여,40세,중상
2019032100100434,2019년 3월 21일 17시,목요일,충청남도 천안시 서북구 쌍용동,경상사고,0,0,1,0,차대차 - 추돌,안전운전불이행,건조,맑음,교차로 - 교차로부근,승합,남,43세,상해없음,승용,남,35세,경상
2019032100100481,2019년 3월 21일 18시,목요일,충청남도 논산시 광석면,경상사고,0,0,1,0,차대차 - 측면충돌,중앙선침범,건조,맑음,단일로 - 기타,화물,남,34세,기타불명,승합,남,51세,경상
2019032100100482,2019년 3월 21일 18시,목요일,충청남도 논산시 취암동,경상사고,0,0,2,0,차대차 - 측면충돌,교차로운행방법위반,건조,맑음,교차로 - 교차로안,승용,남,28세,기타불명,승용,남,35세,경상
2019032100100483,2019년 3월 21일 18시,목요일,충청남도 홍성군 홍성읍,경상사고,0,0,1,0,차대차 - 측면충돌,신호위반,건조,맑음,교차로 - 교차로안,승용,여,44세,상해없음,승용,여,47세,경상
2019032100100484,2019년 3월 21일 18시,목요일,충청남도 홍성군 홍북읍,중상사고,0,1,0,0,차대차 - 측면충돌,안전운전불이행,건조,맑음,단일로 - 기타,승용,여,48세,상해없음,이륜,남,24세,중상
2019032100100519,2019년 3월 21일 19시,목요일,충청남도 보령시 명천동,중상사고,0,1,0,0,차대사람 - 횡단중,안전운전불이행,건조,맑음,단일로 - 기타,승용,남,39세,상해없음,보행자,남,35세,중상
2019032100100521,2019년 3월 21일 19시,목요일,충청남도 천안시 동남구 목천읍,중상사고,0,1,0,0,차대차 - 측면충돌,중앙선침범,건조,맑음,단일로 - 기타,승용,남,51세,상해없음,이륜,남,19세,중상
2019032100100589,2019년 3월 21일 21시,목요일,충청남도 공주시 유구읍,사망사고,1,0,0,0,차대차 - 추돌,안전운전불이행,건조,맑음,단일로 - 터널,승용,남,39세,사망,화물,남,43세,상해없음
2019032200100061,2019년 3월 22일 04시,금요일,충청남도 천안시 서북구 두정동,경상사고,0,0,1,0,차대차 - 측면충돌,신호위반,건조,맑음,교차로 - 교차로안,승용,남,51세,상해없음,승용,여,31세,경상
2019032200100076,2019년 3월 22일 06시,금요일,충청남도 서산시 동문동,중상사고,0,1,0,0,차대차 - 측면충돌,신호위반,건조,맑음,교차로 - 교차로안,자전거,남,59세,중상,화물,남,51세,상해없음
2019032200100131,2019년 3월 22일 08시,금요일,충청남도 아산시 염치읍,경상사고,0,0,1,0,차대차 - 측면충돌,안전운전불이행,건조,맑음,단일로 - 기타,승용,남,28세,상해없음,승용,여,26세,경상
2019032200100132,2019년 3월 22일 08시,금요일,충청남도 서천군 종천면,중상사고,0,1,1,0,차대차 - 정면충돌,중앙선침범,건조,맑음,단일로 - 기타,승용,남,30세,경상,화물,남,47세,중상
2019032200100133,2019년 3월 22일 08시,금요일,충청남도 공주시 반포면,경상사고,0,0,1,0,차대차 - 추돌,과속,건조,맑음,단일로 - 터널,승용,남,58세,기타불명,화물,남,38세,경상
2019032200100162,2019년 3월 22일 09시,금요일,충청남도 서산시 잠홍동,중상사고,0,1,0,0,차대차 - 정면충돌,중앙선침범,건조,맑음,단일로 - 기타,화물,남,67세,상해없음,승용,남,65세,상해없음
2019032200100163,2019년 3월 22일 09시,금요일,충청남도 당진시 합덕읍,경상사고,0,0,1,0,차대차 - 기타,교차로운행방법위반,건조,맑음,교차로 - 교차로안,승용,남,64세,상해없음,승용,여,39세,경상
2019032200100164,2019년 3월 22일 09시,금요일,충청남도 천안시 동남구 봉명동,중상사고,0,1,0,0,차대사람 - 횡단중,안전운전불이행,건조,맑음,단일로 - 기타,승용,여,59세,상해없음,보행자,여,79세,중상
2019032200100165,2019년 3월 22일 09시,금요일,충청남도 천안시 서북구 성거읍,경상사고,0,0,1,0,차대차 - 후진중충돌,기타,건조,맑음,단일로 - 기타,특수,남,41세,상해없음,승용,남,45세,경상
2019032200100189,2019년 3월 22일 10시,금요일,충청남도 아산시 권곡동,경상사고,0,0,1,0,차대차 - 추돌,안전운전불이행,건조,맑음,단일로 - 기타,승용,남,24세,상해없음,승용,남,45세,경상
2019032200100190,2019년 3월 22일 10시,금요일,충청남도 천안시 동남구 성남면,중상사고,0,1,1,0,차대차 - 측면충돌,신호위반,건조,맑음,교차로 - 교차로안,화물,여,60세,경상,승용,남,43세,중상
2019032200100213,2019년 3월 22일 11시,금요일,충청남도 천안시 동남구 신부동,중상사고,0,1,0,0,차량단독 - 기타,안전운전불이행,건조,맑음,단일로 - 기타,승합,남,54세,상해없음,,,,
2019032200100241,2019년 3월 22일 12시,금요일,충청남도 천안시 서북구 직산읍,중상사고,0,1,0,0,차대차 - 추돌,안전거리미확보,건조,맑음,단일로 - 기타,승용,남,31세,상해없음,승용,남,38세,상해없음
2019032200100242,2019년 3월 22일 12시,금요일,충청남도 보령시 미산면,경상사고,0,0,1,0,차대차 - 측면충돌,안전운전불이행,건조,맑음,단일로 - 기타,이륜,남,81세,경상,화물,남,72세,상해없음
2019032200100243,2019년 3월 22일 12시,금요일,충청남도 천안시 동남구 원성동,경상사고,0,0,1,0,차대차 - 측면충돌,안전운전불이행,건조,맑음,단일로 - 기타,승용,여,41세,경상,승용,남,51세,상해없음
2019032200100310,2019년 3월 22일 14시,금요일,충청남도 보령시 명천동,중상사고,0,1,0,0,차대차 - 정면충돌,중앙선침범,건조,맑음,단일로 - 기타,승용,남,48세,상해없음,승용,남,30세,중상
2019032200100312,2019년 3월 22일 14시,금요일,충청남도 천안시 동남구 청당동,경상사고,0,0,1,0,차대차 - 기타,안전거리미확보,건조,맑음,단일로 - 기타,승용,남,31세,상해없음,승용,남,32세,상해없음
2019032200100341,2019년 3월 22일 15시,금요일,충청남도 천안시 서북구 백석동,경상사고,0,0,1,0,차대차 - 추돌,안전운전불이행,건조,맑음,단일로 - 기타,이륜,남,14세,상해없음,승용,남,27세,상해없음
2019032200100342,2019년 3월 22일 15시,금요일,충청남도 당진시 신평면,경상사고,0,0,1,0,차대차 - 후진중충돌,안전운전불이행,건조,맑음,단일로 - 기타,승용,여,41세,상해없음,이륜,남,66세,경상
2019032200100424,2019년 3월 22일 17시,금요일,충청남도 보령시 웅천읍,중상사고,0,3,0,0,차대차 - 측면충돌,중앙선침범,건조,맑음,단일로 - 기타,승용,남,21세,상해없음,승용,남,58세,중상
2019032200100425,2019년 3월 22일 17시,금요일,충청남도 공주시 웅진동,중상사고,0,1,0,0,차대차 - 측면충돌,안전운전불이행,건조,맑음,단일로 - 기타,특수,남,33세,상해없음,승용,여,57세,중상
2019032200100478,2019년 3월 22일 18시,금요일,충청남도 천안시 서북구 입장면,경상사고,0,0,2,0,차대차 - 기타,직진우회전진행방해,건조,맑음,교차로 - 교차로안,화물,남,62세,상해없음,화물,남,35세,경상
2019032200100479,2019년 3월 22일 18시,금요일,충청남도 홍성군 광천읍,중상사고,0,1,0,0,차대사람 - 차도통행중,안전운전불이행,건조,맑음,교차로 - 교차로안,화물,남,50세,상해없음,보행자,여,62세,중상
2019032200100523,2019년 3월 22일 19시,금요일,충청남도 아산시 모종동,중상사고,0,1,0,0,차대차 - 측면충돌,안전운전불이행,건조,맑음,교차로 - 교차로안,승용,남,44세,상해없음,이륜,남,36세,중상
2019032200100524,2019년 3월 22일 19시,금요일,충청남도 보령시 명천동,경상사고,0,0,1,0,차대차 - 측면충돌,안전운전불이행,건조,맑음,단일로 - 기타,이륜,남,37세,경상,승용,남,56세,상해없음
2019032200100525,2019년 3월 22일 19시,금요일,충청남도 예산군 예산읍,경상사고,0,0,1,0,차대사람 - 기타,안전운전불이행,건조,맑음,단일로 - 기타,승용,여,69세,상해없음,보행자,여,22세,경상
2019032200100597,2019년 3월 22일 21시,금요일,충청남도 논산시 연무읍,중상사고,0,1,0,0,차대차 - 기타,안전운전불이행,건조,맑음,단일로 - 기타,화물,남,51세,상해없음,승용,남,41세,중상
2019032200100651,2019년 3월 22일 23시,금요일,충청남도 천안시 동남구 신방동,경상사고,0,0,3,0,차대차 - 측면충돌,안전운전불이행,건조,맑음,단일로 - 기타,승용,남,57세,경상,승용,남,47세,경상
2019032300100037,2019년 3월 23일 01시,토요일,충청남도 천안시 서북구 성정동,경상사고,0,0,1,0,차대차 - 추돌,안전운전불이행,건조,맑음,교차로 - 교차로부근,승용,남,25세,상해없음,승용,남,39세,경상
2019032300100038,2019년 3월 23일 01시,토요일,충청남도 보령시 내항동,경상사고,0,0,1,0,차대차 - 추돌,안전운전불이행,건조,맑음,교차로 - 교차로부근,이륜,남,16세,상해없음,승용,여,26세,경상
2019032300100039,2019년 3월 23일 01시,토요일,충청남도 공주시 신관동,경상사고,0,0,1,0,차대차 - 측면충돌,신호위반,건조,맑음,교차로 - 교차로안,승용,남,31세,상해없음,승용,남,45세,경상
2019032300100056,2019년 3월 23일 02시,토요일,충청남도 천안시 서북구 두정동,경상사고,0,0,1,0,차대사람 - 기타,안전운전불이행,건조,맑음,단일로 - 기타,승용,남,56세,상해없음,보행자,여,26세,경상
2019032300100096,2019년 3월 23일 06시,토요일,충청남도 서산시 지곡면,경상사고,0,0,2,0,차대차 - 추돌,안전운전불이행,건조,맑음,단일로 - 기타,승용,남,48세,상해없음,승용,남,31세,경상
2019032300100097,2019년 3월 23일 06시,토요일,충청남도 보령시 웅천읍,중상사고,0,1,0,0,차대차 - 측면충돌,신호위반,건조,맑음,교차로 - 교차로안,승용,남,47세,상해없음,자전거,여,74세,중상
2019032300100154,2019년 3월 23일 09시,토요일,충청남도 천안시 동남구 원성동,경상사고,0,0,6,0,차대차 - 기타,안전운전불이행,건조,맑음,교차로 - 교차로안,승용,여,47세,경상,승용,남,50세,경상
2019032300100176,2019년 3월 23일 10시,토요일,충청남도 논산시 대교동,중상사고,0,1,0,0,차대사람 - 횡단중,보행자보호의무위반,건조,맑음,교차로 - 교차로횡단보도내,승용,여,30세,상해없음,보행자,여,71세,중상
2019032300100212,2019년 3월 23일 11시,토요일,충청남도 서산시 동문동,경상사고,0,0,1,0,차대차 - 추돌,안전운전불이행,건조,맑음,단일로 - 기타,승합,남,57세,상해없음,승용,여,60세,경상
2019032300100213,2019년 3월 23일 11시,토요일,충청남도 천안시 서북구 쌍용동,경상사고,0,0,1,0,차대차 - 추돌,안전운전불이행,건조,흐림,교차로 - 교차로부근,승용,여,39세,상해없음,승용,여,43세,경상
2019032300100287,2019년 3월 23일 13시,토요일,충청남도 서산시 지곡면,중상사고,0,1,0,0,차대차 - 측면충돌,안전운전불이행,건조,맑음,단일로 - 기타,승용,남,64세,상해없음,이륜,남,77세,중상
2019032300100288,2019년 3월 23일 13시,토요일,충청남도 홍성군 홍성읍,경상사고,0,0,1,0,차대사람 - 횡단중,보행자보호의무위반,젖음/습기,비,교차로 - 교차로안,승용,남,41세,상해없음,보행자,여,38세,경상
2019032300100289,2019년 3월 23일 13시,토요일,충청남도 아산시 용화동,경상사고,0,0,2,0,차대사람 - 기타,안전운전불이행,젖음/습기,비,교차로 - 교차로안,승용,여,58세,상해없음,보행자,여,12세,경상
2019032300100290,2019년 3월 23일 13시,토요일,충청남도 서천군 장항읍,경상사고,0,0,2,0,차대차 - 정면충돌,안전운전불이행,젖음/습기,비,교차로 - 교차로부근,승용,여,49세,상해없음,승용,남,49세,경상
2019032300100291,2019년 3월 23일 13시,토요일,충청남도 공주시 정안면,경상사고,0,0,2,0,차대차 - 추돌,안전운전불이행,젖음/습기,비,교차로 - 교차로안,화물,남,61세,상해없음,승용,여,36세,경상
2019032300100335,2019년 3월 23일 14시,토요일,충청남도 아산시 배방읍,경상사고,0,0,4,0,차대차 - 기타,안전운전불이행,건조,맑음,단일로 - 기타,승용,남,41세,상해없음,승용,남,64세,경상
2019032300100369,2019년 3월 23일 15시,토요일,충청남도 천안시 서북구 성거읍,경상사고,0,0,2,0,차대차 - 기타,중앙선침범,건조,맑음,단일로 - 기타,승합,남,52세,상해없음,승용,남,29세,경상
2019032300100413,2019년 3월 23일 16시,토요일,충청남도 금산군 남일면,중상사고,0,1,0,0,차대차 - 정면충돌,중앙선침범,젖음/습기,비,단일로 - 기타,화물,남,49세,중상,화물,남,31세,기타불명
2019032300100454,2019년 3월 23일 17시,토요일,충청남도 천안시 서북구 성정동,경상사고,0,0,1,0,차대차 - 측면충돌,안전운전불이행,건조,맑음,단일로 - 기타,승용,여,24세,상해없음,승용,남,31세,경상
2019032300100509,2019년 3월 23일 19시,토요일,충청남도 청양군 청양읍,경상사고,0,0,1,0,차대사람 - 차도통행중,안전운전불이행,건조,맑음,교차로 - 교차로안,승용,여,42세,상해없음,보행자,남,67세,경상
2019032300100551,2019년 3월 23일 20시,토요일,충청남도 논산시 내동,경상사고,0,0,1,0,차대차 - 측면충돌,안전운전불이행,건조,맑음,교차로 - 교차로부근,승용,남,58세,기타불명,이륜,남,44세,경상
2019032300100622,2019년 3월 23일 23시,토요일,충청남도 천안시 서북구 성정동,경상사고,0,0,4,0,차대차 - 추돌,안전운전불이행,건조,맑음,교차로 - 교차로부근,승용,남,51세,상해없음,승용,남,26세,경상
2019032400100098,2019년 3월 24일 06시,일요일,충청남도 아산시 방축동,경상사고,0,0,4,0,차대차 - 측면충돌,신호위반,건조,맑음,교차로 - 교차로안,승용,남,25세,상해없음,화물,여,45세,경상
2019032400100129,2019년 3월 24일 09시,일요일,충청남도 당진시 우강면,경상사고,0,0,1,0,차대차 - 측면충돌,신호위반,건조,맑음,교차로 - 교차로안,승용,남,45세,상해없음,승용,남,76세,경상
2019032400100130,2019년 3월 24일 09시,일요일,충청남도 천안시 동남구 신부동,경상사고,0,0,1,0,차대차 - 추돌,안전운전불이행,건조,맑음,교차로 - 교차로부근,승용,여,43세,상해없음,화물,남,18세,상해없음
2019032400100158,2019년 3월 24일 10시,일요일,충청남도 아산시 배방읍,경상사고,0,0,1,1,차대차 - 기타,안전운전불이행,건조,맑음,교차로 - 교차로안,승용,남,63세,상해없음,승용,남,59세,경상
2019032400100159,2019년 3월 24일 10시,일요일,충청남도 보령시 신흑동,경상사고,0,0,2,0,차대차 - 측면충돌,안전운전불이행,건조,맑음,교차로 - 교차로안,승용,남,71세,상해없음,승용,남,38세,상해없음
2019032400100194,2019년 3월 24일 11시,일요일,충청남도 태안군 남면,경상사고,0,0,1,1,차대차 - 측면충돌,안전운전불이행,건조,맑음,단일로 - 기타,승용,남,66세,경상,화물,남,59세,부상신고
2019032400100218,2019년 3월 24일 12시,일요일,충청남도 아산시 용화동,경상사고,0,0,2,0,차대차 - 추돌,안전운전불이행,건조,맑음,단일로 - 기타,승용,남,49세,상해없음,승용,남,36세,경상
2019032400100219,2019년 3월 24일 12시,일요일,충청남도 부여군 규암면,중상사고,0,1,1,0,차대차 - 측면충돌,중앙선침범,건조,맑음,단일로 - 기타,승용,남,69세,상해없음,승용,남,55세,경상
2019032400100220,2019년 3월 24일 12시,일요일,충청남도 천안시 동남구 신부동,경상사고,0,0,1,2,차대차 - 측면충돌,안전운전불이행,건조,맑음,교차로 - 교차로안,승용,여,44세,상해없음,승용,남,38세,경상
2019032400100311,2019년 3월 24일 15시,일요일,충청남도 천안시 서북구 불당동,중상사고,0,1,0,0,차대사람 - 보도통행중,중앙선침범,건조,맑음,단일로 - 기타,화물,남,47세,상해없음,보행자,남,49세,중상
2019032400100312,2019년 3월 24일 15시,일요일,충청남도 논산시 가야곡면,경상사고,0,0,8,0,차대차 - 기타,안전운전불이행,건조,맑음,단일로 - 기타,승용,남,39세,경상,승용,남,59세,경상
2019032400100342,2019년 3월 24일 16시,일요일,충청남도 천안시 서북구 두정동,경상사고,0,0,4,0,차대차 - 측면충돌,교차로운행방법위반,건조,맑음,교차로 - 교차로부근,승합,남,55세,상해없음,승용,여,44세,경상
2019032400100343,2019년 3월 24일 16시,일요일,충청남도 아산시 온천동,중상사고,0,4,1,0,차대차 - 기타,중앙선침범,기타,맑음,교차로 - 교차로부근,승용,남,28세,상해없음,승용,여,40세,중상
2019032400100344,2019년 3월 24일 16시,일요일,충청남도 예산군 예산읍,경상사고,0,0,1,0,차대차 - 측면충돌,직진우회전진행방해,건조,맑음,교차로 - 교차로안,승용,여,77세,경상,승용,여,42세,상해없음
2019032400100345,2019년 3월 24일 16시,일요일,충청남도 금산군 남일면,경상사고,0,0,1,0,차대차 - 측면충돌,안전운전불이행,건조,맑음,교차로 - 교차로안,승용,남,59세,상해없음,승합,남,57세,경상
2019032400100375,2019년 3월 24일 17시,일요일,충청남도 천안시 서북구 성거읍,경상사고,0,0,1,0,차대사람 - 기타,안전운전불이행,건조,맑음,단일로 - 기타,승용,남,54세,상해없음,보행자,여,59세,경상
2019032400100376,2019년 3월 24일 17시,일요일,충청남도 논산시 취암동,경상사고,0,0,1,1,차대차 - 측면충돌,직진우회전진행방해,건조,맑음,교차로 - 교차로안,이륜,남,18세,부상신고,승용,여,47세,경상
2019032400100377,2019년 3월 24일 17시,일요일,충청남도 태안군 태안읍,경상사고,0,0,1,0,차대사람 - 기타,안전운전불이행,건조,맑음,기타 - 기타,승용,남,53세,상해없음,보행자,여,25세,경상
2019032400100405,2019년 3월 24일 18시,일요일,충청남도 서산시 동문동,중상사고,0,1,0,0,차대차 - 측면충돌,안전운전불이행,건조,맑음,교차로 - 교차로부근,승용,남,47세,상해없음,자전거,남,31세,중상