사고번호,사고일시,요일,시군구,사고내용,사망자수,중상자수,경상자수,부상신고자수,사고유형,법규위반,노면상태,기상상태,도로형태,가해운전자 차종,가해운전자 성별,가해운전자 연령,가해운전자 상해정도,피해운전자 차종,피해운전자 성별,피해운전자 연령,피해운전자 상해정도
2019033000100068,2019년 3월 30일 01시,토요일,충청남도 서산시 음암면,중상사고,0,1,0,0,차량단독 - 공작물충돌,안전운전불이행,건조,맑음,단일로 - 기타,승용,남,34세,중상,,,,
2019033000100115,2019년 3월 30일 03시,토요일,충청남도 아산시 영인면,중상사고,0,1,0,0,차대사람 - 기타,안전운전불이행,젖음/습기,비,단일로 - 기타,승용,남,41세,상해없음,보행자,남,52세,중상
2019033000100116,2019년 3월 30일 03시,토요일,충청남도 서산시 해미면,경상사고,0,0,1,0,차량단독 - 전도전복 - 전복,안전운전불이행,건조,맑음,단일로 - 기타,승용,여,33세,경상,,,,
2019033000100161,2019년 3월 30일 06시,토요일,충청남도 공주시 신관동,경상사고,0,0,2,0,차대차 - 측면충돌,신호위반,건조,맑음,교차로 - 교차로안,승용,남,36세,경상,화물,남,64세,경상
2019033000100170,2019년 3월 30일 07시,토요일,충청남도 천안시 서북구 성정동,경상사고,0,0,1,0,차대차 - 추돌,안전운전불이행,건조,맑음,단일로 - 기타,승용,남,42세,상해없음,승용,남,38세,경상
2019033000100199,2019년 3월 30일 08시,토요일,충청남도 천안시 서북구 쌍용동,경상사고,0,0,1,0,차대차 - 측면충돌,안전운전불이행,건조,맑음,교차로 - 교차로안,화물,남,47세,상해없음,승용,여,42세,경상
2019033000100200,2019년 3월 30일 08시,토요일,충청남도 천안시 동남구 신부동,중상사고,0,1,1,0,차대차 - 측면충돌,신호위반,건조,맑음,교차로 - 교차로안,이륜,남,47세,중상,이륜,남,42세,경상
2019033000100225,2019년 3월 30일 09시,토요일,충청남도 아산시 온천동,경상사고,0,0,3,0,차대차 - 기타,안전운전불이행,건조,기타,교차로 - 교차로안,승용,남,80세,상해없음,승용,남,39세,경상
2019033000100226,2019년 3월 30일 09시,토요일,충청남도 보령시 명천동,중상사고,0,1,1,0,차대차 - 추돌,안전거리미확보,건조,맑음,단일로 - 기타,승용,남,77세,상해없음,승용,남,44세,중상
2019033000100248,2019년 3월 30일 10시,토요일,충청남도 천안시 서북구 쌍용동,경상사고,0,0,1,0,차대차 - 측면충돌,안전운전불이행,건조,맑음,교차로 - 교차로부근,승합,여,23세,상해없음,승용,남,55세,상해없음
2019033000100327,2019년 3월 30일 12시,토요일,충청남도 홍성군 홍성읍,경상사고,0,0,5,0,차대차 - 추돌,안전운전불이행,건조,맑음,교차로 - 교차로부근,화물,남,47세,상해없음,승용,남,63세,경상
2019033000100366,2019년 3월 30일 13시,토요일,충청남도 서산시 음암면,경상사고,0,0,1,0,차대사람 - 횡단중,안전운전불이행,건조,맑음,단일로 - 기타,화물,여,46세,상해없음,보행자,남,16세,경상
2019033000100368,2019년 3월 30일 13시,토요일,충청남도 천안시 동남구 청당동,중상사고,0,1,0,0,차대사람 - 횡단중,보행자보호의무위반,건조,맑음,교차로 - 교차로횡단보도내,승용,남,40세,상해없음,보행자,여,9세,중상
2019033000100369,2019년 3월 30일 13시,토요일,충청남도 천안시 동남구 구성동,경상사고,0,0,1,0,차대차 - 측면충돌,직진우회전진행방해,건조,맑음,교차로 - 교차로안,승용,여,53세,상해없음,자전거,남,80세,경상
2019033000100445,2019년 3월 30일 15시,토요일,충청남도 계룡시 엄사면,경상사고,0,0,3,0,차대차 - 추돌,안전운전불이행,젖음/습기,비,교차로 - 교차로부근,승용,여,45세,상해없음,승용,남,55세,경상
2019033000100446,2019년 3월 30일 15시,토요일,충청남도 논산시 성동면,경상사고,0,0,3,0,차대차 - 추돌,안전운전불이행,건조,맑음,교차로 - 교차로부근,승용,여,56세,상해없음,승용,남,79세,경상
2019033000100447,2019년 3월 30일 15시,토요일,충청남도 서천군 마서면,경상사고,0,0,4,0,차대차 - 기타,안전운전불이행,건조,맑음,단일로 - 기타,승용,남,68세,상해없음,승합,남,63세,상해없음
2019033000100448,2019년 3월 30일 15시,토요일,충청남도 청양군 정산면,경상사고,0,0,1,0,차대차 - 측면충돌,안전운전불이행,젖음/습기,비,교차로 - 교차로부근,이륜,여,69세,경상,승용,여,49세,상해없음
2019033000100478,2019년 3월 30일 16시,토요일,충청남도 홍성군 홍성읍,경상사고,0,0,1,0,차대사람 - 횡단중,안전운전불이행,건조,맑음,교차로 - 교차로안,화물,남,37세,상해없음,보행자,남,64세,경상
2019033000100479,2019년 3월 30일 16시,토요일,충청남도 보령시 웅천읍,중상사고,0,1,3,0,차대차 - 측면충돌,직진우회전진행방해,건조,맑음,교차로 - 교차로안,승용,남,29세,상해없음,승용,여,73세,중상
2019033000100480,2019년 3월 30일 16시,토요일,충청남도 천안시 동남구 신방동,경상사고,0,0,1,0,차대차 - 측면충돌,안전거리미확보,건조,맑음,단일로 - 기타,화물,남,45세,상해없음,이륜,남,41세,경상
2019033000100514,2019년 3월 30일 17시,토요일,충청남도 논산시 내동,경상사고,0,0,1,0,차대사람 - 횡단중,안전운전불이행,건조,맑음,교차로 - 교차로부근,화물,남,63세,상해없음,보행자,남,66세,경상
2019033000100515,2019년 3월 30일 17시,토요일,충청남도 홍성군 홍성읍,경상사고,0,0,2,0,차대차 - 측면충돌,안전운전불이행,건조,맑음,교차로 - 교차로안,승용,남,22세,경상,이륜,남,48세,경상
2019033000100516,2019년 3월 30일 17시,토요일,충청남도 당진시 송악읍,경상사고,0,0,1,0,차대차 - 추돌,교차로운행방법위반,건조,맑음,교차로 - 교차로안,승용,남,29세,상해없음,승용,남,34세,경상
2019033000100517,2019년 3월 30일 17시,토요일,충청남도 청양군 청남면,경상사고,0,0,1,0,차량단독 - 기타,안전운전불이행,건조,맑음,기타 - 기타,농기계,남,71세,경상,,,,
2019033000100518,2019년 3월 30일 17시,토요일,충청남도 천안시 동남구 목천읍,중상사고,0,1,0,0,차대차 - 기타,안전운전불이행,건조,맑음,단일로 - 기타,승합,남,52세,상해없음,자전거,남,6세,중상
2019033000100584,2019년 3월 30일 19시,토요일,충청남도 아산시 배방읍,부상신고사고,0,0,0,1,차대차 - 기타,기타,젖음/습기,비,단일로 - 기타,승용,남,27세,상해없음,이륜,남,36세,부상신고
2019033000100585,2019년 3월 30일 19시,토요일,충청남도 당진시 신평면,경상사고,0,0,1,0,차대차 - 추돌,안전운전불이행,건조,맑음,단일로 - 기타,승용,남,54세,상해없음,승용,남,37세,경상
2019033000100617,2019년 3월 30일 20시,토요일,충청남도 천안시 서북구 쌍용동,부상신고사고,0,0,0,1,차대차 - 측면충돌,신호위반,건조,맑음,교차로 - 교차로안,이륜,남,17세,부상신고,승용,여,32세,상해없음
2019033000100675,2019년 3월 30일 22시,토요일,충청남도 논산시 반월동,경상사고,0,0,1,0,차대차 - 기타,안전운전불이행,건조,맑음,교차로 - 교차로안,이륜,남,17세,경상,승용,남,50세,상해없음
2019033000100676,2019년 3월 30일 22시,토요일,충청남도 천안시 동남구 청당동,경상사고,0,0,1,0,차량단독 - 기타,안전운전불이행,젖음/습기,맑음,단일로 - 기타,이륜,남,14세,경상,,,,
2019033000100694,2019년 3월 30일 23시,토요일,충청남도 서산시 잠홍동,경상사고,0,0,1,0,차대차 - 추돌,안전운전불이행,건조,맑음,교차로 - 교차로부근,화물,남,23세,상해없음,승용,여,55세,경상
2019033000100695,2019년 3월 30일 23시,토요일,충청남도 천안시 서북구 쌍용동,경상사고,0,0,2,1,차대사람 - 횡단중,안전운전불이행,건조,맑음,단일로 - 기타,화물,남,42세,상해없음,보행자,남,48세,경상
2019033000100696,2019년 3월 30일 23시,토요일,충청남도 천안시 동남구 신방동,경상사고,0,0,2,0,차대차 - 측면충돌,신호위반,건조,맑음,단일로 - 지하차도(도로)내,승용,남,27세,상해없음,승용,남,54세,경상
2019033100100031,2019년 3월 31일 00시,일요일,충청남도 서산시 성연면,사망사고,1,3,0,0,차대차 - 추돌,안전운전불이행,건조,맑음,교차로 - 교차로안,승용,남,19세,사망,화물,남,28세,중상
2019033100100032,2019년 3월 31일 00시,일요일,충청남도 천안시 서북구 두정동,경상사고,0,0,4,1,차대차 - 측면충돌,안전운전불이행,젖음/습기,비,단일로 - 기타,승용,남,55세,경상,승용,남,32세,경상
2019033100100053,2019년 3월 31일 01시,일요일,충청남도 보령시 신흑동,경상사고,0,0,1,0,차대차 - 기타,안전운전불이행,건조,맑음,단일로 - 기타,화물,남,18세,상해없음,승용,남,35세,경상
2019033100100099,2019년 3월 31일 07시,일요일,충청남도 보령시 신흑동,중상사고,0,1,0,0,차대차 - 추돌,안전거리미확보,건조,맑음,단일로 - 기타,화물,남,73세,상해없음,화물,남,56세,상해없음
2019033100100114,2019년 3월 31일 09시,일요일,충청남도 서산시 부석면,사망사고,1,0,0,0,차대사람 - 횡단중,안전운전불이행,건조,맑음,단일로 - 기타,승용,여,18세,상해없음,보행자,여,81세,사망
2019033100100127,2019년 3월 31일 10시,일요일,충청남도 당진시 읍내리,중상사고,0,1,0,0,차대차 - 측면충돌,교차로운행방법위반,건조,맑음,교차로 - 교차로안,이륜,남,74세,중상,승용,남,53세,상해없음
2019033100100128,2019년 3월 31일 10시,일요일,충청남도 천안시 동남구 구성동,경상사고,0,0,3,0,차대차 - 측면충돌,안전거리미확보,건조,맑음,단일로 - 기타,화물,남,58세,경상,승용,남,26세,경상
2019033100100147,2019년 3월 31일 11시,일요일,충청남도 서산시 해미면,중상사고,0,1,0,0,차대차 - 측면충돌,안전운전불이행,건조,맑음,단일로 - 기타,화물,남,76세,상해없음,승용,여,45세,중상
2019033100100148,2019년 3월 31일 11시,일요일,충청남도 천안시 서북구 백석동,중상사고,0,1,0,0,차량단독 - 기타,안전운전불이행,건조,맑음,단일로 - 기타,승합,남,48세,상해없음,,,,
2019033100100236,2019년 3월 31일 14시,일요일,충청남도 공주시 반포면,경상사고,0,0,2,0,차대차 - 측면충돌,신호위반,건조,맑음,교차로 - 교차로안,승용,여,44세,상해없음,화물,남,39세,경상
2019033100100262,2019년 3월 31일 15시,일요일,충청남도 천안시 서북구 쌍용동,경상사고,0,0,1,0,차대사람 - 기타,안전운전불이행,건조,맑음,단일로 - 기타,승용,남,55세,상해없음,보행자,여,66세,경상
2019033100100263,2019년 3월 31일 15시,일요일,충청남도 아산시 온천동,경상사고,0,0,3,0,차대차 - 측면충돌,신호위반,건조,맑음,교차로 - 교차로안,승용,남,64세,상해없음,승용,남,49세,경상
2019033100100293,2019년 3월 31일 16시,일요일,충청남도 예산군 예산읍,경상사고,0,0,1,0,차대차 - 기타,안전운전불이행,건조,맑음,단일로 - 기타,이륜,남,47세,경상,승용,남,59세,상해없음
2019033100100294,2019년 3월 31일 16시,일요일,충청남도 태안군 남면,경상사고,0,0,7,0,차대차 - 측면충돌,안전운전불이행,건조,맑음,단일로 - 기타,승용,남,33세,상해없음,승용,남,55세,상해없음
2019033100100324,2019년 3월 31일 17시,일요일,충청남도 천안시 동남구 구성동,경상사고,0,0,2,0,차대차 - 후진중충돌,안전운전불이행,건조,맑음,기타 - 기타,승용,여,52세,상해없음,승용,남,42세,경상
2019033100100354,2019년 3월 31일 18시,일요일,충청남도 천안시 서북구 두정동,경상사고,0,0,1,0,차대차 - 정면충돌,교차로운행방법위반,건조,맑음,교차로 - 교차로안,이륜,남,30세,상해없음,이륜,남,20세,경상
2019033100100355,2019년 3월 31일 18시,일요일,충청남도 부여군 부여읍,경상사고,0,0,1,0,차대사람 - 차도통행중,안전운전불이행,건조,맑음,단일로 - 기타,승용,여,47세,상해없음,보행자,여,83세,경상
2019033100100356,2019년 3월 31일 18시,일요일,충청남도 천안시 동남구 봉명동,경상사고,0,0,1,0,차대사람 - 기타,안전운전불이행,건조,맑음,단일로 - 기타,이륜,남,32세,상해없음,보행자,여,17세,경상
2019033100100385,2019년 3월 31일 19시,일요일,충청남도 당진시 채운동,중상사고,0,1,0,0,차대차 - 측면충돌,중앙선침범,건조,맑음,단일로 - 기타,승용,여,48세,상해없음,이륜,남,49세,중상
2019033100100386,2019년 3월 31일 19시,일요일,충청남도 천안시 동남구 원성동,경상사고,0,0,1,0,차대차 - 측면충돌,안전운전불이행,건조,맑음,교차로 - 교차로안,승용,남,54세,상해없음,승용,여,39세,경상
2019033100100416,2019년 3월 31일 20시,일요일,충청남도 천안시 서북구 직산읍,경상사고,0,0,1,0,차대차 - 측면충돌,신호위반,건조,맑음,교차로 - 교차로안,승용,남,64세,상해없음,승용,남,43세,경상
2019040100100028,2019년 4월 1일 00시,월요일,충청남도 천안시 동남구 안서동,경상사고,0,0,1,0,차대차 - 측면충돌,신호위반,건조,맑음,단일로 - 기타,승용,남,27세,상해없음,승용,여,22세,경상
2019040100100064,2019년 4월 1일 05시,월요일,충청남도 서산시 예천동,경상사고,0,0,1,0,차대차 - 정면충돌,신호위반,건조,맑음,교차로 - 교차로안,승용,남,22세,상해없음,승용,남,30세,경상
2019040100100065,2019년 4월 1일 05시,월요일,충청남도 천안시 서북구 직산읍,경상사고,0,0,1,0,차대사람 - 횡단중,보행자보호의무위반,건조,맑음,교차로 - 교차로횡단보도내,승용,남,46세,상해없음,보행자,남,38세,경상
2019040100100066,2019년 4월 1일 05시,월요일,충청남도 당진시 읍내리,부상신고사고,0,0,0,1,차대차 - 측면충돌,직진우회전진행방해,건조,맑음,교차로 - 교차로안,승용,남,57세,부상신고,승용,남,17세,상해없음
2019040100100107,2019년 4월 1일 07시,월요일,충청남도 논산시 취암동,부상신고사고,0,0,0,1,차대차 - 측면충돌,신호위반,건조,맑음,교차로 - 교차로안,이륜,남,75세,부상신고,승용,여,39세,상해없음
2019040100100108,2019년 4월 1일 07시,월요일,충청남도 예산군 예산읍,중상사고,0,1,0,0,차대차 - 측면충돌,직진우회전진행방해,건조,맑음,교차로 - 교차로안,승용,여,58세,상해없음,승용,남,40세,중상
2019040100100109,2019년 4월 1일 07시,월요일,충청남도 예산군 고덕면,경상사고,0,0,1,0,차대차 - 측면충돌,기타,건조,맑음,교차로 - 교차로안,이륜,여,60세,경상,화물,남,49세,상해없음
2019040100100151,2019년 4월 1일 08시,월요일,충청남도 공주시 금성동,경상사고,0,0,1,0,차대차 - 측면충돌,신호위반,건조,맑음,교차로 - 교차로안,승용,남,64세,상해없음,승용,여,29세,경상
2019040100100200,2019년 4월 1일 09시,월요일,충청남도 천안시 서북구 입장면,부상신고사고,0,0,0,1,차량단독 - 전도전복 - 전도,안전운전불이행,건조,맑음,단일로 - 기타,이륜,여,51세,부상신고,,,,
2019040100100201,2019년 4월 1일 09시,월요일,충청남도 당진시 합덕읍,중상사고,0,1,1,0,차대차 - 측면충돌,안전운전불이행,건조,맑음,단일로 - 기타,화물,남,57세,경상,승용,남,55세,중상
2019040100100202,2019년 4월 1일 09시,월요일,충청남도 천안시 동남구 봉명동,중상사고,0,1,0,0,차대사람 - 횡단중,보행자보호의무위반,건조,맑음,교차로 - 교차로안,승용,여,47세,상해없음,보행자,여,85세,중상
2019040100100203,2019년 4월 1일 09시,월요일,충청남도 천안시 동남구 신부동,중상사고,0,1,0,0,차대사람 - 횡단중,안전운전불이행,건조,맑음,교차로 - 교차로안,승용,남,47세,상해없음,보행자,여,18세,중상
2019040100100237,2019년 4월 1일 10시,월요일,충청남도 예산군 덕산면,경상사고,0,0,2,1,차대차 - 추돌,안전운전불이행,건조,맑음,교차로 - 교차로부근,화물,남,75세,상해없음,승용,남,66세,경상
2019040100100270,2019년 4월 1일 11시,월요일,충청남도 서천군 마서면,중상사고,0,1,0,0,차대차 - 측면충돌,안전운전불이행,건조,맑음,교차로 - 교차로안,이륜,남,71세,중상,승용,남,46세,상해없음
2019040100100336,2019년 4월 1일 13시,월요일,충청남도 서산시 동문동,경상사고,0,0,1,0,차대사람 - 횡단중,안전운전불이행,건조,맑음,교차로 - 교차로안,승합,남,54세,상해없음,보행자,남,88세,경상
2019040100100406,2019년 4월 1일 15시,월요일,충청남도 당진시 원당리,경상사고,0,0,1,0,차대차 - 측면충돌,안전거리미확보,건조,맑음,교차로 - 교차로부근,화물,남,61세,상해없음,승용,여,42세,경상
2019040100100445,2019년 4월 1일 16시,월요일,충청남도 아산시 신창면,중상사고,0,1,0,0,차대사람 - 보도통행중,안전운전불이행,건조,맑음,단일로 - 기타,승용,여,32세,상해없음,보행자,남,22세,중상
2019040100100446,2019년 4월 1일 16시,월요일,충청남도 예산군 예산읍,경상사고,0,0,1,0,차대사람 - 기타,안전운전불이행,건조,맑음,단일로 - 기타,승용,남,67세,상해없음,보행자,남,12세,경상
2019040100100497,2019년 4월 1일 17시,월요일,충청남도 천안시 동남구 목천읍,경상사고,0,0,1,0,차대차 - 추돌,안전거리미확보,건조,맑음,단일로 - 기타,승합,남,43세,상해없음,승용,남,54세,경상
2019040100100547,2019년 4월 1일 18시,월요일,충청남도 천안시 서북구 성거읍,경상사고,0,0,1,0,차대차 - 측면충돌,신호위반,건조,맑음,교차로 - 교차로안,이륜,남,58세,상해없음,승용,여,41세,경상
2019040100100594,2019년 4월 1일 19시,월요일,충청남도 서산시 동문동,중상사고,0,1,0,0,차대사람 - 보도통행중,신호위반,건조,맑음,교차로 - 교차로안,승용,남,20세,상해없음,보행자,여,63세,중상
2019040100100595,2019년 4월 1일 19시,월요일,충청남도 아산시 배방읍,경상사고,0,0,1,0,차대차 - 추돌,안전운전불이행,건조,맑음,단일로 - 기타,승용,남,34세,상해없음,승용,여,39세,상해없음
2019040100100628,2019년 4월 1일 20시,월요일,충청남도 아산시 탕정면,경상사고,0,0,1,0,차대차 - 측면충돌,신호위반,건조,맑음,교차로 - 교차로안,승용,남,38세,상해없음,승용,남,27세,경상
2019040100100629,2019년 4월 1일 20시,월요일,충청남도 천안시 동남구 원성동,경상사고,0,0,1,0,차대사람 - 횡단중,신호위반,건조,맑음,단일로 - 기타,이륜,남,43세,기타불명,보행자,남,31세,경상
2019040100100652,2019년 4월 1일 21시,월요일,충청남도 당진시 송산면,중상사고,0,1,0,0,차량단독 - 공작물충돌,안전운전불이행,건조,맑음,단일로 - 기타,승용,남,34세,중상,,,,
2019040100100672,2019년 4월 1일 22시,월요일,충청남도 천안시 동남구 신부동,중상사고,0,1,0,0,차대차 - 기타,안전운전불이행,건조,맑음,교차로 - 교차로안,이륜,남,16세,기타불명,이륜,남,40세,중상
2019040100100685,2019년 4월 1일 23시,월요일,충청남도 당진시 신평면,중상사고,0,1,0,0,차대사람 - 횡단중,안전운전불이행,건조,맑음,교차로 - 교차로안,승용,남,26세,상해없음,보행자,남,63세,중상
2019040200100042,2019년 4월 2일 01시,화요일,충청남도 천안시 서북구 성정동,경상사고,0,0,1,0,차대차 - 추돌,안전운전불이행,건조,맑음,단일로 - 기타,승용,여,26세,상해없음,승용,남,22세,경상
2019040200100059,2019년 4월 2일 03시,화요일,충청남도 천안시 동남구 신방동,중상사고,0,1,0,0,차량단독 - 공작물충돌,안전운전불이행,건조,맑음,교차로 - 교차로부근,승용,남,40세,중상,,,,
2019040200100107,2019년 4월 2일 07시,화요일,충청남도 천안시 서북구 성정동,중상사고,0,2,1,0,차대사람 - 횡단중,신호위반,건조,맑음,교차로 - 교차로횡단보도내,승용,남,19세,상해없음,보행자,여,46세,중상
2019040200100108,2019년 4월 2일 07시,화요일,충청남도 홍성군 홍성읍,경상사고,0,0,2,0,차대차 - 측면충돌,안전운전불이행,건조,맑음,교차로 - 교차로안,승용,여,53세,경상,승용,여,44세,경상
2019040200100158,2019년 4월 2일 08시,화요일,충청남도 천안시 서북구 성성동,중상사고,0,1,3,0,차대차 - 측면충돌,안전거리미확보,건조,맑음,단일로 - 기타,승용,여,59세,상해없음,승용,여,40세,중상
2019040200100159,2019년 4월 2일 08시,화요일,충청남도 천안시 서북구 두정동,경상사고,0,0,1,0,차대차 - 정면충돌,교차로운행방법위반,건조,맑음,교차로 - 교차로안,승용,남,45세,상해없음,승용,여,45세,경상
2019040200100160,2019년 4월 2일 08시,화요일,충청남도 공주시 정안면,중상사고,0,3,6,0,차대차 - 추돌,안전운전불이행,건조,맑음,단일로 - 기타,화물,남,32세,상해없음,승합,남,46세,경상
2019040200100203,2019년 4월 2일 09시,화요일,충청남도 천안시 서북구 쌍용동,경상사고,0,0,1,0,차대차 - 측면충돌,안전운전불이행,건조,맑음,단일로 - 기타,승용,여,49세,상해없음,승용,여,39세,경상
2019040200100204,2019년 4월 2일 09시,화요일,충청남도 태안군 태안읍,경상사고,0,0,2,0,차대차 - 측면충돌,직진우회전진행방해,건조,맑음,교차로 - 교차로안,승용,남,34세,상해없음,승용,여,30세,경상
2019040200100270,2019년 4월 2일 11시,화요일,충청남도 천안시 서북구 백석동,경상사고,0,0,1,0,차대차 - 측면충돌,안전운전불이행,건조,맑음,단일로 - 기타,화물,남,53세,상해없음,승용,여,42세,경상
2019040200100271,2019년 4월 2일 11시,화요일,충청남도 천안시 동남구 대흥동,중상사고,0,1,0,0,차대사람 - 기타,보행자보호의무위반,건조,맑음,교차로 - 교차로횡단보도내,승용,남,55세,상해없음,보행자,여,69세,중상
2019040200100337,2019년 4월 2일 13시,화요일,충청남도 천안시 서북구 성환읍,경상사고,0,0,2,0,차대차 - 측면충돌,안전운전불이행,건조,맑음,단일로 - 기타,화물,남,81세,상해없음,승용,여,35세,경상
2019040200100375,2019년 4월 2일 14시,화요일,충청남도 부여군 은산면,중상사고,0,1,0,0,차대사람 - 기타,안전운전불이행,건조,맑음,단일로 - 기타,화물,남,40세,상해없음,보행자,남,70세,중상
2019040200100407,2019년 4월 2일 15시,화요일,충청남도 보령시 주포면,중상사고,0,2,0,0,차대차 - 추돌,안전운전불이행,건조,맑음,단일로 - 기타,승용,남,59세,상해없음,승용,남,37세,중상
2019040200100409,2019년 4월 2일 15시,화요일,충청남도 태안군 태안읍,경상사고,0,0,1,0,차대차 - 측면충돌,교차로운행방법위반,건조,맑음,교차로 - 교차로안,승용,여,28세,상해없음,승합,남,72세,상해없음
2019040200100445,2019년 4월 2일 16시,화요일,충청남도 보령시 대천동,경상사고,0,0,1,0,차대차 - 측면충돌,안전운전불이행,건조,맑음,교차로 - 교차로부근,승용,남,76세,상해없음,승용,남,19세,기타불명
2019040200100446,2019년 4월 2일 16시,화요일,충청남도 천안시 동남구 수신면,사망사고,1,0,0,0,차대차 - 측면충돌,기타,건조,맑음,교차로 - 교차로안,화물,남,55세,상해없음,이륜,남,82세,사망
2019040200100571,2019년 4월 2일 19시,화요일,충청남도 서천군 장항읍,경상사고,0,0,1,0,차대차 - 추돌,안전운전불이행,건조,맑음,단일로 - 기타,승용,여,58세,상해없음,자전거,남,64세,경상
2019040200100572,2019년 4월 2일 19시,화요일,충청남도 서천군 서면,중상사고,0,1,0,0,차대차 - 정면충돌,중앙선침범,건조,맑음,교차로 - 교차로부근,승용,남,38세,상해없음,자전거,남,48세,중상
2019040200100573,2019년 4월 2일 19시,화요일,충청남도 보령시 명천동,경상사고,0,0,2,0,차대차 - 추돌,안전운전불이행,건조,맑음,단일로 - 기타,승용,여,56세,상해없음,승용,남,65세,경상
2019040200100636,2019년 4월 2일 21시,화요일,충청남도 서천군 서천읍,경상사고,0,0,1,0,차대차 - 추돌,안전운전불이행,건조,맑음,단일로 - 기타,승용,남,48세,상해없음,자전거,남,60세,경상
2019040200100637,2019년 4월 2일 21시,화요일,충청남도 보령시 대천동,중상사고,0,1,0,0,차대차 - 측면충돌,안전운전불이행,건조,맑음,교차로 - 교차로안,승용,남,46세,상해없음,승용,남,54세,중상
2019040200100653,2019년 4월 2일 22시,화요일,충청남도 천안시 서북구 백석동,경상사고,0,0,2,0,차대차 - 추돌,안전운전불이행,건조,맑음,교차로 - 교차로부근,승용,남,27세,상해없음,승용,남,45세,경상
2019040200100680,2019년 4월 2일 23시,화요일,충청남도 천안시 서북구 쌍용동,경상사고,0,0,2,0,차대차 - 측면충돌,신호위반,건조,맑음,교차로 - 교차로안,이륜,남,58세,상해없음,화물,남,54세,경상
2019040200100681,2019년 4월 2일 23시,화요일,충청남도 아산시 배방읍,경상사고,0,0,1,0,차대차 - 기타,안전운전불이행,건조,기타,교차로 - 교차로안,기타불명,기타불명,미분류,기타불명,이륜,남,22세,경상
2019040300100034,2019년 4월 3일 00시,수요일,충청남도 홍성군 금마면,사망사고,1,0,0,0,차량단독 - 도로외이탈 - 추락,안전운전불이행,건조,맑음,단일로 - 기타,이륜,남,81세,사망,,,,
2019040300100035,2019년 4월 3일 00시,수요일,충청남도 아산시 배방읍,경상사고,0,0,3,0,차대차 - 기타,안전운전불이행,기타,맑음,교차로 - 교차로안,승용,남,36세,상해없음,승용,남,28세,경상
2019040300100045,2019년 4월 3일 01시,수요일,충청남도 서산시 고북면,중상사고,0,1,0,0,차대차 - 추돌,안전운전불이행,건조,맑음,단일로 - 기타,승용,여,50세,중상,화물,남,63세,기타불명
2019040300100049,2019년 4월 3일 02시,수요일,충청남도 천안시 동남구 삼룡동,경상사고,0,0,1,0,차대차 - 측면충돌,안전운전불이행,건조,맑음,교차로 - 교차로부근,승용,남,36세,상해없음,승용,여,50세,경상
2019040300100053,2019년 4월 3일 03시,수요일,충청남도 천안시 동남구 신방동,중상사고,0,1,0,0,차량단독 - 공작물충돌,안전운전불이행,건조,맑음,단일로 - 기타,승합,남,41세,중상,,,,
2019040300100071,2019년 4월 3일 05시,수요일,충청남도 금산군 금산읍,중상사고,0,1,0,0,차대사람 - 횡단중,보행자보호의무위반,건조,맑음,교차로 - 교차로횡단보도내,승용,남,64세,상해없음,보행자,여,55세,중상
2019040300100104,2019년 4월 3일 07시,수요일,충청남도 천안시 서북구 성거읍,중상사고,0,1,0,0,차대사람 - 차도통행중,안전운전불이행,건조,맑음,교차로 - 교차로부근,승용,남,52세,상해없음,보행자,남,57세,중상
2019040300100150,2019년 4월 3일 08시,수요일,충청남도 천안시 서북구 쌍용동,경상사고,0,0,2,0,차대차 - 추돌,안전거리미확보,건조,맑음,교차로 - 교차로부근,승용,여,42세,상해없음,화물,남,32세,경상
2019040300100151,2019년 4월 3일 08시,수요일,충청남도 아산시 영인면,경상사고,0,0,1,0,차대차 - 기타,안전운전불이행,기타,맑음,교차로 - 교차로안,승용,남,57세,상해없음,승용,여,31세,경상
2019040300100152,2019년 4월 3일 08시,수요일,충청남도 서천군 종천면,중상사고,0,2,0,0,차대차 - 추돌,안전거리미확보,건조,맑음,교차로 - 교차로안,화물,남,67세,상해없음,화물,남,67세,중상
2019040300100210,2019년 4월 3일 10시,수요일,충청남도 천안시 서북구 직산읍,경상사고,0,0,1,0,차대차 - 추돌,안전거리미확보,건조,맑음,단일로 - 기타,승용,남,48세,상해없음,승용,여,45세,경상
2019040300100261,2019년 4월 3일 12시,수요일,충청남도 서산시 대산읍,경상사고,0,0,1,0,차대차 - 추돌,안전운전불이행,건조,맑음,교차로 - 교차로부근,승용,남,32세,상해없음,승용,남,38세,경상
2019040300100288,2019년 4월 3일 13시,수요일,충청남도 천안시 동남구 원성동,경상사고,0,0,2,0,차대차 - 추돌,안전운전불이행,건조,맑음,교차로 - 교차로부근,화물,남,52세,상해없음,승용,남,47세,경상
2019040300100358,2019년 4월 3일 15시,수요일,충청남도 홍성군 홍성읍,경상사고,0,0,1,0,차대차 - 측면충돌,과속,건조,맑음,교차로 - 교차로안,승용,남,31세,상해없음,승용,여,57세,경상
2019040300100359,2019년 4월 3일 15시,수요일,충청남도 아산시 둔포면,경상사고,0,0,1,0,차대차 - 측면충돌,안전운전불이행,건조,맑음,단일로 - 기타,화물,남,50세,상해없음,승용,남,26세,경상