사고번호,사고일시,요일,시군구,사고내용,사망자수,중상자수,경상자수,부상신고자수,사고유형,법규위반,노면상태,기상상태,도로형태,가해운전자 차종,가해운전자 성별,가해운전자 연령,가해운전자 상해정도,피해운전자 차종,피해운전자 성별,피해운전자 연령,피해운전자 상해정도
2019040300100396,2019년 4월 3일 16시,수요일,충청남도 서산시 잠홍동,사망사고,1,0,0,0,차대사람 - 횡단중,신호위반,건조,맑음,교차로 - 교차로횡단보도내,승용,남,31세,상해없음,보행자,남,63세,사망
2019040300100397,2019년 4월 3일 16시,수요일,충청남도 예산군 오가면,경상사고,0,0,1,0,차대차 - 추돌,안전거리미확보,건조,맑음,교차로 - 교차로부근,승용,여,22세,상해없음,승용,여,55세,상해없음
2019040300100444,2019년 4월 3일 17시,수요일,충청남도 아산시 온천동,경상사고,0,0,1,0,차대차 - 기타,안전운전불이행,건조,맑음,단일로 - 기타,승용,여,44세,상해없음,자전거,여,65세,경상
2019040300100445,2019년 4월 3일 17시,수요일,충청남도 공주시 우성면,중상사고,0,1,0,0,차대사람 - 기타,안전운전불이행,건조,맑음,단일로 - 기타,화물,남,63세,상해없음,보행자,여,82세,중상
2019040300100524,2019년 4월 3일 19시,수요일,충청남도 천안시 서북구 두정동,경상사고,0,0,1,0,차대차 - 기타,안전운전불이행,건조,맑음,교차로 - 교차로안,승용,여,37세,상해없음,승합,남,43세,상해없음
2019040300100525,2019년 4월 3일 19시,수요일,충청남도 서천군 서천읍,중상사고,0,1,0,0,차대사람 - 횡단중,안전운전불이행,건조,맑음,교차로 - 교차로안,승용,여,29세,상해없음,보행자,여,67세,중상
2019040300100614,2019년 4월 3일 22시,수요일,충청남도 보령시 동대동,중상사고,0,1,0,0,차대사람 - 횡단중,안전운전불이행,건조,맑음,교차로 - 교차로안,승용,남,37세,상해없음,보행자,여,73세,중상
2019040400100033,2019년 4월 4일 01시,목요일,충청남도 천안시 서북구 성정동,경상사고,0,0,1,0,차대차 - 측면충돌,신호위반,건조,맑음,교차로 - 교차로안,이륜,남,31세,상해없음,승용,남,62세,상해없음
2019040400100034,2019년 4월 4일 01시,목요일,충청남도 당진시 시곡리,중상사고,0,1,0,0,차대차 - 기타,안전운전불이행,건조,맑음,교차로 - 교차로부근,승용,남,38세,상해없음,승용,여,54세,중상
2019040400100061,2019년 4월 4일 04시,목요일,충청남도 태안군 태안읍,경상사고,0,0,1,0,차량단독 - 공작물충돌,안전운전불이행,건조,맑음,교차로 - 교차로안,승용,여,49세,경상,,,,
2019040400100101,2019년 4월 4일 07시,목요일,충청남도 당진시 송산면,경상사고,0,0,1,0,차대차 - 기타,신호위반,건조,맑음,교차로 - 교차로부근,화물,남,25세,상해없음,승용,남,27세,경상
2019040400100102,2019년 4월 4일 07시,목요일,충청남도 당진시 석문면,경상사고,0,0,1,0,차대차 - 기타,교차로운행방법위반,건조,맑음,교차로 - 교차로안,승용,여,21세,상해없음,승용,남,61세,경상
2019040400100193,2019년 4월 4일 09시,목요일,충청남도 논산시 강경읍,중상사고,0,1,0,0,차량단독 - 주/정차차량 충돌,안전운전불이행,건조,맑음,단일로 - 기타,승용,여,55세,상해없음,,,,
2019040400100194,2019년 4월 4일 09시,목요일,충청남도 아산시 온천동,중상사고,0,1,0,0,차대차 - 기타,안전운전불이행,건조,맑음,교차로 - 교차로안,승용,여,38세,상해없음,승용,여,48세,중상
2019040400100257,2019년 4월 4일 11시,목요일,충청남도 천안시 동남구 구성동,경상사고,0,0,2,0,차대차 - 측면충돌,불법유턴,건조,맑음,교차로 - 교차로안,승용,남,71세,상해없음,이륜,남,16세,경상
2019040400100288,2019년 4월 4일 12시,목요일,충청남도 서산시 고북면,부상신고사고,0,0,0,3,차량단독 - 전도전복 - 전도,안전운전불이행,건조,맑음,단일로 - 기타,승용,남,79세,상해없음,,,,
2019040400100289,2019년 4월 4일 12시,목요일,충청남도 아산시 용화동,경상사고,0,0,2,0,차대차 - 측면충돌,안전운전불이행,건조,맑음,교차로 - 교차로안,승용,남,71세,상해없음,승용,남,29세,경상
2019040400100290,2019년 4월 4일 12시,목요일,충청남도 아산시 방축동,경상사고,0,0,1,0,차대차 - 정면충돌,신호위반,건조,맑음,교차로 - 교차로안,승용,여,76세,상해없음,승용,남,59세,경상
2019040400100375,2019년 4월 4일 15시,목요일,충청남도 천안시 서북구 성환읍,경상사고,0,0,1,0,차대차 - 측면충돌,안전운전불이행,건조,맑음,교차로 - 교차로안,승용,남,62세,상해없음,승용,여,21세,경상
2019040400100376,2019년 4월 4일 15시,목요일,충청남도 아산시 모종동,경상사고,0,0,1,0,차대사람 - 기타,안전운전불이행,건조,맑음,단일로 - 기타,승용,남,43세,상해없음,보행자,남,40세,경상
2019040400100460,2019년 4월 4일 17시,목요일,충청남도 서산시 팔봉면,경상사고,0,0,1,0,차대차 - 측면충돌,안전운전불이행,건조,맑음,교차로 - 교차로안,건설기계,남,64세,상해없음,승용,여,38세,경상
2019040400100582,2019년 4월 4일 20시,목요일,충청남도 서산시 해미면,부상신고사고,0,0,0,1,차대차 - 측면충돌,안전운전불이행,건조,맑음,단일로 - 기타,승용,남,76세,상해없음,승용,남,44세,부상신고
2019040400100583,2019년 4월 4일 20시,목요일,충청남도 홍성군 홍성읍,경상사고,0,0,2,0,차대차 - 추돌,안전운전불이행,건조,맑음,단일로 - 기타,승용,남,38세,상해없음,승용,여,64세,경상
2019040400100584,2019년 4월 4일 20시,목요일,충청남도 아산시 둔포면,경상사고,0,0,1,0,차대차 - 기타,안전운전불이행,건조,맑음,교차로 - 교차로안,승용,남,27세,상해없음,승용,여,27세,경상
2019040400100585,2019년 4월 4일 20시,목요일,충청남도 아산시 탕정면,경상사고,0,0,1,0,차대차 - 기타,안전운전불이행,건조,맑음,교차로 - 교차로안,기타불명,기타불명,미분류,기타불명,화물,남,54세,상해없음
2019040400100667,2019년 4월 4일 23시,목요일,충청남도 천안시 서북구 쌍용동,부상신고사고,0,0,0,1,차대차 - 기타,안전운전불이행,건조,맑음,단일로 - 기타,승용,남,58세,상해없음,승합,남,48세,부상신고
2019040400100668,2019년 4월 4일 23시,목요일,충청남도 예산군 예산읍,중상사고,0,1,1,0,차대차 - 추돌,안전운전불이행,건조,맑음,교차로 - 교차로부근,승용,남,38세,상해없음,승용,남,63세,중상
2019040400100669,2019년 4월 4일 23시,목요일,충청남도 태안군 근흥면,경상사고,0,0,1,0,차량단독 - 공작물충돌,안전운전불이행,건조,맑음,단일로 - 기타,화물,남,37세,경상,,,,
2019040500100077,2019년 4월 5일 05시,금요일,충청남도 서천군 마서면,경상사고,0,0,1,0,차대차 - 추돌,신호위반,건조,맑음,교차로 - 교차로안,기타불명,남,65세,상해없음,특수,남,52세,경상
2019040500100217,2019년 4월 5일 11시,금요일,충청남도 서산시 예천동,경상사고,0,0,1,0,차대차 - 측면충돌,안전운전불이행,건조,맑음,단일로 - 기타,승용,여,60세,상해없음,승용,남,43세,경상
2019040500100218,2019년 4월 5일 11시,금요일,충청남도 홍성군 홍성읍,중상사고,0,1,0,0,차대차 - 측면충돌,신호위반,건조,맑음,교차로 - 교차로안,화물,남,55세,상해없음,승용,여,55세,중상
2019040500100219,2019년 4월 5일 11시,금요일,충청남도 공주시 정안면,중상사고,0,1,1,0,차대차 - 측면충돌,안전운전불이행,건조,맑음,단일로 - 기타,승용,여,53세,상해없음,특수,남,66세,경상
2019040500100246,2019년 4월 5일 12시,금요일,충청남도 예산군 대술면,경상사고,0,0,1,0,차대사람 - 기타,기타,건조,맑음,교차로 - 교차로부근,승합,남,64세,상해없음,보행자,여,79세,경상
2019040500100283,2019년 4월 5일 13시,금요일,충청남도 당진시 송악읍,중상사고,0,1,1,0,차대차 - 추돌,교차로운행방법위반,건조,맑음,교차로 - 교차로안,승용,남,38세,상해없음,특수,남,56세,상해없음
2019040500100308,2019년 4월 5일 14시,금요일,충청남도 서산시 인지면,경상사고,0,0,1,0,차대사람 - 횡단중,신호위반,건조,맑음,교차로 - 교차로안,승용,여,37세,상해없음,보행자,남,10세,경상
2019040500100309,2019년 4월 5일 14시,금요일,충청남도 천안시 동남구 봉명동,중상사고,0,1,0,0,차대사람 - 횡단중,안전운전불이행,건조,맑음,단일로 - 기타,승합,남,52세,상해없음,보행자,남,40세,중상
2019040500100356,2019년 4월 5일 15시,금요일,충청남도 천안시 서북구 성성동,부상신고사고,0,0,0,1,차대차 - 기타,신호위반,건조,맑음,교차로 - 교차로안,승용,여,39세,상해없음,승용,여,34세,부상신고
2019040500100397,2019년 4월 5일 16시,금요일,충청남도 천안시 서북구 성정동,경상사고,0,0,1,0,차대사람 - 횡단중,보행자보호의무위반,건조,맑음,교차로 - 교차로횡단보도내,승용,남,59세,상해없음,보행자,여,31세,경상
2019040500100399,2019년 4월 5일 16시,금요일,충청남도 당진시 읍내리,중상사고,0,1,0,0,차대사람 - 차도통행중,안전운전불이행,건조,맑음,단일로 - 기타,승용,남,83세,상해없음,보행자,여,76세,중상
2019040500100446,2019년 4월 5일 17시,금요일,충청남도 보령시 동대동,경상사고,0,0,1,0,차대사람 - 횡단중,안전운전불이행,건조,맑음,단일로 - 기타,승용,여,53세,상해없음,보행자,여,12세,경상
2019040500100500,2019년 4월 5일 18시,금요일,충청남도 천안시 동남구 원성동,경상사고,0,0,1,0,차대사람 - 기타,직진우회전진행방해,건조,맑음,교차로 - 교차로안,승용,여,42세,상해없음,보행자,남,70세,경상
2019040500100501,2019년 4월 5일 18시,금요일,충청남도 천안시 동남구 청당동,경상사고,0,0,1,0,차대차 - 추돌,안전운전불이행,건조,맑음,교차로 - 교차로부근,승용,남,30세,상해없음,승용,남,50세,경상
2019040500100555,2019년 4월 5일 19시,금요일,충청남도 천안시 서북구 성거읍,중상사고,0,1,4,0,차대차 - 측면충돌,신호위반,건조,맑음,교차로 - 교차로안,승합,남,56세,상해없음,승용,남,34세,경상
2019040500100556,2019년 4월 5일 19시,금요일,충청남도 천안시 서북구 성환읍,경상사고,0,0,2,0,차대차 - 측면충돌,신호위반,건조,맑음,교차로 - 교차로안,승용,여,34세,상해없음,승합,여,59세,경상
2019040500100557,2019년 4월 5일 19시,금요일,충청남도 천안시 서북구 불당동,경상사고,0,0,2,0,차대차 - 추돌,안전거리미확보,건조,맑음,단일로 - 기타,승용,여,40세,상해없음,승용,여,55세,경상
2019040500100558,2019년 4월 5일 19시,금요일,충청남도 당진시 석문면,중상사고,0,1,0,0,차대사람 - 길가장자리구역통행중,안전운전불이행,건조,맑음,단일로 - 기타,화물,남,77세,상해없음,보행자,여,79세,중상
2019040500100559,2019년 4월 5일 19시,금요일,충청남도 천안시 동남구 신부동,경상사고,0,0,1,0,차대차 - 기타,기타,건조,맑음,교차로 - 교차로안,승용,남,57세,상해없음,원동기,남,26세,경상
2019040500100610,2019년 4월 5일 20시,금요일,충청남도 보령시 죽정동,경상사고,0,0,1,0,차대사람 - 횡단중,안전운전불이행,건조,맑음,교차로 - 교차로안,기타불명,기타불명,미분류,기타불명,보행자,여,70세,경상
2019040500100611,2019년 4월 5일 20시,금요일,충청남도 천안시 동남구 삼룡동,경상사고,0,0,2,0,차대차 - 정면충돌,안전운전불이행,건조,맑음,교차로 - 교차로안,승용,남,25세,상해없음,승용,여,29세,경상
2019040500100641,2019년 4월 5일 21시,금요일,충청남도 당진시 합덕읍,경상사고,0,0,1,0,차대차 - 측면충돌,교차로운행방법위반,건조,맑음,교차로 - 교차로안,승용,남,29세,상해없음,승용,남,56세,경상
2019040500100642,2019년 4월 5일 21시,금요일,충청남도 천안시 동남구 봉명동,경상사고,0,0,2,0,차대차 - 추돌,안전운전불이행,건조,맑음,단일로 - 기타,승용,남,45세,상해없음,승용,남,22세,경상
2019040500100683,2019년 4월 5일 22시,금요일,충청남도 서산시 잠홍동,사망사고,1,0,0,0,차대차 - 기타,안전운전불이행,건조,맑음,단일로 - 기타,화물,남,37세,상해없음,자전거,남,65세,사망
2019040500100684,2019년 4월 5일 22시,금요일,충청남도 천안시 동남구 구성동,경상사고,0,0,2,0,차대차 - 측면충돌,안전운전불이행,건조,맑음,교차로 - 교차로안,승용,남,55세,상해없음,승용,여,29세,경상
2019040500100710,2019년 4월 5일 23시,금요일,충청남도 아산시 배방읍,경상사고,0,0,2,0,차대차 - 기타,중앙선침범,건조,맑음,단일로 - 기타,승용,남,39세,상해없음,승용,남,58세,경상
2019040500100711,2019년 4월 5일 23시,금요일,충청남도 아산시 탕정면,경상사고,0,0,2,0,차대차 - 추돌,안전운전불이행,건조,맑음,교차로 - 교차로부근,승용,남,36세,상해없음,승용,남,60세,경상
2019040600100038,2019년 4월 6일 00시,토요일,충청남도 천안시 서북구 불당동,경상사고,0,0,2,0,차대차 - 추돌,안전운전불이행,건조,맑음,교차로 - 교차로부근,승용,남,38세,상해없음,승용,남,56세,경상
2019040600100059,2019년 4월 6일 01시,토요일,충청남도 천안시 동남구 구성동,중상사고,0,1,0,0,차대사람 - 길가장자리구역통행중,안전운전불이행,건조,맑음,단일로 - 기타,승용,여,56세,상해없음,보행자,남,64세,중상
2019040600100074,2019년 4월 6일 02시,토요일,충청남도 천안시 서북구 쌍용동,경상사고,0,0,1,0,차대차 - 기타,안전운전불이행,건조,맑음,단일로 - 기타,승용,남,47세,상해없음,승용,남,48세,경상
2019040600100095,2019년 4월 6일 05시,토요일,충청남도 천안시 서북구 성거읍,중상사고,0,2,0,0,차대차 - 기타,안전운전불이행,건조,맑음,단일로 - 기타,승용,남,36세,상해없음,승용,남,52세,중상
2019040600100117,2019년 4월 6일 07시,토요일,충청남도 아산시 음봉면,중상사고,0,1,0,0,차대차 - 기타,신호위반,건조,맑음,교차로 - 교차로안,원동기,남,49세,중상,승용,남,58세,상해없음
2019040600100118,2019년 4월 6일 07시,토요일,충청남도 아산시 온천동,중상사고,0,1,1,0,차대차 - 기타,안전운전불이행,기타,맑음,교차로 - 교차로안,원동기,남,80세,상해없음,원동기,남,69세,경상
2019040600100142,2019년 4월 6일 08시,토요일,충청남도 천안시 서북구 쌍용동,경상사고,0,0,1,0,차대차 - 측면충돌,안전운전불이행,건조,맑음,교차로 - 교차로안,승합,남,54세,상해없음,승용,남,48세,경상
2019040600100143,2019년 4월 6일 08시,토요일,충청남도 공주시 신관동,경상사고,0,0,1,0,차대차 - 측면충돌,불법유턴,건조,맑음,단일로 - 기타,자전거,남,79세,경상,특수,남,37세,상해없음
2019040600100144,2019년 4월 6일 08시,토요일,충청남도 당진시 석문면,중상사고,0,1,0,0,차대사람 - 차도통행중,안전운전불이행,건조,맑음,단일로 - 기타,승용,여,46세,상해없음,보행자,여,47세,중상
2019040600100166,2019년 4월 6일 09시,토요일,충청남도 천안시 동남구 문화동,경상사고,0,0,1,0,차대차 - 측면충돌,안전운전불이행,건조,맑음,단일로 - 기타,승용,여,43세,상해없음,이륜,남,56세,경상
2019040600100197,2019년 4월 6일 10시,토요일,충청남도 천안시 서북구 성성동,경상사고,0,0,1,1,차대차 - 측면충돌,안전거리미확보,건조,맑음,단일로 - 기타,승용,여,24세,상해없음,승용,남,43세,경상
2019040600100235,2019년 4월 6일 11시,토요일,충청남도 예산군 오가면,중상사고,0,1,1,0,차대차 - 정면충돌,신호위반,건조,맑음,교차로 - 교차로안,승용,남,45세,중상,승용,여,56세,경상
2019040600100236,2019년 4월 6일 11시,토요일,충청남도 당진시 읍내리,경상사고,0,0,1,0,차대사람 - 길가장자리구역통행중,안전운전불이행,건조,맑음,단일로 - 기타,승용,남,54세,상해없음,보행자,여,80세,경상
2019040600100268,2019년 4월 6일 12시,토요일,충청남도 천안시 서북구 백석동,경상사고,0,0,2,0,차대차 - 추돌,안전운전불이행,건조,맑음,단일로 - 기타,승용,여,57세,상해없음,승용,남,61세,경상
2019040600100269,2019년 4월 6일 12시,토요일,충청남도 논산시 연산면,경상사고,0,0,2,0,차대차 - 후진중충돌,안전운전불이행,건조,맑음,교차로 - 교차로부근,승용,남,73세,상해없음,승용,남,56세,경상
2019040600100312,2019년 4월 6일 13시,토요일,충청남도 천안시 서북구 성정동,중상사고,0,1,0,0,차대차 - 측면충돌,안전거리미확보,건조,맑음,단일로 - 기타,승용,남,35세,상해없음,이륜,남,51세,중상
2019040600100313,2019년 4월 6일 13시,토요일,충청남도 아산시 좌부동,경상사고,0,0,4,0,차대차 - 추돌,안전운전불이행,건조,맑음,단일로 - 기타,승용,남,54세,상해없음,승용,남,31세,경상
2019040600100349,2019년 4월 6일 14시,토요일,충청남도 천안시 서북구 성정동,경상사고,0,0,1,0,차대사람 - 기타,안전운전불이행,건조,맑음,단일로 - 기타,승용,여,42세,상해없음,보행자,남,25세,경상
2019040600100350,2019년 4월 6일 14시,토요일,충청남도 논산시 양촌면,부상신고사고,0,0,0,1,차량단독 - 전도전복 - 전도,안전운전불이행,건조,맑음,교차로 - 교차로부근,자전거,남,44세,부상신고,,,,
2019040600100352,2019년 4월 6일 14시,토요일,충청남도 천안시 동남구 원성동,경상사고,0,0,3,0,차대차 - 추돌,안전운전불이행,건조,맑음,단일로 - 기타,승용,남,54세,경상,승용,남,24세,상해없음
2019040600100425,2019년 4월 6일 16시,토요일,충청남도 천안시 서북구 성거읍,경상사고,0,0,1,0,차대차 - 측면충돌,안전거리미확보,건조,맑음,단일로 - 기타,화물,남,59세,상해없음,승용,여,21세,경상
2019040600100461,2019년 4월 6일 17시,토요일,충청남도 홍성군 홍북읍,중상사고,0,1,0,0,차대차 - 측면충돌,신호위반,건조,맑음,교차로 - 교차로안,승용,남,37세,상해없음,승용,남,56세,중상
2019040600100462,2019년 4월 6일 17시,토요일,충청남도 보령시 남포면,중상사고,0,1,0,0,차대차 - 측면충돌,안전운전불이행,건조,맑음,단일로 - 기타,화물,남,69세,상해없음,이륜,남,59세,중상
2019040600100495,2019년 4월 6일 18시,토요일,충청남도 아산시 온천동,부상신고사고,0,0,0,1,차대차 - 기타,기타,건조,맑음,교차로 - 교차로안,승용,남,54세,부상신고,승용,여,77세,상해없음
2019040600100535,2019년 4월 6일 19시,토요일,충청남도 천안시 서북구 성정동,경상사고,0,0,4,0,차대차 - 추돌,안전운전불이행,건조,맑음,단일로 - 기타,승용,남,49세,상해없음,승용,남,27세,경상
2019040600100567,2019년 4월 6일 20시,토요일,충청남도 서천군 비인면,중상사고,0,1,0,0,차량단독 - 공작물충돌,안전운전불이행,건조,맑음,교차로 - 교차로안,승용,남,63세,상해없음,,,,
2019040600100624,2019년 4월 6일 22시,토요일,충청남도 아산시 온천동,중상사고,0,1,0,0,차대사람 - 차도통행중,안전운전불이행,건조,맑음,교차로 - 교차로안,승용,남,25세,상해없음,보행자,남,67세,중상
2019040700100036,2019년 4월 7일 00시,일요일,충청남도 천안시 서북구 성정동,경상사고,0,0,1,0,차대차 - 추돌,안전운전불이행,건조,맑음,교차로 - 교차로부근,승용,남,35세,상해없음,승용,남,62세,경상
2019040700100098,2019년 4월 7일 06시,일요일,충청남도 아산시 장존동,중상사고,0,1,1,0,차대차 - 추돌,안전운전불이행,건조,맑음,단일로 - 기타,승용,남,24세,상해없음,승용,여,59세,경상
2019040700100154,2019년 4월 7일 10시,일요일,충청남도 당진시 읍내리,경상사고,0,0,3,0,차대차 - 측면충돌,직진우회전진행방해,건조,맑음,교차로 - 교차로안,승용,여,62세,경상,승용,남,29세,상해없음
2019040700100181,2019년 4월 7일 11시,일요일,충청남도 공주시 반포면,경상사고,0,0,2,0,차대차 - 추돌,과속,건조,맑음,단일로 - 터널,승용,남,23세,기타불명,승용,여,54세,경상
2019040700100204,2019년 4월 7일 12시,일요일,충청남도 천안시 서북구 입장면,중상사고,0,1,0,0,차대차 - 정면충돌,신호위반,건조,맑음,교차로 - 교차로안,이륜,남,32세,중상,승용,남,23세,상해없음
2019040700100205,2019년 4월 7일 12시,일요일,충청남도 예산군 응봉면,경상사고,0,0,1,0,차대차 - 기타,안전운전불이행,건조,맑음,교차로 - 교차로안,이륜,남,37세,경상,승용,남,45세,상해없음
2019040700100269,2019년 4월 7일 14시,일요일,충청남도 보령시 내항동,경상사고,0,0,2,0,차대차 - 추돌,안전운전불이행,건조,맑음,교차로 - 교차로부근,승용,남,50세,상해없음,승용,남,35세,경상
2019040700100270,2019년 4월 7일 14시,일요일,충청남도 공주시 우성면,부상신고사고,0,0,0,1,차량단독 - 도로외이탈 - 기타,안전운전불이행,기타,맑음,단일로 - 기타,화물,남,62세,부상신고,,,,
2019040700100272,2019년 4월 7일 14시,일요일,충청남도 천안시 동남구 삼룡동,경상사고,0,0,2,0,차대차 - 측면충돌,차로위반,건조,맑음,단일로 - 기타,승용,여,49세,상해없음,승용,여,44세,경상
2019040700100301,2019년 4월 7일 15시,일요일,충청남도 당진시 송악읍,중상사고,0,1,0,0,차대차 - 측면충돌,불법유턴,건조,맑음,교차로 - 교차로안,이륜,남,81세,중상,승용,남,34세,상해없음
2019040700100343,2019년 4월 7일 16시,일요일,충청남도 아산시 방축동,중상사고,0,2,0,0,차대차 - 추돌,안전운전불이행,건조,맑음,단일로 - 기타,승용,남,42세,상해없음,승용,남,56세,중상
2019040700100344,2019년 4월 7일 16시,일요일,충청남도 예산군 예산읍,경상사고,0,0,2,0,차대차 - 기타,중앙선침범,건조,맑음,교차로 - 교차로안,승용,남,60세,상해없음,승용,남,37세,경상
2019040700100382,2019년 4월 7일 17시,일요일,충청남도 예산군 오가면,경상사고,0,0,1,0,차대차 - 측면충돌,안전운전불이행,건조,맑음,기타 - 기타,승용,남,20세,상해없음,승용,남,25세,경상
2019040700100458,2019년 4월 7일 20시,일요일,충청남도 서산시 석림동,중상사고,0,1,1,0,차대차 - 기타,안전운전불이행,건조,맑음,단일로 - 기타,승용,남,36세,상해없음,승용,남,26세,중상
2019040700100459,2019년 4월 7일 20시,일요일,충청남도 천안시 서북구 직산읍,경상사고,0,0,3,0,차대차 - 추돌,안전운전불이행,건조,맑음,교차로 - 교차로부근,승용,남,23세,상해없음,승용,남,33세,경상
2019040700100460,2019년 4월 7일 20시,일요일,충청남도 천안시 동남구 신부동,경상사고,0,0,1,0,차대차 - 측면충돌,중앙선침범,건조,맑음,단일로 - 기타,승용,남,33세,기타불명,승용,남,41세,경상
2019040700100483,2019년 4월 7일 21시,일요일,충청남도 천안시 서북구 불당동,중상사고,0,2,0,0,차대차 - 추돌,안전운전불이행,건조,맑음,교차로 - 교차로부근,승용,남,29세,상해없음,승용,남,24세,중상
2019040700100484,2019년 4월 7일 21시,일요일,충청남도 서천군 화양면,중상사고,0,1,0,0,차량단독 - 공작물충돌,안전운전불이행,건조,맑음,교차로 - 교차로안,승용,남,22세,중상,,,,
2019040700100506,2019년 4월 7일 22시,일요일,충청남도 보령시 동대동,경상사고,0,0,1,0,차대사람 - 횡단중,안전운전불이행,건조,맑음,단일로 - 기타,화물,여,39세,상해없음,보행자,남,41세,경상
2019040700100523,2019년 4월 7일 23시,일요일,충청남도 천안시 서북구 성정동,경상사고,0,0,1,0,차대사람 - 기타,안전운전불이행,건조,맑음,교차로 - 교차로안,승용,여,52세,상해없음,보행자,남,34세,경상
2019040800100031,2019년 4월 8일 00시,월요일,충청남도 천안시 서북구 성정동,중상사고,0,1,1,0,차대차 - 측면충돌,신호위반,건조,맑음,교차로 - 교차로안,승용,남,29세,상해없음,승용,남,67세,상해없음
2019040800100057,2019년 4월 8일 04시,월요일,충청남도 서천군 마서면,중상사고,0,2,1,0,차대차 - 측면충돌,신호위반,건조,맑음,교차로 - 교차로안,화물,남,58세,상해없음,승용,남,40세,중상
2019040800100103,2019년 4월 8일 07시,월요일,충청남도 아산시 권곡동,경상사고,0,0,1,0,차대차 - 측면충돌,신호위반,건조,맑음,교차로 - 교차로안,화물,남,67세,상해없음,승용,여,22세,경상
2019040800100104,2019년 4월 8일 07시,월요일,충청남도 보령시 신흑동,경상사고,0,0,1,0,차대차 - 측면충돌,직진우회전진행방해,건조,맑음,교차로 - 교차로안,승합,남,50세,상해없음,화물,남,45세,경상
2019040800100105,2019년 4월 8일 07시,월요일,충청남도 공주시 검상동,경상사고,0,0,2,0,차대차 - 측면충돌,안전운전불이행,건조,맑음,교차로 - 교차로안,승합,남,43세,경상,화물,남,60세,경상
2019040800100192,2019년 4월 8일 09시,월요일,충청남도 아산시 음봉면,경상사고,0,0,1,0,차대차 - 기타,안전운전불이행,건조,맑음,단일로 - 기타,승용,남,31세,상해없음,승용,남,49세,경상
2019040800100230,2019년 4월 8일 10시,월요일,충청남도 태안군 안면읍,사망사고,1,0,0,0,차량단독 - 공작물충돌,안전운전불이행,건조,맑음,단일로 - 기타,사륜오토바이(ATV),여,76세,사망,,,,
2019040800100259,2019년 4월 8일 11시,월요일,충청남도 천안시 서북구 백석동,경상사고,0,0,1,0,차대차 - 측면충돌,안전운전불이행,건조,맑음,교차로 - 교차로안,승용,남,49세,상해없음,승용,여,56세,경상
2019040800100291,2019년 4월 8일 12시,월요일,충청남도 공주시 신풍면,경상사고,0,0,1,0,차대차 - 추돌,안전운전불이행,건조,맑음,단일로 - 기타,승용,남,53세,상해없음,농기계,남,74세,경상
2019040800100325,2019년 4월 8일 13시,월요일,충청남도 논산시 관촉동,중상사고,0,1,0,0,차대차 - 측면충돌,안전운전불이행,건조,맑음,단일로 - 기타,승용,여,29세,상해없음,자전거,남,62세,중상
2019040800100353,2019년 4월 8일 14시,월요일,충청남도 공주시 신관동,중상사고,0,1,0,0,차대사람 - 기타,안전운전불이행,건조,맑음,단일로 - 기타,자전거,남,61세,상해없음,보행자,여,84세,중상
2019040800100388,2019년 4월 8일 15시,월요일,충청남도 홍성군 홍성읍,경상사고,0,0,1,0,차대차 - 정면충돌,중앙선침범,건조,맑음,단일로 - 기타,화물,남,57세,상해없음,승용,여,51세,경상
2019040800100418,2019년 4월 8일 16시,월요일,충청남도 당진시 순성면,중상사고,0,1,0,0,차대차 - 측면충돌,직진우회전진행방해,건조,맑음,교차로 - 교차로안,이륜,남,71세,중상,승용,여,60세,상해없음
2019040800100459,2019년 4월 8일 17시,월요일,충청남도 천안시 동남구 봉명동,경상사고,0,0,1,0,차대사람 - 횡단중,보행자보호의무위반,건조,맑음,교차로 - 교차로횡단보도내,승용,여,66세,상해없음,보행자,남,40세,경상
2019040800100581,2019년 4월 8일 20시,월요일,충청남도 홍성군 갈산면,중상사고,0,1,0,0,차대차 - 추돌,안전운전불이행,건조,맑음,단일로 - 교량,승용,남,70세,상해없음,건설기계,남,42세,중상
2019040800100607,2019년 4월 8일 21시,월요일,충청남도 아산시 풍기동,경상사고,0,0,2,0,차대차 - 기타,안전운전불이행,건조,맑음,단일로 - 기타,화물,남,58세,상해없음,승용,여,20세,경상
2019040800100626,2019년 4월 8일 22시,월요일,충청남도 아산시 둔포면,부상신고사고,0,0,0,1,차대사람 - 기타,안전운전불이행,건조,맑음,교차로 - 교차로부근,기타불명,기타불명,미분류,기타불명,보행자,여,6세,부상신고
2019040800100627,2019년 4월 8일 22시,월요일,충청남도 태안군 안면읍,경상사고,0,0,1,0,차대차 - 정면충돌,중앙선침범,건조,맑음,교차로 - 교차로부근,화물,남,51세,상해없음,화물,남,27세,경상
2019040900100062,2019년 4월 9일 03시,화요일,충청남도 천안시 동남구 쌍용동,경상사고,0,0,1,0,차대차 - 기타,교차로운행방법위반,건조,맑음,교차로 - 교차로안,승용,여,58세,상해없음,이륜,남,40세,경상
2019040900100068,2019년 4월 9일 04시,화요일,충청남도 천안시 서북구 성정동,경상사고,0,0,1,0,차대차 - 측면충돌,신호위반,건조,맑음,교차로 - 교차로안,승용,남,66세,상해없음,승용,남,45세,경상
2019040900100073,2019년 4월 9일 05시,화요일,충청남도 아산시 탕정면,사망사고,1,0,0,0,차대사람 - 횡단중,안전운전불이행,건조,맑음,교차로 - 교차로안,승용,여,31세,상해없음,보행자,남,70세,사망