사고번호,사고일시,요일,시군구,사고내용,사망자수,중상자수,경상자수,부상신고자수,사고유형,법규위반,노면상태,기상상태,도로형태,가해운전자 차종,가해운전자 성별,가해운전자 연령,가해운전자 상해정도,피해운전자 차종,피해운전자 성별,피해운전자 연령,피해운전자 상해정도
2019040900100098,2019년 4월 9일 07시,화요일,충청남도 홍성군 홍성읍,경상사고,0,0,1,0,차대차 - 측면충돌,신호위반,건조,맑음,교차로 - 교차로안,승용,남,64세,상해없음,승용,여,42세,경상
2019040900100127,2019년 4월 9일 08시,화요일,충청남도 보령시 명천동,경상사고,0,0,3,0,차대차 - 측면충돌,안전운전불이행,건조,맑음,교차로 - 교차로안,승용,남,62세,상해없음,승용,여,37세,경상
2019040900100163,2019년 4월 9일 09시,화요일,충청남도 천안시 동남구 청당동,경상사고,0,0,1,0,차대차 - 측면충돌,안전거리미확보,건조,맑음,단일로 - 기타,화물,남,57세,상해없음,승용,남,39세,경상
2019040900100211,2019년 4월 9일 11시,화요일,충청남도 천안시 서북구 성환읍,경상사고,0,0,1,0,차대차 - 측면충돌,안전운전불이행,건조,맑음,교차로 - 교차로안,화물,남,62세,경상,화물,남,49세,상해없음
2019040900100244,2019년 4월 9일 12시,화요일,충청남도 아산시 둔포면,경상사고,0,0,2,0,차대차 - 추돌,안전운전불이행,건조,맑음,단일로 - 기타,승용,남,19세,상해없음,승용,남,36세,경상
2019040900100245,2019년 4월 9일 12시,화요일,충청남도 공주시 산성동,중상사고,0,2,0,0,차대차 - 측면충돌,교차로운행방법위반,건조,맑음,교차로 - 교차로안,승용,남,75세,상해없음,이륜,남,79세,중상
2019040900100246,2019년 4월 9일 12시,화요일,충청남도 공주시 금흥동,경상사고,0,0,1,0,차대차 - 측면충돌,안전운전불이행,건조,맑음,단일로 - 기타,승용,남,68세,상해없음,이륜,남,54세,경상
2019040900100247,2019년 4월 9일 12시,화요일,충청남도 당진시 신평면,중상사고,0,1,0,0,차대차 - 기타,교차로운행방법위반,건조,맑음,교차로 - 교차로안,승용,남,57세,상해없음,화물,남,62세,중상
2019040900100270,2019년 4월 9일 13시,화요일,충청남도 공주시 소학동,중상사고,0,1,1,0,차대차 - 추돌,안전운전불이행,건조,맑음,단일로 - 기타,화물,남,38세,중상,화물,남,53세,경상
2019040900100271,2019년 4월 9일 13시,화요일,충청남도 청양군 화성면,경상사고,0,0,3,0,차대차 - 추돌,안전운전불이행,건조,맑음,단일로 - 기타,화물,남,28세,상해없음,승용,남,66세,경상
2019040900100295,2019년 4월 9일 14시,화요일,충청남도 천안시 동남구 신방동,중상사고,0,1,0,0,차대사람 - 횡단중,보행자보호의무위반,건조,맑음,교차로 - 교차로안,승용,여,43세,상해없음,보행자,여,63세,중상
2019040900100358,2019년 4월 9일 16시,화요일,충청남도 아산시 배방읍,중상사고,0,1,1,0,차대차 - 기타,신호위반,건조,맑음,교차로 - 교차로안,화물,남,66세,중상,화물,남,32세,경상
2019040900100359,2019년 4월 9일 16시,화요일,충청남도 태안군 원북면,사망사고,1,0,0,0,차량단독 - 기타,안전운전불이행,건조,흐림,단일로 - 기타,사륜오토바이(ATV),남,75세,사망,,,,
2019040900100393,2019년 4월 9일 17시,화요일,충청남도 천안시 서북구 불당동,경상사고,0,0,1,0,차대차 - 정면충돌,중앙선침범,젖음/습기,비,교차로 - 교차로부근,승용,여,34세,상해없음,승합,남,46세,경상
2019040900100394,2019년 4월 9일 17시,화요일,충청남도 천안시 동남구 원성동,중상사고,0,1,0,0,차대차 - 측면충돌,안전운전불이행,건조,맑음,단일로 - 기타,승용,여,53세,상해없음,이륜,남,55세,중상
2019040900100441,2019년 4월 9일 18시,화요일,충청남도 아산시 온천동,경상사고,0,0,1,0,차대사람 - 기타,안전운전불이행,젖음/습기,비,단일로 - 기타,기타불명,기타불명,미분류,기타불명,보행자,남,41세,경상
2019040900100442,2019년 4월 9일 18시,화요일,충청남도 천안시 동남구 구성동,중상사고,0,1,1,0,차대차 - 추돌,안전거리미확보,건조,맑음,교차로 - 교차로부근,승용,여,25세,상해없음,승용,남,28세,경상
2019040900100501,2019년 4월 9일 19시,화요일,충청남도 천안시 동남구 봉명동,경상사고,0,0,1,0,차대차 - 측면충돌,안전운전불이행,젖음/습기,비,단일로 - 기타,화물,남,64세,상해없음,화물,남,59세,경상
2019040900100557,2019년 4월 9일 20시,화요일,충청남도 천안시 서북구 쌍용동,중상사고,0,1,0,0,차대차 - 측면충돌,직진우회전진행방해,젖음/습기,비,교차로 - 교차로안,승용,남,57세,상해없음,승용,여,32세,중상
2019040900100614,2019년 4월 9일 21시,화요일,충청남도 천안시 서북구 성정동,경상사고,0,0,1,0,차대차 - 정면충돌,신호위반,젖음/습기,비,교차로 - 교차로부근,승용,여,42세,상해없음,이륜,남,44세,경상
2019040900100734,2019년 4월 9일 23시,화요일,충청남도 천안시 서북구 성환읍,중상사고,0,1,0,0,차대차 - 측면충돌,안전운전불이행,젖음/습기,비,단일로 - 기타,화물,남,64세,상해없음,승용,남,41세,중상
2019040900100735,2019년 4월 9일 23시,화요일,충청남도 아산시 둔포면,중상사고,0,1,0,0,차량단독 - 기타,안전운전불이행,젖음/습기,비,단일로 - 기타,승용,남,57세,중상,,,,
2019040900100736,2019년 4월 9일 23시,화요일,충청남도 아산시 탕정면,중상사고,0,1,1,0,차대차 - 기타,교차로운행방법위반,젖음/습기,비,교차로 - 교차로안,승용,남,37세,상해없음,화물,남,58세,경상
2019041000100044,2019년 4월 10일 00시,수요일,충청남도 천안시 서북구 두정동,경상사고,0,0,1,0,차대차 - 추돌,안전운전불이행,젖음/습기,비,단일로 - 기타,승용,남,28세,상해없음,승용,남,50세,경상
2019041000100074,2019년 4월 10일 02시,수요일,충청남도 서산시 동문동,중상사고,0,1,0,0,차대사람 - 차도통행중,안전운전불이행,젖음/습기,흐림,기타 - 기타,승용,여,46세,상해없음,보행자,여,9세,중상
2019041000100075,2019년 4월 10일 02시,수요일,충청남도 아산시 배방읍,중상사고,0,1,0,0,차대차 - 기타,안전운전불이행,젖음/습기,비,단일로 - 기타,승용,남,25세,상해없음,승용,여,30세,중상
2019041000100093,2019년 4월 10일 05시,수요일,충청남도 보령시 명천동,중상사고,0,1,0,0,차대사람 - 횡단중,안전운전불이행,젖음/습기,비,교차로 - 교차로부근,화물,남,74세,상해없음,보행자,여,65세,중상
2019041000100102,2019년 4월 10일 06시,수요일,충청남도 서천군 마서면,경상사고,0,0,1,0,차대차 - 추돌,안전운전불이행,건조,맑음,단일로 - 기타,승용,남,19세,경상,건설기계,남,56세,상해없음
2019041000100103,2019년 4월 10일 06시,수요일,충청남도 공주시 우성면,사망사고,1,0,0,0,차량단독 - 공작물충돌,안전운전불이행,젖음/습기,비,교차로 - 교차로부근,승합,남,60세,사망,,,,
2019041000100148,2019년 4월 10일 08시,수요일,충청남도 천안시 서북구 쌍용동,중상사고,0,1,0,0,차대차 - 측면충돌,안전운전불이행,건조,맑음,교차로 - 교차로횡단보도내,자전거,남,74세,중상,승용,여,33세,상해없음
2019041000100149,2019년 4월 10일 08시,수요일,충청남도 아산시 선장면,중상사고,0,1,0,0,차대차 - 측면충돌,안전운전불이행,건조,맑음,단일로 - 기타,화물,남,67세,상해없음,이륜,남,77세,중상
2019041000100183,2019년 4월 10일 09시,수요일,충청남도 금산군 군북면,경상사고,0,0,1,0,차대차 - 측면충돌,교차로운행방법위반,건조,맑음,교차로 - 교차로안,승용,남,61세,기타불명,승합,여,44세,상해없음
2019041000100214,2019년 4월 10일 10시,수요일,충청남도 천안시 서북구 성정동,경상사고,0,0,1,0,차대사람 - 기타,기타,건조,맑음,단일로 - 기타,화물,남,35세,상해없음,보행자,여,71세,경상
2019041000100216,2019년 4월 10일 10시,수요일,충청남도 천안시 동남구 영성동,중상사고,0,1,0,0,차대사람 - 기타,안전운전불이행,건조,맑음,단일로 - 기타,화물,남,68세,상해없음,보행자,남,77세,중상
2019041000100217,2019년 4월 10일 10시,수요일,충청남도 태안군 남면,경상사고,0,0,1,0,차대사람 - 차도통행중,안전운전불이행,건조,맑음,단일로 - 기타,승용,여,51세,상해없음,보행자,남,86세,경상
2019041000100255,2019년 4월 10일 11시,수요일,충청남도 서산시 부석면,경상사고,0,0,1,0,차대차 - 정면충돌,신호위반,젖음/습기,흐림,교차로 - 교차로부근,승용,남,70세,상해없음,승용,남,65세,경상
2019041000100285,2019년 4월 10일 12시,수요일,충청남도 홍성군 홍성읍,중상사고,0,1,0,0,차대차 - 측면충돌,직진우회전진행방해,건조,흐림,교차로 - 교차로안,승용,남,73세,상해없음,자전거,남,78세,중상
2019041000100368,2019년 4월 10일 15시,수요일,충청남도 아산시 배방읍,경상사고,0,0,1,0,차대차 - 측면충돌,교차로운행방법위반,건조,맑음,교차로 - 교차로안,이륜,남,74세,경상,승용,남,45세,상해없음
2019041000100369,2019년 4월 10일 15시,수요일,충청남도 공주시 우성면,경상사고,0,0,1,0,차대차 - 기타,안전거리미확보,건조,맑음,단일로 - 기타,화물,남,42세,상해없음,화물,남,43세,경상
2019041000100398,2019년 4월 10일 16시,수요일,충청남도 천안시 동남구 삼룡동,경상사고,0,0,1,0,차대차 - 추돌,안전운전불이행,건조,흐림,단일로 - 기타,화물,남,53세,상해없음,화물,남,61세,경상
2019041000100399,2019년 4월 10일 16시,수요일,충청남도 천안시 서북구 성거읍,중상사고,0,1,0,0,차대차 - 측면충돌,안전거리미확보,건조,흐림,단일로 - 기타,화물,남,56세,상해없음,승용,남,32세,중상
2019041000100433,2019년 4월 10일 17시,수요일,충청남도 천안시 서북구 백석동,경상사고,0,0,1,0,차대차 - 측면충돌,안전운전불이행,건조,맑음,교차로 - 교차로안,화물,남,31세,상해없음,승용,여,33세,경상
2019041000100434,2019년 4월 10일 17시,수요일,충청남도 논산시 가야곡면,경상사고,0,0,3,0,차대차 - 측면충돌,신호위반,건조,맑음,교차로 - 교차로안,승용,남,31세,경상,승용,남,53세,상해없음
2019041000100435,2019년 4월 10일 17시,수요일,충청남도 보령시 내항동,중상사고,0,1,0,0,차대차 - 추돌,안전운전불이행,건조,맑음,교차로 - 교차로부근,화물,남,57세,상해없음,승용,남,51세,중상
2019041000100481,2019년 4월 10일 18시,수요일,충청남도 천안시 서북구 불당동,경상사고,0,0,1,0,차대차 - 추돌,안전운전불이행,건조,맑음,교차로 - 교차로부근,승용,남,27세,상해없음,승용,여,41세,경상
2019041000100482,2019년 4월 10일 18시,수요일,충청남도 청양군 화성면,경상사고,0,0,7,0,차대차 - 측면충돌,중앙선침범,건조,맑음,단일로 - 기타,승용,남,61세,상해없음,승합,남,65세,경상
2019041000100528,2019년 4월 10일 19시,수요일,충청남도 논산시 반월동,중상사고,0,1,0,0,차대사람 - 차도통행중,안전운전불이행,건조,맑음,교차로 - 교차로안,승용,남,76세,상해없음,보행자,여,31세,중상
2019041000100557,2019년 4월 10일 20시,수요일,충청남도 당진시 원당리,중상사고,0,1,0,0,차대사람 - 차도통행중,안전운전불이행,건조,맑음,단일로 - 기타,승용,여,42세,상해없음,보행자,남,73세,중상
2019041000100587,2019년 4월 10일 21시,수요일,충청남도 아산시 온천동,경상사고,0,0,2,0,차대차 - 추돌,안전운전불이행,건조,맑음,단일로 - 기타,승용,남,42세,상해없음,승용,남,45세,경상
2019041100100027,2019년 4월 11일 00시,목요일,충청남도 당진시 합덕읍,중상사고,0,1,0,0,차대사람 - 차도통행중,안전운전불이행,건조,맑음,단일로 - 기타,승용,남,31세,상해없음,보행자,남,46세,중상
2019041100100054,2019년 4월 11일 03시,목요일,충청남도 서산시 예천동,경상사고,0,0,1,0,차대차 - 추돌,안전거리미확보,건조,맑음,교차로 - 교차로부근,승용,여,57세,상해없음,승용,남,49세,경상
2019041100100111,2019년 4월 11일 07시,목요일,충청남도 천안시 서북구 입장면,중상사고,0,1,0,0,차대차 - 측면충돌,안전운전불이행,건조,맑음,단일로 - 기타,건설기계,남,56세,상해없음,사륜오토바이(ATV),남,58세,중상
2019041100100147,2019년 4월 11일 08시,목요일,충청남도 서산시 대산읍,경상사고,0,0,1,0,차대차 - 기타,안전운전불이행,건조,맑음,교차로 - 교차로부근,특수,남,51세,상해없음,승용,남,47세,경상
2019041100100148,2019년 4월 11일 08시,목요일,충청남도 아산시 배방읍,경상사고,0,0,1,0,차대차 - 기타,안전운전불이행,건조,맑음,단일로 - 기타,승용,여,41세,상해없음,승용,여,37세,경상
2019041100100149,2019년 4월 11일 08시,목요일,충청남도 아산시 온천동,경상사고,0,0,1,0,차대사람 - 길가장자리구역통행중,안전운전불이행,건조,맑음,단일로 - 기타,승용,여,34세,상해없음,보행자,여,24세,경상
2019041100100176,2019년 4월 11일 09시,목요일,충청남도 서천군 마서면,경상사고,0,0,1,0,차대차 - 측면충돌,직진우회전진행방해,건조,맑음,교차로 - 교차로안,화물,남,70세,상해없음,승합,남,45세,상해없음
2019041100100177,2019년 4월 11일 09시,목요일,충청남도 태안군 근흥면,중상사고,0,1,0,0,차대사람 - 보도통행중,안전운전불이행,건조,맑음,단일로 - 기타,농기계,남,60세,상해없음,보행자,여,71세,중상
2019041100100268,2019년 4월 11일 12시,목요일,충청남도 천안시 서북구 성성동,경상사고,0,0,1,0,차대차 - 측면충돌,교차로운행방법위반,건조,맑음,교차로 - 교차로안,승용,남,68세,상해없음,승용,여,28세,경상
2019041100100296,2019년 4월 11일 13시,목요일,충청남도 보령시 신흑동,경상사고,0,0,3,0,차대차 - 측면충돌,안전거리미확보,건조,맑음,단일로 - 기타,건설기계,남,34세,상해없음,승용,여,65세,경상
2019041100100350,2019년 4월 11일 15시,목요일,충청남도 보령시 동대동,경상사고,0,0,2,0,차대차 - 측면충돌,직진우회전진행방해,건조,맑음,교차로 - 교차로안,승용,여,55세,상해없음,승용,여,38세,경상
2019041100100374,2019년 4월 11일 16시,목요일,충청남도 예산군 대흥면,경상사고,0,0,1,0,차량단독 - 도로외이탈 - 추락,안전운전불이행,건조,맑음,단일로 - 기타,화물,남,36세,경상,,,,
2019041100100402,2019년 4월 11일 17시,목요일,충청남도 아산시 용화동,경상사고,0,0,1,0,차대차 - 기타,안전운전불이행,기타,맑음,단일로 - 기타,승용,남,37세,상해없음,승용,남,29세,경상
2019041100100440,2019년 4월 11일 18시,목요일,충청남도 당진시 석문면,중상사고,0,2,0,0,차대차 - 측면충돌,신호위반,건조,맑음,교차로 - 교차로안,승용,남,38세,상해없음,승용,남,69세,중상
2019041100100441,2019년 4월 11일 18시,목요일,충청남도 천안시 동남구 목천읍,경상사고,0,0,1,0,차대차 - 측면충돌,직진우회전진행방해,건조,맑음,교차로 - 교차로안,승용,여,32세,상해없음,이륜,남,21세,경상
2019041100100483,2019년 4월 11일 19시,목요일,충청남도 청양군 운곡면,경상사고,0,0,2,0,차대차 - 추돌,안전운전불이행,건조,맑음,기타 - 기타,화물,남,49세,상해없음,화물,남,69세,경상
2019041100100484,2019년 4월 11일 19시,목요일,충청남도 천안시 동남구 유량동,경상사고,0,0,1,0,차대차 - 측면충돌,직진우회전진행방해,건조,맑음,교차로 - 교차로안,승용,남,30세,상해없음,승용,여,59세,상해없음
2019041100100485,2019년 4월 11일 19시,목요일,충청남도 천안시 동남구 신방동,중상사고,0,1,0,0,차대차 - 측면충돌,불법유턴,건조,맑음,단일로 - 기타,승용,남,45세,상해없음,이륜,남,18세,중상
2019041100100513,2019년 4월 11일 20시,목요일,충청남도 천안시 동남구 목천읍,경상사고,0,0,1,0,차대사람 - 기타,안전운전불이행,건조,맑음,단일로 - 기타,승용,남,56세,상해없음,보행자,남,44세,경상
2019041100100551,2019년 4월 11일 21시,목요일,충청남도 공주시 금성동,경상사고,0,0,3,0,차대차 - 측면충돌,신호위반,건조,맑음,교차로 - 교차로안,승용,여,58세,경상,승용,남,62세,경상
2019041100100603,2019년 4월 11일 23시,목요일,충청남도 당진시 송산면,경상사고,0,0,1,0,차대차 - 정면충돌,중앙선침범,건조,맑음,단일로 - 기타,화물,남,43세,상해없음,승용,남,39세,경상
2019041200100038,2019년 4월 12일 01시,금요일,충청남도 태안군 안면읍,중상사고,0,1,0,0,차량단독 - 공작물충돌,안전운전불이행,건조,맑음,교차로 - 교차로부근,화물,남,61세,중상,,,,
2019041200100102,2019년 4월 12일 07시,금요일,충청남도 천안시 서북구 부대동,경상사고,0,0,1,0,차대차 - 추돌,안전거리미확보,건조,맑음,교차로 - 교차로부근,승용,남,50세,상해없음,승용,남,30세,경상
2019041200100130,2019년 4월 12일 08시,금요일,충청남도 천안시 서북구 성정동,경상사고,0,0,1,0,차대차 - 측면충돌,안전운전불이행,건조,맑음,교차로 - 교차로안,승용,남,25세,상해없음,승용,남,45세,경상
2019041200100131,2019년 4월 12일 08시,금요일,충청남도 천안시 동남구 신방동,중상사고,0,1,2,0,차대차 - 측면충돌,교차로운행방법위반,건조,맑음,교차로 - 교차로안,승용,남,36세,경상,승용,남,59세,중상
2019041200100179,2019년 4월 12일 09시,금요일,충청남도 공주시 정안면,경상사고,0,0,7,0,차대차 - 추돌,안전운전불이행,건조,맑음,단일로 - 기타,승용,남,64세,경상,승용,남,55세,경상
2019041200100213,2019년 4월 12일 10시,금요일,충청남도 서산시 갈산동,중상사고,0,1,1,0,차대차 - 측면충돌,안전운전불이행,건조,맑음,교차로 - 교차로안,화물,남,73세,상해없음,승용,여,32세,중상
2019041200100214,2019년 4월 12일 10시,금요일,충청남도 서천군 서천읍,경상사고,0,0,1,0,차대사람 - 기타,안전운전불이행,건조,맑음,주차장 - 주차장,승용,남,79세,상해없음,보행자,여,77세,경상
2019041200100268,2019년 4월 12일 12시,금요일,충청남도 계룡시 엄사면,경상사고,0,0,2,0,차대차 - 추돌,안전운전불이행,건조,맑음,교차로 - 교차로부근,승용,여,72세,상해없음,승용,여,28세,경상
2019041200100294,2019년 4월 12일 13시,금요일,충청남도 천안시 동남구 신방동,경상사고,0,0,1,0,차대차 - 측면충돌,안전운전불이행,건조,맑음,교차로 - 교차로안,승용,여,30세,상해없음,승용,남,31세,경상
2019041200100325,2019년 4월 12일 14시,금요일,충청남도 천안시 서북구 성정동,경상사고,0,0,1,0,차대사람 - 횡단중,보행자보호의무위반,건조,맑음,교차로 - 교차로부근,승용,여,66세,상해없음,보행자,남,8세,경상
2019041200100358,2019년 4월 12일 15시,금요일,충청남도 청양군 청남면,중상사고,0,1,0,0,차대차 - 측면충돌,안전운전불이행,건조,맑음,단일로 - 기타,이륜,남,82세,중상,화물,여,59세,상해없음
2019041200100359,2019년 4월 12일 15시,금요일,충청남도 천안시 동남구 수신면,중상사고,0,1,1,0,차대차 - 측면충돌,교차로운행방법위반,건조,맑음,교차로 - 교차로안,화물,남,54세,상해없음,승용,여,44세,중상
2019041200100360,2019년 4월 12일 15시,금요일,충청남도 천안시 동남구 광덕면,경상사고,0,0,2,0,차대차 - 추돌,안전운전불이행,건조,맑음,단일로 - 기타,승용,여,34세,경상,승용,남,72세,상해없음
2019041200100397,2019년 4월 12일 16시,금요일,충청남도 천안시 동남구 구성동,경상사고,0,0,1,0,차대사람 - 차도통행중,안전운전불이행,건조,맑음,단일로 - 기타,화물,남,42세,상해없음,보행자,남,15세,경상
2019041200100442,2019년 4월 12일 17시,금요일,충청남도 아산시 용화동,경상사고,0,0,1,0,차대차 - 기타,안전운전불이행,건조,맑음,교차로 - 교차로안,이륜,남,17세,상해없음,승용,남,26세,경상
2019041200100443,2019년 4월 12일 17시,금요일,충청남도 공주시 의당면,경상사고,0,0,1,0,차대차 - 추돌,안전운전불이행,건조,맑음,단일로 - 기타,승용,남,69세,기타불명,승용,여,54세,경상
2019041200100444,2019년 4월 12일 17시,금요일,충청남도 천안시 동남구 대흥동,중상사고,0,1,0,0,차대사람 - 횡단중,보행자보호의무위반,건조,맑음,단일로 - 기타,승용,남,70세,기타불명,보행자,여,56세,중상
2019041200100445,2019년 4월 12일 17시,금요일,충청남도 태안군 소원면,중상사고,0,1,0,0,차대사람 - 기타,안전운전불이행,건조,맑음,단일로 - 기타,농기계,남,56세,상해없음,보행자,여,83세,중상
2019041200100499,2019년 4월 12일 18시,금요일,충청남도 천안시 서북구 두정동,사망사고,1,0,0,0,차대차 - 측면충돌,안전운전불이행,건조,맑음,단일로 - 기타,자전거,남,87세,사망,승용,남,28세,상해없음
2019041200100537,2019년 4월 12일 19시,금요일,충청남도 천안시 서북구 성환읍,경상사고,0,0,1,0,차대차 - 측면충돌,안전운전불이행,건조,맑음,단일로 - 기타,승용,남,25세,상해없음,승용,남,35세,경상
2019041200100538,2019년 4월 12일 19시,금요일,충청남도 계룡시 신도안면,중상사고,0,3,0,1,차대차 - 정면충돌,중앙선침범,건조,맑음,단일로 - 기타,승용,남,39세,부상신고,화물,남,58세,중상
2019041200100540,2019년 4월 12일 19시,금요일,충청남도 금산군 금산읍,경상사고,0,0,2,0,차대사람 - 횡단중,안전운전불이행,건조,맑음,교차로 - 교차로부근,이륜,남,41세,경상,보행자,여,57세,경상
2019041200100575,2019년 4월 12일 20시,금요일,충청남도 서천군 장항읍,경상사고,0,0,1,0,차대차 - 추돌,안전운전불이행,건조,맑음,단일로 - 기타,승용,남,42세,상해없음,화물,남,58세,경상
2019041200100635,2019년 4월 12일 22시,금요일,충청남도 천안시 서북구 불당동,경상사고,0,0,1,0,차대차 - 추돌,안전운전불이행,건조,맑음,교차로 - 교차로부근,승용,남,57세,상해없음,승용,남,55세,경상
2019041200100636,2019년 4월 12일 22시,금요일,충청남도 홍성군 광천읍,경상사고,0,0,3,0,차대차 - 측면충돌,신호위반,건조,맑음,교차로 - 교차로안,승용,남,43세,기타불명,승용,남,57세,경상
2019041300100032,2019년 4월 13일 00시,토요일,충청남도 아산시 온천동,경상사고,0,0,1,0,차대차 - 기타,신호위반,건조,맑음,교차로 - 교차로안,승용,남,24세,상해없음,이륜,남,19세,경상
2019041300100069,2019년 4월 13일 02시,토요일,충청남도 아산시 배방읍,경상사고,0,0,2,0,차대차 - 추돌,안전운전불이행,건조,맑음,단일로 - 기타,승용,여,30세,상해없음,승용,여,28세,경상
2019041300100135,2019년 4월 13일 07시,토요일,충청남도 천안시 서북구 성정동,경상사고,0,0,1,0,차대차 - 측면충돌,중앙선침범,건조,맑음,단일로 - 기타,승용,남,61세,상해없음,이륜,남,41세,경상
2019041300100175,2019년 4월 13일 09시,토요일,충청남도 서천군 서천읍,중상사고,0,1,0,0,차대차 - 측면충돌,직진우회전진행방해,건조,맑음,교차로 - 교차로안,이륜,남,72세,중상,승용,여,59세,상해없음
2019041300100176,2019년 4월 13일 09시,토요일,충청남도 천안시 동남구 북면,중상사고,0,1,0,0,차대사람 - 차도통행중,안전운전불이행,건조,맑음,단일로 - 기타,화물,남,70세,상해없음,보행자,남,78세,중상
2019041300100242,2019년 4월 13일 11시,토요일,충청남도 홍성군 홍성읍,경상사고,0,0,1,0,차대차 - 기타,안전운전불이행,건조,맑음,교차로 - 교차로안,승용,여,61세,상해없음,승용,남,54세,경상
2019041300100243,2019년 4월 13일 11시,토요일,충청남도 홍성군 홍북읍,경상사고,0,0,2,0,차대차 - 후진중충돌,안전운전불이행,건조,맑음,기타 - 기타,승용,여,33세,상해없음,승용,남,29세,경상
2019041300100244,2019년 4월 13일 11시,토요일,충청남도 서천군 문산면,경상사고,0,0,1,0,차대차 - 추돌,안전운전불이행,건조,맑음,단일로 - 기타,화물,남,64세,경상,승용,남,41세,상해없음
2019041300100245,2019년 4월 13일 11시,토요일,충청남도 공주시 중동,경상사고,0,0,1,0,차대차 - 측면충돌,안전운전불이행,건조,맑음,교차로 - 교차로안,승용,여,49세,기타불명,화물,남,59세,경상
2019041300100285,2019년 4월 13일 12시,토요일,충청남도 천안시 서북구 성정동,경상사고,0,0,2,0,차대차 - 기타,안전운전불이행,건조,맑음,교차로 - 교차로안,승용,여,43세,상해없음,승용,여,22세,경상
2019041300100286,2019년 4월 13일 12시,토요일,충청남도 논산시 광석면,중상사고,0,1,1,0,차대차 - 측면충돌,직진우회전진행방해,건조,맑음,교차로 - 교차로안,승용,남,33세,상해없음,화물,남,59세,경상
2019041300100287,2019년 4월 13일 12시,토요일,충청남도 서천군 서천읍,중상사고,0,1,0,0,차대사람 - 보도통행중,보행자보호의무위반,건조,맑음,교차로 - 교차로횡단보도내,승용,여,56세,상해없음,보행자,여,35세,중상
2019041300100288,2019년 4월 13일 12시,토요일,충청남도 부여군 임천면,중상사고,0,1,1,0,차대차 - 측면충돌,차로위반,건조,맑음,단일로 - 기타,승용,남,48세,상해없음,승용,남,25세,중상
2019041300100289,2019년 4월 13일 12시,토요일,충청남도 천안시 동남구 다가동,중상사고,0,1,0,0,차대차 - 측면충돌,불법유턴,건조,맑음,교차로 - 교차로안,자전거,남,71세,중상,승용,남,35세,상해없음
2019041300100333,2019년 4월 13일 13시,토요일,충청남도 공주시 월송동,중상사고,0,1,3,0,차대차 - 추돌,안전운전불이행,건조,맑음,단일로 - 기타,화물,남,65세,기타불명,승용,남,41세,경상
2019041300100377,2019년 4월 13일 14시,토요일,충청남도 천안시 서북구 직산읍,경상사고,0,0,1,0,차대사람 - 횡단중,안전운전불이행,건조,맑음,단일로 - 기타,승합,남,54세,상해없음,보행자,남,4세,경상
2019041300100378,2019년 4월 13일 14시,토요일,충청남도 천안시 동남구 안서동,경상사고,0,0,1,0,차대차 - 기타,안전운전불이행,건조,맑음,단일로 - 기타,승용,남,36세,상해없음,승용,남,33세,경상
2019041300100409,2019년 4월 13일 15시,토요일,충청남도 아산시 배방읍,경상사고,0,0,3,0,차대차 - 기타,교차로운행방법위반,건조,맑음,교차로 - 교차로안,화물,남,59세,상해없음,승용,여,32세,경상
2019041300100410,2019년 4월 13일 15시,토요일,충청남도 홍성군 서부면,경상사고,0,0,1,0,차대차 - 추돌,안전운전불이행,건조,맑음,교차로 - 교차로부근,승용,남,43세,상해없음,화물,남,51세,경상
2019041300100411,2019년 4월 13일 15시,토요일,충청남도 천안시 동남구 삼룡동,중상사고,0,1,0,0,차대차 - 측면충돌,안전운전불이행,건조,맑음,단일로 - 기타,화물,남,52세,상해없음,승용,남,58세,중상
2019041300100448,2019년 4월 13일 16시,토요일,충청남도 아산시 둔포면,경상사고,0,0,2,0,차대차 - 기타,안전운전불이행,건조,맑음,교차로 - 교차로안,승용,남,30세,상해없음,승용,여,46세,경상
2019041300100449,2019년 4월 13일 16시,토요일,충청남도 아산시 신창면,중상사고,0,1,0,0,차대사람 - 횡단중,보행자보호의무위반,건조,맑음,단일로 - 기타,승용,남,39세,상해없음,보행자,여,25세,중상
2019041300100487,2019년 4월 13일 17시,토요일,충청남도 천안시 서북구 쌍용동,경상사고,0,0,2,0,차대차 - 추돌,안전운전불이행,건조,맑음,단일로 - 기타,화물,남,72세,상해없음,승용,남,65세,경상
2019041300100488,2019년 4월 13일 17시,토요일,충청남도 당진시 송악읍,경상사고,0,0,2,0,차대차 - 측면충돌,안전거리미확보,건조,맑음,단일로 - 기타,화물,남,49세,상해없음,화물,남,61세,경상
2019041300100566,2019년 4월 13일 19시,토요일,충청남도 공주시 반포면,중상사고,0,1,0,0,차대사람 - 횡단중,안전운전불이행,건조,맑음,단일로 - 기타,승용,남,29세,상해없음,보행자,남,36세,중상
2019041300100568,2019년 4월 13일 19시,토요일,충청남도 금산군 금산읍,경상사고,0,0,2,0,차대차 - 측면충돌,안전운전불이행,건조,맑음,교차로 - 교차로안,화물,남,70세,상해없음,승용,남,48세,경상
2019041300100608,2019년 4월 13일 20시,토요일,충청남도 서산시 수석동,중상사고,0,2,2,0,차대차 - 추돌,안전운전불이행,건조,흐림,단일로 - 기타,승용,남,46세,상해없음,승용,남,45세,중상