사고번호,사고일시,요일,시군구,사고내용,사망자수,중상자수,경상자수,부상신고자수,사고유형,법규위반,노면상태,기상상태,도로형태,가해운전자 차종,가해운전자 성별,가해운전자 연령,가해운전자 상해정도,피해운전자 차종,피해운전자 성별,피해운전자 연령,피해운전자 상해정도
2019042300100544,2019년 4월 23일 20시,화요일,충청남도 천안시 서북구 성거읍,중상사고,0,1,0,0,차대차 - 기타,안전운전불이행,젖음/습기,비,단일로 - 기타,화물,남,51세,상해없음,승용,남,32세,중상
2019042300100591,2019년 4월 23일 21시,화요일,충청남도 보령시 미산면,중상사고,0,3,0,0,차대차 - 측면충돌,중앙선침범,젖음/습기,비,단일로 - 기타,승용,남,58세,중상,승용,여,60세,중상
2019042300100592,2019년 4월 23일 21시,화요일,충청남도 당진시 송악읍,경상사고,0,0,1,0,차대차 - 후진중충돌,안전운전불이행,건조,맑음,단일로 - 기타,승용,남,41세,상해없음,이륜,남,25세,경상
2019042300100619,2019년 4월 23일 22시,화요일,충청남도 천안시 서북구 백석동,경상사고,0,0,1,0,차대차 - 추돌,안전운전불이행,젖음/습기,흐림,교차로 - 교차로부근,승용,남,39세,상해없음,승용,남,55세,경상
2019042300100620,2019년 4월 23일 22시,화요일,충청남도 금산군 금성면,경상사고,0,0,1,0,차대차 - 측면충돌,안전운전불이행,젖음/습기,비,교차로 - 교차로안,승용,남,54세,상해없음,승용,여,27세,경상
2019042300100621,2019년 4월 23일 22시,화요일,충청남도 천안시 동남구 신방동,경상사고,0,0,1,0,차대차 - 추돌,안전운전불이행,건조,맑음,단일로 - 기타,승용,여,37세,상해없음,승용,여,33세,경상
2019042300100642,2019년 4월 23일 23시,화요일,충청남도 천안시 서북구 성정동,중상사고,0,1,0,0,차대차 - 정면충돌,기타,젖음/습기,비,단일로 - 기타,승용,남,35세,상해없음,이륜,남,41세,중상
2019042300100643,2019년 4월 23일 23시,화요일,충청남도 논산시 화지동,경상사고,0,0,1,0,차대차 - 측면충돌,안전운전불이행,건조,맑음,교차로 - 교차로안,승용,남,56세,상해없음,승용,남,37세,경상
2019042300100644,2019년 4월 23일 23시,화요일,충청남도 홍성군 홍성읍,경상사고,0,0,2,0,차대차 - 추돌,안전운전불이행,젖음/습기,비,단일로 - 기타,승용,남,47세,상해없음,승용,남,50세,경상
2019042300100645,2019년 4월 23일 23시,화요일,충청남도 천안시 동남구 청수동,경상사고,0,0,1,0,차대차 - 측면충돌,신호위반,젖음/습기,비,교차로 - 교차로안,승용,남,51세,상해없음,승용,남,55세,상해없음
2019042400100223,2019년 4월 24일 09시,수요일,충청남도 아산시 음봉면,경상사고,0,0,1,0,차대차 - 추돌,안전운전불이행,젖음/습기,비,단일로 - 기타,화물,남,35세,상해없음,승용,여,46세,경상
2019042400100224,2019년 4월 24일 09시,수요일,충청남도 부여군 부여읍,중상사고,0,1,0,0,차대차 - 측면충돌,안전운전불이행,건조,맑음,단일로 - 기타,승용,여,34세,상해없음,이륜,남,66세,중상
2019042400100253,2019년 4월 24일 10시,수요일,충청남도 아산시 인주면,부상신고사고,0,0,0,1,차대차 - 측면충돌,중앙선침범,젖음/습기,비,단일로 - 기타,승용,여,63세,부상신고,화물,남,41세,상해없음
2019042400100273,2019년 4월 24일 11시,수요일,충청남도 보령시 대천동,중상사고,0,1,0,0,차대사람 - 횡단중,안전운전불이행,건조,맑음,단일로 - 기타,승용,여,66세,상해없음,보행자,여,64세,중상
2019042400100274,2019년 4월 24일 11시,수요일,충청남도 천안시 동남구 신부동,경상사고,0,0,1,0,차대사람 - 기타,안전운전불이행,건조,맑음,단일로 - 기타,화물,남,46세,상해없음,보행자,여,53세,경상
2019042400100303,2019년 4월 24일 12시,수요일,충청남도 아산시 모종동,경상사고,0,0,1,0,차대사람 - 기타,안전운전불이행,건조,맑음,단일로 - 기타,승용,남,77세,상해없음,보행자,여,69세,경상
2019042400100363,2019년 4월 24일 14시,수요일,충청남도 서산시 동문동,경상사고,0,0,1,1,차대차 - 추돌,안전운전불이행,건조,흐림,교차로 - 교차로안,승용,남,62세,부상신고,이륜,남,40세,경상
2019042400100364,2019년 4월 24일 14시,수요일,충청남도 공주시 반포면,경상사고,0,0,1,0,차대사람 - 차도통행중,안전운전불이행,건조,맑음,단일로 - 기타,화물,남,61세,상해없음,보행자,여,56세,경상
2019042400100365,2019년 4월 24일 14시,수요일,충청남도 태안군 태안읍,경상사고,0,0,1,1,차대차 - 측면충돌,직진우회전진행방해,건조,맑음,교차로 - 교차로안,승용,여,45세,부상신고,승용,남,51세,경상
2019042400100396,2019년 4월 24일 15시,수요일,충청남도 천안시 서북구 백석동,중상사고,0,1,0,0,차대사람 - 횡단중,보행자보호의무위반,건조,맑음,단일로 - 기타,승용,남,65세,상해없음,보행자,여,72세,중상
2019042400100397,2019년 4월 24일 15시,수요일,충청남도 논산시 내동,중상사고,0,1,0,0,차대사람 - 차도통행중,안전운전불이행,건조,맑음,단일로 - 기타,승용,남,39세,상해없음,보행자,남,42세,중상
2019042400100398,2019년 4월 24일 15시,수요일,충청남도 청양군 정산면,경상사고,0,0,1,0,차량단독 - 공작물충돌,안전운전불이행,건조,맑음,단일로 - 기타,승용,남,61세,경상,,,,
2019042400100437,2019년 4월 24일 16시,수요일,충청남도 아산시 인주면,경상사고,0,0,1,0,차대차 - 추돌,안전운전불이행,건조,맑음,단일로 - 기타,승용,남,38세,상해없음,화물,남,48세,경상
2019042400100438,2019년 4월 24일 16시,수요일,충청남도 아산시 배방읍,경상사고,0,0,1,0,차대차 - 추돌,안전운전불이행,건조,맑음,단일로 - 기타,승용,남,59세,상해없음,승용,남,27세,경상
2019042400100439,2019년 4월 24일 16시,수요일,충청남도 천안시 동남구 봉명동,경상사고,0,0,1,0,차대차 - 추돌,안전운전불이행,건조,맑음,단일로 - 기타,승용,남,28세,상해없음,승용,남,43세,상해없음
2019042400100521,2019년 4월 24일 18시,수요일,충청남도 천안시 서북구 성환읍,중상사고,0,1,0,0,차대차 - 측면충돌,과속,건조,맑음,교차로 - 교차로안,승용,여,26세,상해없음,화물,남,59세,중상
2019042400100522,2019년 4월 24일 18시,수요일,충청남도 서천군 장항읍,경상사고,0,0,2,0,차대차 - 측면충돌,안전운전불이행,건조,맑음,단일로 - 기타,승용,남,50세,경상,승합,남,72세,경상
2019042400100523,2019년 4월 24일 18시,수요일,충청남도 당진시 원당리,중상사고,0,1,0,0,차대차 - 측면충돌,중앙선침범,건조,맑음,단일로 - 기타,승용,남,27세,상해없음,이륜,남,19세,중상
2019042400100524,2019년 4월 24일 18시,수요일,충청남도 천안시 동남구 청당동,경상사고,0,0,1,0,차대차 - 기타,안전거리미확보,건조,맑음,단일로 - 기타,승용,남,62세,상해없음,승용,남,41세,상해없음
2019042400100570,2019년 4월 24일 19시,수요일,충청남도 홍성군 갈산면,중상사고,0,1,0,0,차대차 - 기타,안전운전불이행,건조,맑음,교차로 - 교차로안,이륜,남,40세,상해없음,자전거,남,39세,중상
2019042400100571,2019년 4월 24일 19시,수요일,충청남도 태안군 태안읍,경상사고,0,0,1,0,차대차 - 추돌,안전운전불이행,건조,맑음,교차로 - 교차로부근,이륜,남,46세,상해없음,승용,남,31세,경상
2019042400100604,2019년 4월 24일 20시,수요일,충청남도 천안시 서북구 두정동,경상사고,0,0,1,0,차대차 - 기타,안전거리미확보,젖음/습기,흐림,단일로 - 교량,승용,여,39세,상해없음,승용,여,29세,경상
2019042400100629,2019년 4월 24일 21시,수요일,충청남도 공주시 정안면,중상사고,0,1,2,0,차량단독 - 공작물충돌,안전운전불이행,건조,맑음,단일로 - 기타,승용,남,63세,기타불명,,,,
2019042400100630,2019년 4월 24일 21시,수요일,충청남도 당진시 원당리,경상사고,0,0,2,0,차대차 - 추돌,안전거리미확보,건조,맑음,단일로 - 기타,승용,남,45세,상해없음,승용,남,47세,경상
2019042400100670,2019년 4월 24일 23시,수요일,충청남도 천안시 서북구 성정동,경상사고,0,0,1,0,차대차 - 측면충돌,안전운전불이행,건조,맑음,교차로 - 교차로안,승용,남,62세,상해없음,승용,남,53세,경상
2019042500100036,2019년 4월 25일 01시,목요일,충청남도 보령시 남포면,경상사고,0,0,1,0,차량단독 - 공작물충돌,안전운전불이행,건조,맑음,교차로 - 교차로안,승용,남,20세,경상,,,,
2019042500100054,2019년 4월 25일 04시,목요일,충청남도 서천군 마산면,경상사고,0,0,1,0,차량단독 - 공작물충돌,안전운전불이행,건조,맑음,단일로 - 기타,화물,남,47세,경상,,,,
2019042500100060,2019년 4월 25일 05시,목요일,충청남도 천안시 서북구 성성동,중상사고,0,1,1,0,차대차 - 측면충돌,안전운전불이행,건조,맑음,단일로 - 기타,승용,여,29세,경상,승용,여,29세,중상
2019042500100094,2019년 4월 25일 07시,목요일,충청남도 천안시 서북구 백석동,경상사고,0,0,1,0,차대차 - 정면충돌,안전운전불이행,건조,맑음,교차로 - 교차로부근,승용,여,45세,상해없음,승용,남,55세,경상
2019042500100123,2019년 4월 25일 08시,목요일,충청남도 공주시 산성동,중상사고,0,1,0,0,차대사람 - 보도통행중,기타,건조,맑음,교차로 - 교차로부근,승용,여,45세,상해없음,보행자,남,15세,중상
2019042500100124,2019년 4월 25일 08시,목요일,충청남도 당진시 대덕리,중상사고,0,1,0,0,차대차 - 추돌,안전운전불이행,건조,맑음,교차로 - 교차로부근,승용,남,57세,상해없음,승용,남,72세,중상
2019042500100125,2019년 4월 25일 08시,목요일,충청남도 천안시 동남구 신방동,경상사고,0,0,3,0,차대차 - 측면충돌,안전운전불이행,건조,맑음,교차로 - 교차로안,승용,여,41세,상해없음,승용,여,45세,경상
2019042500100194,2019년 4월 25일 10시,목요일,충청남도 천안시 서북구 성환읍,경상사고,0,0,3,0,차대차 - 측면충돌,신호위반,건조,맑음,교차로 - 교차로안,승용,여,44세,경상,승용,남,19세,경상
2019042500100196,2019년 4월 25일 10시,목요일,충청남도 당진시 대덕리,경상사고,0,0,2,0,차대차 - 정면충돌,중앙선침범,젖음/습기,비,단일로 - 기타,승용,여,35세,상해없음,건설기계,남,38세,경상
2019042500100197,2019년 4월 25일 10시,목요일,충청남도 청양군 대치면,중상사고,0,1,0,0,차대차 - 기타,안전운전불이행,건조,맑음,단일로 - 터널,승용,남,37세,상해없음,승용,남,70세,중상
2019042500100198,2019년 4월 25일 10시,목요일,충청남도 태안군 안면읍,경상사고,0,0,2,0,차대차 - 측면충돌,안전운전불이행,건조,맑음,단일로 - 기타,화물,남,51세,경상,건설기계,남,59세,경상
2019042500100231,2019년 4월 25일 11시,목요일,충청남도 부여군 부여읍,경상사고,0,0,2,1,차대차 - 측면충돌,안전운전불이행,젖음/습기,비,교차로 - 교차로안,이륜,남,82세,부상신고,승용,여,44세,경상
2019042500100232,2019년 4월 25일 11시,목요일,충청남도 천안시 동남구 풍세면,중상사고,0,1,0,0,차대차 - 기타,중앙선침범,건조,맑음,교차로 - 교차로부근,승용,여,54세,상해없음,승용,여,73세,중상
2019042500100264,2019년 4월 25일 12시,목요일,충청남도 천안시 서북구 백석동,경상사고,0,0,1,0,차대차 - 추돌,안전운전불이행,젖음/습기,흐림,교차로 - 교차로부근,승합,남,21세,상해없음,승용,여,39세,경상
2019042500100265,2019년 4월 25일 12시,목요일,충청남도 천안시 서북구 두정동,중상사고,0,1,0,0,차대사람 - 기타,안전운전불이행,젖음/습기,흐림,단일로 - 기타,승합,남,48세,기타불명,보행자,여,64세,중상
2019042500100266,2019년 4월 25일 12시,목요일,충청남도 당진시 송악읍,경상사고,0,0,1,0,차대차 - 측면충돌,교차로운행방법위반,건조,맑음,교차로 - 교차로안,승용,남,55세,상해없음,승용,남,21세,경상
2019042500100293,2019년 4월 25일 13시,목요일,충청남도 천안시 서북구 성성동,경상사고,0,0,1,0,차대차 - 측면충돌,안전운전불이행,젖음/습기,흐림,단일로 - 기타,화물,남,54세,상해없음,승용,남,26세,경상
2019042500100294,2019년 4월 25일 13시,목요일,충청남도 논산시 부적면,경상사고,0,0,1,0,차대차 - 추돌,안전운전불이행,젖음/습기,비,교차로 - 교차로부근,승용,남,50세,상해없음,승용,남,55세,경상
2019042500100295,2019년 4월 25일 13시,목요일,충청남도 서천군 서천읍,경상사고,0,0,1,0,차대차 - 기타,안전운전불이행,건조,맑음,교차로 - 교차로안,승용,남,48세,상해없음,승용,여,46세,경상
2019042500100296,2019년 4월 25일 13시,목요일,충청남도 태안군 이원면,경상사고,0,0,4,0,차대차 - 정면충돌,중앙선침범,건조,맑음,단일로 - 기타,승용,남,72세,경상,화물,여,43세,경상
2019042500100357,2019년 4월 25일 15시,목요일,충청남도 천안시 서북구 두정동,중상사고,0,1,0,0,차대사람 - 횡단중,안전운전불이행,젖음/습기,비,교차로 - 교차로횡단보도내,화물,남,24세,상해없음,보행자,남,78세,중상
2019042500100358,2019년 4월 25일 15시,목요일,충청남도 논산시 내동,경상사고,0,0,1,0,차대차 - 후진중충돌,안전운전불이행,젖음/습기,비,단일로 - 기타,승용,여,53세,상해없음,승용,남,38세,경상
2019042500100359,2019년 4월 25일 15시,목요일,충청남도 아산시 실옥동,중상사고,0,1,0,0,차대사람 - 횡단중,안전운전불이행,젖음/습기,비,단일로 - 기타,승용,남,32세,상해없음,보행자,남,14세,중상
2019042500100360,2019년 4월 25일 15시,목요일,충청남도 아산시 풍기동,경상사고,0,0,1,0,차대차 - 추돌,안전운전불이행,건조,맑음,교차로 - 교차로안,승용,남,51세,상해없음,승용,여,43세,경상
2019042500100394,2019년 4월 25일 16시,목요일,충청남도 논산시 성동면,중상사고,0,1,0,0,차대차 - 기타,안전운전불이행,젖음/습기,비,단일로 - 기타,이륜,남,62세,중상,화물,남,59세,상해없음
2019042500100395,2019년 4월 25일 16시,목요일,충청남도 예산군 예산읍,중상사고,0,1,0,0,차대차 - 추돌,안전거리미확보,건조,맑음,단일로 - 기타,화물,남,46세,상해없음,농기계,남,82세,중상
2019042500100396,2019년 4월 25일 16시,목요일,충청남도 천안시 동남구 구성동,경상사고,0,0,1,0,차대사람 - 횡단중,보행자보호의무위반,젖음/습기,비,교차로 - 교차로안,승용,남,43세,상해없음,보행자,여,63세,경상
2019042500100482,2019년 4월 25일 18시,목요일,충청남도 공주시 신관동,경상사고,0,0,1,0,차대차 - 측면충돌,교차로운행방법위반,건조,맑음,교차로 - 교차로부근,승용,남,59세,상해없음,승용,여,42세,경상
2019042500100483,2019년 4월 25일 18시,목요일,충청남도 당진시 시곡리,경상사고,0,0,1,0,차대차 - 측면충돌,안전거리미확보,건조,맑음,교차로 - 교차로안,승용,남,53세,상해없음,승용,여,51세,경상
2019042500100484,2019년 4월 25일 18시,목요일,충청남도 천안시 동남구 신부동,중상사고,0,1,0,0,차대사람 - 횡단중,안전운전불이행,건조,맑음,단일로 - 기타,승용,남,62세,상해없음,보행자,남,14세,중상
2019042500100537,2019년 4월 25일 19시,목요일,충청남도 공주시 중학동,사망사고,1,0,0,0,차대사람 - 기타,안전운전불이행,젖음/습기,비,교차로 - 교차로부근,승용,여,46세,상해없음,보행자,여,71세,사망
2019042500100583,2019년 4월 25일 20시,목요일,충청남도 서산시 예천동,경상사고,0,0,1,0,차대차 - 기타,신호위반,건조,맑음,교차로 - 교차로안,승용,남,36세,상해없음,승용,남,26세,경상
2019042500100584,2019년 4월 25일 20시,목요일,충청남도 천안시 서북구 성정동,경상사고,0,0,1,0,차대차 - 추돌,안전운전불이행,젖음/습기,흐림,교차로 - 교차로부근,승용,남,47세,상해없음,승용,여,27세,경상
2019042500100585,2019년 4월 25일 20시,목요일,충청남도 아산시 배방읍,경상사고,0,0,1,0,차대사람 - 기타,신호위반,젖음/습기,비,교차로 - 교차로횡단보도내,이륜,남,19세,상해없음,보행자,남,22세,경상
2019042500100586,2019년 4월 25일 20시,목요일,충청남도 보령시 동대동,경상사고,0,0,1,0,차대사람 - 기타,신호위반,건조,맑음,단일로 - 기타,이륜,남,42세,상해없음,보행자,여,29세,경상
2019042500100633,2019년 4월 25일 21시,목요일,충청남도 서천군 서천읍,중상사고,0,3,1,0,차대차 - 추돌,신호위반,젖음/습기,비,교차로 - 교차로안,승용,여,44세,상해없음,승용,여,59세,중상
2019042500100663,2019년 4월 25일 22시,목요일,충청남도 천안시 서북구 불당동,부상신고사고,0,0,0,1,차량단독 - 공작물충돌,안전운전불이행,젖음/습기,비,교차로 - 교차로안,승용,남,58세,부상신고,,,,
2019042500100664,2019년 4월 25일 22시,목요일,충청남도 천안시 동남구 신부동,경상사고,0,0,1,0,차대차 - 측면충돌,안전운전불이행,젖음/습기,비,단일로 - 기타,승용,남,58세,상해없음,이륜,남,28세,경상
2019042500100693,2019년 4월 25일 23시,목요일,충청남도 서산시 대산읍,중상사고,0,1,0,0,차대사람 - 기타,안전운전불이행,건조,맑음,단일로 - 기타,승용,여,48세,상해없음,보행자,남,47세,중상
2019042600100038,2019년 4월 26일 00시,금요일,충청남도 보령시 동대동,경상사고,0,0,1,0,차대사람 - 기타,안전운전불이행,건조,맑음,단일로 - 기타,승용,여,56세,상해없음,보행자,남,30세,경상
2019042600100094,2019년 4월 26일 04시,금요일,충청남도 천안시 서북구 성정동,경상사고,0,0,1,0,차대사람 - 차도통행중,안전운전불이행,건조,맑음,단일로 - 기타,승용,남,63세,상해없음,보행자,남,17세,경상
2019042600100113,2019년 4월 26일 06시,금요일,충청남도 천안시 동남구 삼룡동,중상사고,0,1,0,0,차대차 - 추돌,안전운전불이행,건조,맑음,단일로 - 기타,승용,남,23세,상해없음,승용,여,51세,중상
2019042600100159,2019년 4월 26일 08시,금요일,충청남도 천안시 동남구 풍세면,경상사고,0,0,3,0,차대차 - 추돌,안전거리미확보,건조,맑음,단일로 - 기타,승용,남,37세,경상,승용,남,18세,경상
2019042600100203,2019년 4월 26일 09시,금요일,충청남도 천안시 서북구 불당동,경상사고,0,0,1,0,차대차 - 측면충돌,교차로운행방법위반,건조,맑음,교차로 - 교차로안,이륜,남,60세,상해없음,승용,남,49세,경상
2019042600100226,2019년 4월 26일 10시,금요일,충청남도 천안시 서북구 쌍용동,경상사고,0,0,2,0,차대차 - 측면충돌,안전운전불이행,건조,맑음,교차로 - 교차로안,이륜,남,42세,경상,승용,남,54세,경상
2019042600100227,2019년 4월 26일 10시,금요일,충청남도 보령시 대천동,중상사고,0,1,2,0,차대차 - 측면충돌,교차로운행방법위반,젖음/습기,맑음,교차로 - 교차로안,승용,여,42세,중상,승용,여,34세,경상
2019042600100287,2019년 4월 26일 12시,금요일,충청남도 아산시 온천동,중상사고,0,1,0,0,차대사람 - 기타,보행자보호의무위반,건조,맑음,교차로 - 교차로안,이륜,남,48세,상해없음,보행자,여,66세,중상
2019042600100288,2019년 4월 26일 12시,금요일,충청남도 보령시 동대동,경상사고,0,0,1,0,차대차 - 측면충돌,안전운전불이행,건조,맑음,교차로 - 교차로안,승용,여,68세,상해없음,이륜,남,49세,경상
2019042600100289,2019년 4월 26일 12시,금요일,충청남도 예산군 예산읍,경상사고,0,0,1,0,차대차 - 측면충돌,안전거리미확보,건조,흐림,교차로 - 교차로부근,자전거,남,73세,경상,승합,남,55세,상해없음
2019042600100317,2019년 4월 26일 13시,금요일,충청남도 천안시 동남구 신부동,경상사고,0,0,3,0,차대차 - 추돌,안전거리미확보,건조,맑음,단일로 - 기타,건설기계,남,53세,상해없음,승용,여,63세,경상
2019042600100349,2019년 4월 26일 14시,금요일,충청남도 천안시 서북구 두정동,경상사고,0,0,1,0,차대차 - 측면충돌,안전운전불이행,건조,맑음,교차로 - 교차로부근,이륜,남,27세,경상,승용,남,58세,상해없음
2019042600100350,2019년 4월 26일 14시,금요일,충청남도 당진시 읍내리,중상사고,0,1,0,0,차대차 - 측면충돌,중앙선침범,건조,맑음,단일로 - 기타,화물,남,61세,상해없음,이륜,남,38세,중상
2019042600100386,2019년 4월 26일 15시,금요일,충청남도 천안시 서북구 두정동,경상사고,0,0,1,0,차대사람 - 차도통행중,기타,건조,맑음,교차로 - 교차로부근,이륜,남,52세,상해없음,보행자,여,8세,경상
2019042600100434,2019년 4월 26일 16시,금요일,충청남도 천안시 서북구 성거읍,경상사고,0,0,1,0,차대차 - 추돌,안전거리미확보,젖음/습기,비,교차로 - 교차로부근,승용,남,35세,상해없음,승용,여,58세,경상
2019042600100435,2019년 4월 26일 16시,금요일,충청남도 예산군 오가면,경상사고,0,0,2,0,차대차 - 정면충돌,신호위반,젖음/습기,비,교차로 - 교차로안,승용,남,59세,상해없음,승용,남,51세,경상
2019042600100467,2019년 4월 26일 17시,금요일,충청남도 예산군 오가면,경상사고,0,0,2,0,차대차 - 측면충돌,직진우회전진행방해,젖음/습기,비,교차로 - 교차로안,승용,남,59세,경상,승용,여,34세,경상
2019042600100468,2019년 4월 26일 17시,금요일,충청남도 천안시 동남구 신방동,경상사고,0,0,1,0,차대사람 - 기타,안전운전불이행,건조,맑음,단일로 - 기타,승용,남,43세,상해없음,보행자,여,30세,경상
2019042600100513,2019년 4월 26일 18시,금요일,충청남도 논산시 취암동,경상사고,0,0,1,0,차대차 - 추돌,안전운전불이행,젖음/습기,비,교차로 - 교차로부근,이륜,남,55세,상해없음,승용,남,47세,경상
2019042600100514,2019년 4월 26일 18시,금요일,충청남도 천안시 동남구 사직동,경상사고,0,0,1,0,차대사람 - 기타,안전운전불이행,건조,맑음,단일로 - 기타,승용,남,65세,상해없음,보행자,남,58세,경상
2019042600100622,2019년 4월 26일 20시,금요일,충청남도 아산시 염치읍,중상사고,0,1,0,0,차대사람 - 기타,안전운전불이행,건조,맑음,단일로 - 기타,기타불명,기타불명,미분류,기타불명,보행자,여,52세,중상
2019042600100623,2019년 4월 26일 20시,금요일,충청남도 천안시 동남구 풍세면,경상사고,0,0,1,0,차대차 - 측면충돌,안전운전불이행,건조,맑음,단일로 - 기타,승용,남,43세,상해없음,승용,남,35세,경상
2019042600100670,2019년 4월 26일 21시,금요일,충청남도 천안시 서북구 쌍용동,경상사고,0,0,1,0,차대차 - 기타,안전운전불이행,젖음/습기,흐림,단일로 - 기타,승용,남,66세,상해없음,이륜,남,29세,경상
2019042600100701,2019년 4월 26일 22시,금요일,충청남도 천안시 서북구 성거읍,경상사고,0,0,1,0,차대차 - 정면충돌,교차로운행방법위반,젖음/습기,비,교차로 - 교차로안,승용,남,34세,상해없음,승용,여,36세,경상
2019042600100702,2019년 4월 26일 22시,금요일,충청남도 천안시 서북구 불당동,중상사고,0,1,5,0,차대차 - 추돌,안전운전불이행,젖음/습기,흐림,교차로 - 교차로부근,승용,여,42세,상해없음,승용,남,67세,중상
2019042600100723,2019년 4월 26일 23시,금요일,충청남도 천안시 동남구 신방동,경상사고,0,0,1,0,차대사람 - 차도통행중,안전운전불이행,건조,맑음,단일로 - 기타,승용,남,33세,상해없음,보행자,남,56세,경상
2019042700100037,2019년 4월 27일 00시,토요일,충청남도 논산시 가야곡면,부상신고사고,0,0,0,1,차량단독 - 공작물충돌,안전운전불이행,젖음/습기,맑음,단일로 - 기타,승용,남,28세,부상신고,,,,
2019042700100038,2019년 4월 27일 00시,토요일,충청남도 아산시 배방읍,중상사고,0,1,0,0,차대차 - 기타,안전운전불이행,건조,맑음,교차로 - 교차로안,승용,남,25세,상해없음,이륜,남,40세,중상
2019042700100039,2019년 4월 27일 00시,토요일,충청남도 공주시 신관동,경상사고,0,0,2,0,차대차 - 측면충돌,안전운전불이행,건조,맑음,교차로 - 교차로안,승용,남,36세,상해없음,승용,여,53세,경상
2019042700100062,2019년 4월 27일 01시,토요일,충청남도 서산시 해미면,부상신고사고,0,0,0,1,차량단독 - 도로외이탈 - 기타,안전운전불이행,젖음/습기,흐림,단일로 - 기타,승용,남,60세,부상신고,,,,
2019042700100106,2019년 4월 27일 05시,토요일,충청남도 계룡시 신도안면,중상사고,0,1,0,0,차대차 - 정면충돌,안전운전불이행,건조,맑음,주차장 - 주차장,승합,남,70세,상해없음,자전거,여,74세,중상
2019042700100127,2019년 4월 27일 07시,토요일,충청남도 논산시 광석면,경상사고,0,0,1,0,차대차 - 측면충돌,교차로운행방법위반,건조,맑음,교차로 - 교차로안,승합,남,56세,상해없음,승용,여,43세,경상
2019042700100149,2019년 4월 27일 08시,토요일,충청남도 아산시 온천동,경상사고,0,0,1,0,차대사람 - 기타,안전운전불이행,기타,맑음,주차장 - 주차장,승용,남,58세,상해없음,보행자,남,37세,경상
2019042700100150,2019년 4월 27일 08시,토요일,충청남도 공주시 금성동,경상사고,0,0,1,0,차대차 - 측면충돌,안전운전불이행,건조,맑음,교차로 - 교차로안,승용,남,71세,기타불명,승용,남,76세,경상
2019042700100180,2019년 4월 27일 09시,토요일,충청남도 천안시 서북구 불당동,경상사고,0,0,3,0,차대차 - 측면충돌,안전운전불이행,건조,맑음,교차로 - 교차로안,승용,남,76세,상해없음,승합,남,48세,경상
2019042700100181,2019년 4월 27일 09시,토요일,충청남도 보령시 명천동,경상사고,0,0,1,0,차대사람 - 횡단중,안전운전불이행,건조,맑음,주차장 - 주차장,승용,남,57세,상해없음,보행자,남,55세,경상
2019042700100270,2019년 4월 27일 11시,토요일,충청남도 아산시 신창면,경상사고,0,0,1,0,차대차 - 측면충돌,안전운전불이행,건조,맑음,단일로 - 기타,승용,남,64세,상해없음,승용,남,42세,경상
2019042700100271,2019년 4월 27일 11시,토요일,충청남도 공주시 유구읍,경상사고,0,0,3,0,차대차 - 측면충돌,신호위반,건조,맑음,교차로 - 교차로안,승용,여,56세,경상,승용,남,66세,경상
2019042700100315,2019년 4월 27일 12시,토요일,충청남도 태안군 원북면,경상사고,0,0,1,0,차대차 - 추돌,안전운전불이행,건조,맑음,단일로 - 기타,농기계,남,87세,상해없음,승용,남,40세,경상
2019042700100354,2019년 4월 27일 13시,토요일,충청남도 서산시 음암면,중상사고,0,1,0,0,차대차 - 측면충돌,기타,건조,맑음,교차로 - 교차로부근,승용,여,50세,상해없음,승용,남,33세,중상
2019042700100355,2019년 4월 27일 13시,토요일,충청남도 당진시 합덕읍,중상사고,0,1,0,0,차대차 - 기타,교차로운행방법위반,건조,맑음,교차로 - 교차로안,승용,남,49세,상해없음,승용,남,66세,중상
2019042700100357,2019년 4월 27일 13시,토요일,충청남도 당진시 신평면,경상사고,0,0,1,0,차대사람 - 기타,안전운전불이행,건조,맑음,기타 - 기타,승용,남,48세,상해없음,보행자,남,71세,경상
2019042700100390,2019년 4월 27일 14시,토요일,충청남도 천안시 서북구 쌍용동,경상사고,0,0,1,0,차대차 - 측면충돌,안전운전불이행,건조,맑음,단일로 - 기타,승용,남,23세,상해없음,이륜,남,27세,경상
2019042700100391,2019년 4월 27일 14시,토요일,충청남도 논산시 취암동,중상사고,0,1,1,0,차대차 - 측면충돌,교차로운행방법위반,건조,맑음,교차로 - 교차로안,승용,남,62세,상해없음,이륜,남,62세,경상
2019042700100392,2019년 4월 27일 14시,토요일,충청남도 천안시 동남구 원성동,경상사고,0,0,1,0,차대차 - 기타,안전운전불이행,건조,맑음,교차로 - 교차로부근,화물,남,50세,상해없음,승용,남,46세,경상
2019042700100428,2019년 4월 27일 15시,토요일,충청남도 천안시 서북구 불당동,경상사고,0,0,1,0,차대차 - 추돌,안전거리미확보,건조,맑음,단일로 - 기타,승용,여,32세,상해없음,승용,여,40세,경상
2019042700100430,2019년 4월 27일 15시,토요일,충청남도 청양군 대치면,중상사고,0,1,0,0,차대차 - 측면충돌,중앙선침범,건조,맑음,단일로 - 기타,승합,남,50세,상해없음,승용,남,29세,중상
2019042700100431,2019년 4월 27일 15시,토요일,충청남도 태안군 안면읍,경상사고,0,0,4,1,차대차 - 측면충돌,교차로운행방법위반,건조,맑음,교차로 - 교차로안,승용,남,43세,부상신고,승용,남,22세,경상