사고번호,사고일시,요일,시군구,사고내용,사망자수,중상자수,경상자수,부상신고자수,사고유형,법규위반,노면상태,기상상태,도로형태,가해운전자 차종,가해운전자 성별,가해운전자 연령,가해운전자 상해정도,피해운전자 차종,피해운전자 성별,피해운전자 연령,피해운전자 상해정도
2019042700100432,2019년 4월 27일 15시,토요일,충청남도 태안군 남면,중상사고,0,1,5,0,차대차 - 추돌,안전운전불이행,건조,맑음,단일로 - 기타,승용,남,28세,상해없음,승용,남,31세,상해없음
2019042700100470,2019년 4월 27일 16시,토요일,충청남도 당진시 송악읍,중상사고,0,1,0,0,차대사람 - 기타,안전운전불이행,건조,맑음,단일로 - 기타,승용,여,52세,상해없음,보행자,여,77세,중상
2019042700100513,2019년 4월 27일 17시,토요일,충청남도 천안시 서북구 백석동,경상사고,0,0,1,0,차대차 - 후진중충돌,안전운전불이행,건조,맑음,기타 - 기타,승용,남,50세,상해없음,이륜,남,44세,경상
2019042700100514,2019년 4월 27일 17시,토요일,충청남도 보령시 죽정동,중상사고,0,1,0,0,차대사람 - 횡단중,기타,건조,맑음,교차로 - 교차로부근,승합,여,39세,상해없음,보행자,남,5세,중상
2019042700100515,2019년 4월 27일 17시,토요일,충청남도 공주시 탄천면,경상사고,0,0,4,0,차대차 - 측면충돌,안전운전불이행,건조,맑음,주차장 - 주차장,승합,남,62세,상해없음,승용,남,41세,경상
2019042700100588,2019년 4월 27일 19시,토요일,충청남도 천안시 서북구 성성동,경상사고,0,0,2,0,차대차 - 측면충돌,차로위반,건조,맑음,단일로 - 기타,승합,남,52세,상해없음,승용,남,45세,경상
2019042700100617,2019년 4월 27일 20시,토요일,충청남도 예산군 응봉면,중상사고,0,1,0,0,차대사람 - 차도통행중,보행자보호의무위반,건조,맑음,교차로 - 교차로안,승용,남,42세,기타불명,보행자,여,85세,중상
2019042700100618,2019년 4월 27일 20시,토요일,충청남도 천안시 동남구 신방동,경상사고,0,0,1,0,차대사람 - 횡단중,안전운전불이행,건조,맑음,교차로 - 교차로안,승용,남,30세,상해없음,보행자,여,49세,경상
2019042700100651,2019년 4월 27일 21시,토요일,충청남도 공주시 반포면,중상사고,0,3,0,0,차량단독 - 공작물충돌,안전운전불이행,건조,맑음,단일로 - 기타,승용,남,21세,상해없음,,,,
2019042700100703,2019년 4월 27일 23시,토요일,충청남도 천안시 서북구 두정동,경상사고,0,0,1,0,차대사람 - 기타,안전운전불이행,건조,흐림,단일로 - 기타,승용,남,28세,상해없음,보행자,남,29세,경상
2019042700100704,2019년 4월 27일 23시,토요일,충청남도 아산시 권곡동,중상사고,0,1,3,0,차대차 - 추돌,안전운전불이행,건조,맑음,교차로 - 교차로부근,승용,남,28세,상해없음,승용,남,28세,경상
2019042700100705,2019년 4월 27일 23시,토요일,충청남도 천안시 동남구 병천면,중상사고,0,1,1,0,차대차 - 측면충돌,교차로운행방법위반,건조,맑음,교차로 - 교차로안,승용,여,66세,경상,승용,여,22세,중상
2019042800100033,2019년 4월 28일 01시,일요일,충청남도 예산군 오가면,중상사고,0,1,0,0,차량단독 - 공작물충돌,안전운전불이행,건조,맑음,단일로 - 기타,승용,남,42세,중상,,,,
2019042800100047,2019년 4월 28일 02시,일요일,충청남도 천안시 서북구 성정동,경상사고,0,0,2,0,차대차 - 추돌,안전운전불이행,건조,맑음,단일로 - 기타,승용,남,27세,상해없음,승용,여,28세,경상
2019042800100060,2019년 4월 28일 03시,일요일,충청남도 서산시 예천동,경상사고,0,0,2,0,차대차 - 추돌,안전운전불이행,건조,맑음,단일로 - 기타,승용,남,25세,상해없음,승용,남,30세,경상
2019042800100077,2019년 4월 28일 05시,일요일,충청남도 아산시 용화동,중상사고,0,1,0,0,차대사람 - 기타,안전운전불이행,건조,맑음,교차로 - 교차로안,승용,남,47세,상해없음,보행자,남,23세,중상
2019042800100120,2019년 4월 28일 08시,일요일,충청남도 아산시 풍기동,경상사고,0,0,2,0,차대차 - 기타,신호위반,젖음/습기,비,교차로 - 교차로안,승용,남,72세,상해없음,승용,여,30세,경상
2019042800100220,2019년 4월 28일 13시,일요일,충청남도 천안시 서북구 성정동,부상신고사고,0,0,0,1,차대차 - 추돌,안전운전불이행,건조,맑음,단일로 - 기타,원동기,남,31세,부상신고,승용,남,55세,상해없음
2019042800100221,2019년 4월 28일 13시,일요일,충청남도 부여군 부여읍,중상사고,0,1,0,0,차대사람 - 기타,기타,건조,맑음,단일로 - 기타,승합,남,51세,상해없음,보행자,여,55세,중상
2019042800100280,2019년 4월 28일 15시,일요일,충청남도 천안시 서북구 성정동,부상신고사고,0,0,0,1,차대차 - 측면충돌,안전운전불이행,건조,흐림,교차로 - 교차로안,이륜,남,24세,부상신고,승용,남,32세,상해없음
2019042800100343,2019년 4월 28일 17시,일요일,충청남도 예산군 봉산면,경상사고,0,0,1,0,차대차 - 정면충돌,안전운전불이행,건조,맑음,단일로 - 기타,이륜,여,72세,경상,화물,남,58세,상해없음
2019042800100415,2019년 4월 28일 20시,일요일,충청남도 논산시 내동,경상사고,0,0,1,0,차대차 - 측면충돌,안전운전불이행,건조,맑음,교차로 - 교차로부근,승용,남,38세,상해없음,이륜,남,19세,경상
2019042800100416,2019년 4월 28일 20시,일요일,충청남도 아산시 탕정면,중상사고,0,1,0,0,차대차 - 기타,안전운전불이행,건조,맑음,단일로 - 기타,승용,여,46세,상해없음,승용,여,56세,중상
2019042800100417,2019년 4월 28일 20시,일요일,충청남도 천안시 동남구 영성동,경상사고,0,0,1,0,차대차 - 기타,직진우회전진행방해,건조,맑음,교차로 - 교차로안,승용,남,60세,상해없음,이륜,남,25세,경상
2019042800100451,2019년 4월 28일 21시,일요일,충청남도 홍성군 서부면,중상사고,0,1,0,0,차대사람 - 차도통행중,안전운전불이행,건조,맑음,단일로 - 기타,승용,여,29세,상해없음,보행자,남,58세,중상
2019042800100452,2019년 4월 28일 21시,일요일,충청남도 공주시 반죽동,중상사고,0,1,0,0,차대사람 - 횡단중,안전운전불이행,건조,흐림,단일로 - 기타,승용,여,53세,상해없음,보행자,여,82세,중상
2019042800100453,2019년 4월 28일 21시,일요일,충청남도 천안시 동남구 신방동,경상사고,0,0,2,0,차대차 - 기타,안전운전불이행,건조,맑음,교차로 - 교차로안,승용,여,46세,상해없음,승용,남,30세,경상
2019042800100475,2019년 4월 28일 22시,일요일,충청남도 예산군 예산읍,경상사고,0,0,2,0,차대차 - 측면충돌,직진우회전진행방해,건조,맑음,단일로 - 기타,승용,남,27세,경상,승용,남,57세,경상
2019042800100476,2019년 4월 28일 22시,일요일,충청남도 당진시 읍내리,경상사고,0,0,1,0,차대차 - 측면충돌,교차로운행방법위반,건조,맑음,교차로 - 교차로안,승용,남,30세,상해없음,승용,남,46세,상해없음
2019042800100493,2019년 4월 28일 23시,일요일,충청남도 천안시 서북구 두정동,경상사고,0,0,2,0,차대차 - 추돌,안전운전불이행,건조,맑음,교차로 - 교차로부근,승용,남,25세,상해없음,승용,남,29세,경상
2019042900100039,2019년 4월 29일 01시,월요일,충청남도 홍성군 홍북읍,경상사고,0,0,2,0,차대차 - 측면충돌,교차로운행방법위반,건조,맑음,교차로 - 교차로안,승용,여,37세,상해없음,승용,여,52세,경상
2019042900100044,2019년 4월 29일 02시,월요일,충청남도 당진시 석문면,중상사고,0,1,1,0,차량단독 - 공작물충돌,안전운전불이행,건조,맑음,단일로 - 기타,승용,남,36세,경상,,,,
2019042900100045,2019년 4월 29일 02시,월요일,충청남도 청양군 청양읍,경상사고,0,0,1,0,차대차 - 측면충돌,직진우회전진행방해,건조,맑음,교차로 - 교차로안,승용,남,18세,상해없음,승용,여,57세,경상
2019042900100062,2019년 4월 29일 05시,월요일,충청남도 논산시 취암동,사망사고,1,0,0,0,차대사람 - 횡단중,안전운전불이행,건조,맑음,교차로 - 교차로안,승합,남,65세,상해없음,보행자,여,78세,사망
2019042900100075,2019년 4월 29일 06시,월요일,충청남도 천안시 서북구 성환읍,중상사고,0,1,0,0,차대사람 - 기타,안전운전불이행,건조,맑음,단일로 - 기타,승합,남,50세,상해없음,보행자,여,57세,중상
2019042900100076,2019년 4월 29일 06시,월요일,충청남도 당진시 석문면,경상사고,0,0,2,0,차대차 - 정면충돌,중앙선침범,건조,맑음,단일로 - 기타,승용,여,48세,상해없음,화물,남,22세,경상
2019042900100138,2019년 4월 29일 08시,월요일,충청남도 천안시 서북구 입장면,중상사고,0,1,0,0,차대차 - 측면충돌,교차로운행방법위반,건조,맑음,교차로 - 교차로안,승용,여,46세,상해없음,화물,남,39세,중상
2019042900100172,2019년 4월 29일 09시,월요일,충청남도 천안시 서북구 쌍용동,경상사고,0,0,1,0,차대차 - 측면충돌,안전운전불이행,건조,맑음,교차로 - 교차로안,화물,남,55세,상해없음,승용,남,28세,경상
2019042900100253,2019년 4월 29일 11시,월요일,충청남도 아산시 배방읍,경상사고,0,0,1,0,차대차 - 기타,신호위반,건조,맑음,교차로 - 교차로안,화물,남,60세,상해없음,승용,남,62세,경상
2019042900100254,2019년 4월 29일 11시,월요일,충청남도 청양군 청양읍,중상사고,0,1,0,0,차대차 - 추돌,안전운전불이행,젖음/습기,비,단일로 - 기타,이륜,남,46세,중상,화물,남,68세,상해없음
2019042900100255,2019년 4월 29일 11시,월요일,충청남도 천안시 동남구 봉명동,경상사고,0,0,1,0,차대차 - 측면충돌,안전운전불이행,건조,맑음,기타 - 기타,승용,남,47세,상해없음,자전거,남,67세,경상
2019042900100282,2019년 4월 29일 12시,월요일,충청남도 홍성군 홍성읍,중상사고,0,1,4,0,차대차 - 정면충돌,안전운전불이행,건조,흐림,교차로 - 교차로안,승용,여,49세,경상,승용,여,60세,중상
2019042900100308,2019년 4월 29일 13시,월요일,충청남도 천안시 서북구 두정동,경상사고,0,0,1,0,차대차 - 추돌,안전운전불이행,건조,맑음,단일로 - 기타,승용,남,37세,상해없음,승용,남,27세,경상
2019042900100309,2019년 4월 29일 13시,월요일,충청남도 천안시 서북구 성정동,경상사고,0,0,1,0,차대차 - 기타,안전운전불이행,건조,맑음,단일로 - 기타,화물,남,56세,상해없음,승용,남,54세,상해없음
2019042900100310,2019년 4월 29일 13시,월요일,충청남도 당진시 순성면,경상사고,0,0,1,0,차대차 - 측면충돌,안전운전불이행,건조,맑음,단일로 - 기타,화물,남,53세,상해없음,화물,남,49세,경상
2019042900100346,2019년 4월 29일 14시,월요일,충청남도 천안시 서북구 쌍용동,경상사고,0,0,1,0,차대차 - 측면충돌,안전운전불이행,건조,맑음,교차로 - 교차로부근,승용,여,51세,상해없음,승용,남,45세,경상
2019042900100347,2019년 4월 29일 14시,월요일,충청남도 홍성군 은하면,사망사고,1,0,0,0,차량단독 - 전도전복 - 전복,안전운전불이행,젖음/습기,비,단일로 - 기타,농기계,남,58세,사망,,,,
2019042900100348,2019년 4월 29일 14시,월요일,충청남도 공주시 정안면,경상사고,0,0,1,0,차대차 - 추돌,안전운전불이행,젖음/습기,비,교차로 - 교차로부근,승용,남,22세,기타불명,화물,남,62세,경상
2019042900100349,2019년 4월 29일 14시,월요일,충청남도 당진시 정미면,중상사고,0,1,0,0,차대사람 - 차도통행중,안전운전불이행,건조,맑음,단일로 - 기타,승용,남,31세,상해없음,보행자,남,63세,중상
2019042900100350,2019년 4월 29일 14시,월요일,충청남도 천안시 동남구 봉명동,경상사고,0,0,1,0,차대차 - 측면충돌,안전운전불이행,건조,맑음,교차로 - 교차로부근,이륜,남,35세,경상,승용,남,59세,상해없음
2019042900100383,2019년 4월 29일 15시,월요일,충청남도 홍성군 홍성읍,중상사고,0,1,0,0,차대차 - 측면충돌,안전운전불이행,젖음/습기,비,교차로 - 교차로안,승용,여,55세,상해없음,이륜,남,71세,중상
2019042900100384,2019년 4월 29일 15시,월요일,충청남도 보령시 주교면,중상사고,0,1,1,0,차대차 - 추돌,안전운전불이행,젖음/습기,비,단일로 - 기타,화물,남,41세,상해없음,화물,남,59세,경상
2019042900100462,2019년 4월 29일 17시,월요일,충청남도 공주시 반포면,중상사고,0,1,1,0,차대차 - 측면충돌,중앙선침범,젖음/습기,비,교차로 - 교차로부근,화물,남,64세,상해없음,승용,남,47세,경상
2019042900100634,2019년 4월 29일 23시,월요일,충청남도 보령시 동대동,중상사고,0,1,0,0,차대사람 - 횡단중,보행자보호의무위반,건조,맑음,교차로 - 교차로횡단보도내,승용,여,31세,상해없음,보행자,남,35세,중상
2019043000100028,2019년 4월 30일 00시,화요일,충청남도 서산시 갈산동,중상사고,0,2,0,0,차량단독 - 공작물충돌,안전운전불이행,건조,맑음,단일로 - 기타,승용,남,52세,상해없음,,,,
2019043000100039,2019년 4월 30일 01시,화요일,충청남도 홍성군 홍성읍,경상사고,0,0,1,0,차량단독 - 전도전복 - 전도,안전운전불이행,건조,맑음,단일로 - 기타,이륜,남,22세,경상,,,,
2019043000100069,2019년 4월 30일 05시,화요일,충청남도 서천군 비인면,중상사고,0,3,1,0,차대차 - 측면충돌,신호위반,건조,맑음,교차로 - 교차로안,승용,남,59세,중상,승용,남,65세,중상
2019043000100126,2019년 4월 30일 08시,화요일,충청남도 서산시 음암면,중상사고,0,2,0,0,차대차 - 측면충돌,중앙선침범,건조,맑음,교차로 - 교차로부근,승용,여,65세,상해없음,승용,남,52세,중상
2019043000100127,2019년 4월 30일 08시,화요일,충청남도 예산군 예산읍,중상사고,0,1,1,0,차대차 - 정면충돌,중앙선침범,건조,맑음,기타 - 기타,승용,남,34세,경상,화물,남,50세,중상
2019043000100128,2019년 4월 30일 08시,화요일,충청남도 천안시 동남구 신방동,경상사고,0,0,1,0,차대차 - 추돌,안전거리미확보,건조,맑음,단일로 - 기타,승용,여,43세,상해없음,승용,여,35세,경상
2019043000100129,2019년 4월 30일 08시,화요일,충청남도 천안시 동남구 다가동,중상사고,0,1,0,0,차대차 - 기타,안전운전불이행,건조,맑음,기타 - 기타,이륜,남,76세,중상,승용,남,37세,상해없음
2019043000100203,2019년 4월 30일 10시,화요일,충청남도 천안시 서북구 성정동,경상사고,0,0,1,0,차대차 - 측면충돌,신호위반,건조,맑음,단일로 - 기타,승용,남,34세,상해없음,승용,여,54세,경상
2019043000100204,2019년 4월 30일 10시,화요일,충청남도 공주시 월미동,경상사고,0,0,2,0,차대차 - 추돌,안전거리미확보,건조,맑음,단일로 - 기타,승용,여,62세,경상,건설기계,남,46세,경상
2019043000100205,2019년 4월 30일 10시,화요일,충청남도 태안군 근흥면,중상사고,0,1,0,1,차대차 - 추돌,안전운전불이행,건조,맑음,교차로 - 교차로부근,화물,남,61세,부상신고,승용,여,56세,중상
2019043000100230,2019년 4월 30일 11시,화요일,충청남도 논산시 은진면,중상사고,0,1,0,0,차대차 - 측면충돌,기타,건조,맑음,교차로 - 교차로안,화물,남,50세,상해없음,이륜,남,82세,중상
2019043000100231,2019년 4월 30일 11시,화요일,충청남도 당진시 신평면,경상사고,0,0,1,0,차대사람 - 기타,안전운전불이행,건조,맑음,기타 - 기타,화물,남,47세,상해없음,보행자,남,7세,경상
2019043000100292,2019년 4월 30일 13시,화요일,충청남도 천안시 서북구 성거읍,경상사고,0,0,2,0,차대차 - 추돌,안전거리미확보,건조,맑음,단일로 - 기타,승용,남,22세,상해없음,승용,여,57세,경상
2019043000100293,2019년 4월 30일 13시,화요일,충청남도 보령시 요암동,경상사고,0,0,7,0,차대차 - 측면충돌,안전거리미확보,건조,맑음,단일로 - 기타,승합,여,42세,경상,승용,남,50세,경상
2019043000100392,2019년 4월 30일 16시,화요일,충청남도 천안시 동남구 구성동,중상사고,0,1,1,0,차대차 - 측면충돌,안전거리미확보,건조,맑음,단일로 - 기타,화물,남,49세,상해없음,승용,여,52세,중상
2019043000100436,2019년 4월 30일 17시,화요일,충청남도 천안시 동남구 삼룡동,경상사고,0,0,1,0,차대차 - 후진중충돌,안전운전불이행,건조,맑음,기타 - 기타,승용,남,68세,상해없음,승용,남,34세,상해없음
2019043000100437,2019년 4월 30일 17시,화요일,충청남도 공주시 정안면,경상사고,0,0,4,0,차대차 - 추돌,안전운전불이행,건조,맑음,단일로 - 기타,승용,남,51세,경상,승용,남,54세,경상
2019043000100486,2019년 4월 30일 18시,화요일,충청남도 아산시 탕정면,중상사고,0,2,2,0,차대차 - 추돌,안전운전불이행,건조,맑음,단일로 - 터널,승용,여,27세,상해없음,승용,남,40세,중상
2019043000100521,2019년 4월 30일 19시,화요일,충청남도 서산시 예천동,중상사고,0,2,0,0,차대차 - 측면충돌,직진우회전진행방해,건조,맑음,교차로 - 교차로안,승용,남,74세,상해없음,승용,여,37세,중상
2019043000100550,2019년 4월 30일 20시,화요일,충청남도 천안시 동남구 원성동,경상사고,0,0,2,0,차대차 - 측면충돌,교차로운행방법위반,건조,맑음,교차로 - 교차로안,승용,남,45세,상해없음,승용,남,37세,경상
2019043000100578,2019년 4월 30일 21시,화요일,충청남도 아산시 초사동,중상사고,0,1,0,0,차대사람 - 길가장자리구역통행중,안전운전불이행,건조,맑음,단일로 - 기타,승용,남,39세,상해없음,보행자,여,36세,중상
2019043000100579,2019년 4월 30일 21시,화요일,충청남도 천안시 동남구 신부동,중상사고,0,1,0,0,차대사람 - 기타,안전운전불이행,건조,맑음,교차로 - 교차로부근,승용,남,60세,상해없음,보행자,남,59세,중상
2019043000100640,2019년 4월 30일 23시,화요일,충청남도 서산시 대산읍,경상사고,0,0,2,0,차대차 - 추돌,불법유턴,건조,맑음,단일로 - 기타,화물,남,57세,상해없음,승용,남,51세,경상
2019043000100641,2019년 4월 30일 23시,화요일,충청남도 서산시 읍내동,경상사고,0,0,1,0,차대차 - 추돌,안전운전불이행,건조,맑음,교차로 - 교차로부근,승용,남,28세,상해없음,승용,여,21세,경상
2019043000100642,2019년 4월 30일 23시,화요일,충청남도 아산시 둔포면,중상사고,0,1,1,0,차대차 - 기타,안전운전불이행,건조,맑음,교차로 - 교차로안,승용,여,48세,상해없음,이륜,남,21세,경상
2019043000100643,2019년 4월 30일 23시,화요일,충청남도 보령시 동대동,중상사고,0,1,0,0,차대차 - 측면충돌,직진우회전진행방해,건조,맑음,교차로 - 교차로안,승용,남,40세,상해없음,승용,여,56세,중상
2019050100100038,2019년 5월 1일 00시,수요일,충청남도 천안시 서북구 불당동,중상사고,0,1,0,0,차대차 - 측면충돌,안전운전불이행,건조,맑음,교차로 - 교차로안,승용,남,41세,상해없음,이륜,남,15세,중상
2019050100100056,2019년 5월 1일 01시,수요일,충청남도 보령시 대천동,경상사고,0,0,4,0,차대차 - 추돌,안전거리미확보,건조,맑음,단일로 - 기타,승용,여,58세,상해없음,승용,여,38세,경상
2019050100100114,2019년 5월 1일 06시,수요일,충청남도 천안시 서북구 성거읍,중상사고,0,1,0,0,차대차 - 기타,과속,건조,맑음,교차로 - 교차로안,승용,남,56세,중상,승용,남,62세,상해없음
2019050100100137,2019년 5월 1일 08시,수요일,충청남도 태안군 안면읍,경상사고,0,0,1,0,차대차 - 측면충돌,안전운전불이행,건조,맑음,단일로 - 기타,화물,남,49세,상해없음,승용,여,50세,경상
2019050100100195,2019년 5월 1일 11시,수요일,충청남도 천안시 서북구 성정동,경상사고,0,0,1,0,차대차 - 측면충돌,안전거리미확보,건조,맑음,교차로 - 교차로안,이륜,남,24세,상해없음,승용,여,52세,경상
2019050100100196,2019년 5월 1일 11시,수요일,충청남도 천안시 서북구 성거읍,경상사고,0,0,1,0,차대차 - 측면충돌,안전운전불이행,건조,맑음,교차로 - 교차로부근,승용,남,71세,상해없음,승용,남,24세,경상
2019050100100197,2019년 5월 1일 11시,수요일,충청남도 계룡시 엄사면,경상사고,0,0,5,0,차대차 - 측면충돌,안전운전불이행,건조,맑음,단일로 - 기타,승용,남,61세,상해없음,승용,여,38세,경상
2019050100100198,2019년 5월 1일 11시,수요일,충청남도 아산시 용화동,중상사고,0,1,0,0,차대사람 - 횡단중,중앙선침범,건조,맑음,단일로 - 기타,승용,남,37세,상해없음,보행자,여,43세,중상
2019050100100200,2019년 5월 1일 11시,수요일,충청남도 금산군 진산면,경상사고,0,0,2,0,차대차 - 정면충돌,중앙선침범,건조,맑음,단일로 - 교량,승용,여,59세,상해없음,화물,남,68세,경상
2019050100100240,2019년 5월 1일 12시,수요일,충청남도 천안시 서북구 성정동,경상사고,0,0,1,0,차대차 - 측면충돌,안전운전불이행,건조,맑음,교차로 - 교차로안,승용,여,25세,상해없음,이륜,남,63세,경상
2019050100100241,2019년 5월 1일 12시,수요일,충청남도 천안시 서북구 백석동,경상사고,0,0,1,0,차대차 - 측면충돌,중앙선침범,건조,맑음,단일로 - 기타,승용,남,26세,상해없음,이륜,남,26세,경상
2019050100100274,2019년 5월 1일 13시,수요일,충청남도 당진시 신평면,중상사고,0,1,0,0,차대차 - 측면충돌,교차로운행방법위반,건조,맑음,교차로 - 교차로안,이륜,여,77세,중상,화물,남,50세,상해없음
2019050100100275,2019년 5월 1일 13시,수요일,충청남도 천안시 동남구 신부동,중상사고,0,1,0,0,차대차 - 측면충돌,안전운전불이행,건조,맑음,교차로 - 교차로안,승용,남,49세,상해없음,이륜,남,47세,중상
2019050100100349,2019년 5월 1일 15시,수요일,충청남도 홍성군 구항면,경상사고,0,0,2,0,차대차 - 기타,안전운전불이행,건조,맑음,교차로 - 교차로부근,화물,남,20세,상해없음,화물,남,39세,경상
2019050100100350,2019년 5월 1일 15시,수요일,충청남도 공주시 옥룡동,중상사고,0,1,1,0,차대차 - 추돌,안전운전불이행,건조,맑음,단일로 - 교량,승용,남,32세,상해없음,승용,여,38세,중상
2019050100100351,2019년 5월 1일 15시,수요일,충청남도 공주시 봉황동,경상사고,0,0,1,0,차대차 - 측면충돌,안전운전불이행,건조,맑음,단일로 - 기타,자전거,남,22세,경상,화물,남,56세,상해없음
2019050100100492,2019년 5월 1일 19시,수요일,충청남도 서산시 지곡면,중상사고,0,1,0,0,차대차 - 추돌,안전거리미확보,건조,맑음,단일로 - 기타,승용,남,41세,상해없음,승용,여,37세,중상
2019050100100493,2019년 5월 1일 19시,수요일,충청남도 금산군 금성면,경상사고,0,0,1,0,차대차 - 측면충돌,안전운전불이행,건조,맑음,교차로 - 교차로안,승용,남,31세,상해없음,승용,남,49세,경상
2019050100100522,2019년 5월 1일 20시,수요일,충청남도 서산시 운산면,경상사고,0,0,1,0,차대차 - 측면충돌,직진우회전진행방해,건조,맑음,교차로 - 교차로안,화물,남,58세,상해없음,승용,남,38세,경상
2019050100100523,2019년 5월 1일 20시,수요일,충청남도 천안시 서북구 백석동,부상신고사고,0,0,0,1,차대차 - 추돌,안전운전불이행,건조,맑음,단일로 - 기타,승용,여,21세,상해없음,건설기계,남,49세,기타불명
2019050100100552,2019년 5월 1일 21시,수요일,충청남도 아산시 권곡동,경상사고,0,0,4,0,차대차 - 측면충돌,신호위반,건조,맑음,교차로 - 교차로안,승용,남,27세,상해없음,승용,남,33세,경상
2019050100100585,2019년 5월 1일 23시,수요일,충청남도 서산시 읍내동,중상사고,0,1,0,0,차대사람 - 기타,보행자보호의무위반,건조,맑음,교차로 - 교차로부근,화물,남,57세,상해없음,보행자,남,59세,중상
2019050200100028,2019년 5월 2일 00시,목요일,충청남도 천안시 서북구 두정동,경상사고,0,0,1,0,차대차 - 측면충돌,안전운전불이행,건조,맑음,단일로 - 기타,승용,남,23세,상해없음,이륜,남,24세,경상
2019050200100065,2019년 5월 2일 06시,목요일,충청남도 서산시 예천동,중상사고,0,1,0,0,차대차 - 측면충돌,안전운전불이행,건조,맑음,교차로 - 교차로부근,화물,남,65세,상해없음,승용,남,45세,중상
2019050200100094,2019년 5월 2일 07시,목요일,충청남도 천안시 서북구 성거읍,경상사고,0,0,1,0,차량단독 - 기타,안전운전불이행,건조,맑음,단일로 - 기타,기타불명,기타불명,미분류,기타불명,,,,
2019050200100095,2019년 5월 2일 07시,목요일,충청남도 당진시 송악읍,중상사고,0,1,0,0,차대차 - 측면충돌,신호위반,건조,맑음,교차로 - 교차로안,이륜,남,53세,중상,승용,남,29세,상해없음
2019050200100138,2019년 5월 2일 08시,목요일,충청남도 서산시 읍내동,경상사고,0,0,2,0,차대차 - 측면충돌,직진우회전진행방해,건조,맑음,교차로 - 교차로안,승합,남,63세,상해없음,이륜,남,75세,경상
2019050200100139,2019년 5월 2일 08시,목요일,충청남도 천안시 서북구 차암동,경상사고,0,0,1,0,차대차 - 측면충돌,안전운전불이행,건조,맑음,교차로 - 교차로안,승용,남,38세,상해없음,승용,여,30세,경상
2019050200100140,2019년 5월 2일 08시,목요일,충청남도 예산군 삽교읍,중상사고,0,1,0,0,차대차 - 정면충돌,중앙선침범,건조,맑음,단일로 - 기타,화물,남,80세,상해없음,승용,남,34세,중상
2019050200100253,2019년 5월 2일 11시,목요일,충청남도 아산시 신창면,경상사고,0,0,1,0,차대차 - 기타,안전운전불이행,기타,맑음,기타 - 기타,승용,남,35세,상해없음,승합,여,62세,경상
2019050200100255,2019년 5월 2일 11시,목요일,충청남도 청양군 운곡면,경상사고,0,0,1,0,차대차 - 추돌,안전거리미확보,건조,맑음,교차로 - 교차로부근,승용,남,70세,상해없음,승용,여,50세,상해없음
2019050200100256,2019년 5월 2일 11시,목요일,충청남도 천안시 동남구 삼룡동,경상사고,0,0,3,0,차대차 - 추돌,안전운전불이행,건조,맑음,교차로 - 교차로부근,승용,남,48세,상해없음,승용,여,40세,경상
2019050200100291,2019년 5월 2일 12시,목요일,충청남도 금산군 남이면,중상사고,0,1,1,0,차량단독 - 공작물충돌,안전운전불이행,건조,맑음,단일로 - 기타,승용,남,57세,중상,,,,
2019050200100362,2019년 5월 2일 14시,목요일,충청남도 논산시 내동,중상사고,0,1,0,0,차대사람 - 횡단중,보행자보호의무위반,건조,맑음,교차로 - 교차로횡단보도내,승합,남,60세,상해없음,보행자,여,11세,중상
2019050200100363,2019년 5월 2일 14시,목요일,충청남도 천안시 동남구 신부동,경상사고,0,0,1,0,차대차 - 추돌,안전운전불이행,건조,맑음,단일로 - 기타,승용,여,45세,상해없음,승용,여,56세,경상
2019050200100402,2019년 5월 2일 15시,목요일,충청남도 서산시 성연면,중상사고,0,1,0,0,차대차 - 측면충돌,신호위반,건조,맑음,교차로 - 교차로안,이륜,남,64세,중상,승용,여,35세,상해없음
2019050200100403,2019년 5월 2일 15시,목요일,충청남도 금산군 금산읍,경상사고,0,0,1,0,차대차 - 측면충돌,직진우회전진행방해,건조,맑음,교차로 - 교차로안,이륜,남,64세,경상,승용,여,25세,상해없음
2019050200100440,2019년 5월 2일 16시,목요일,충청남도 서산시 동문동,중상사고,0,1,0,1,차대차 - 측면충돌,직진우회전진행방해,건조,맑음,교차로 - 교차로안,화물,남,20세,부상신고,이륜,여,58세,중상
2019050200100441,2019년 5월 2일 16시,목요일,충청남도 논산시 등화동,사망사고,1,0,1,0,차량단독 - 공작물충돌,안전운전불이행,건조,맑음,단일로 - 기타,승용,남,54세,경상,,,,
2019050200100487,2019년 5월 2일 17시,목요일,충청남도 천안시 서북구 성정동,경상사고,0,0,1,0,차대사람 - 횡단중,안전운전불이행,건조,맑음,단일로 - 기타,승용,남,31세,상해없음,보행자,남,39세,경상
2019050200100489,2019년 5월 2일 17시,목요일,충청남도 당진시 읍내리,경상사고,0,0,1,0,차대차 - 측면충돌,안전거리미확보,건조,맑음,교차로 - 교차로부근,승용,남,45세,상해없음,승용,여,36세,경상
2019050200100536,2019년 5월 2일 18시,목요일,충청남도 천안시 서북구 쌍용동,경상사고,0,0,2,0,차대차 - 추돌,안전운전불이행,건조,맑음,단일로 - 기타,승용,남,27세,상해없음,승용,남,66세,경상
2019050200100539,2019년 5월 2일 18시,목요일,충청남도 천안시 동남구 구성동,경상사고,0,0,2,0,차대차 - 측면충돌,안전운전불이행,건조,맑음,단일로 - 기타,승용,여,43세,상해없음,승합,남,26세,경상