사고번호,사고일시,요일,시군구,사고내용,사망자수,중상자수,경상자수,부상신고자수,사고유형,법규위반,노면상태,기상상태,도로형태,가해운전자 차종,가해운전자 성별,가해운전자 연령,가해운전자 상해정도,피해운전자 차종,피해운전자 성별,피해운전자 연령,피해운전자 상해정도
2019050200100587,2019년 5월 2일 19시,목요일,충청남도 천안시 서북구 차암동,경상사고,0,0,1,0,차대차 - 측면충돌,신호위반,건조,맑음,교차로 - 교차로안,승용,남,30세,상해없음,승용,남,33세,경상
2019050200100616,2019년 5월 2일 20시,목요일,충청남도 천안시 서북구 성정동,경상사고,0,0,13,0,차대차 - 추돌,안전운전불이행,건조,맑음,단일로 - 기타,승용,남,29세,상해없음,승용,남,54세,경상
2019050200100647,2019년 5월 2일 21시,목요일,충청남도 천안시 서북구 성정동,경상사고,0,0,2,0,차대차 - 추돌,안전운전불이행,건조,맑음,단일로 - 기타,승용,남,21세,상해없음,승용,여,51세,경상
2019050200100648,2019년 5월 2일 21시,목요일,충청남도 예산군 예산읍,중상사고,0,1,0,0,차대사람 - 차도통행중,안전운전불이행,건조,맑음,교차로 - 교차로안,승용,여,43세,상해없음,보행자,남,63세,중상
2019050200100686,2019년 5월 2일 22시,목요일,충청남도 서산시 동문동,경상사고,0,0,1,0,차대차 - 추돌,안전운전불이행,건조,맑음,교차로 - 교차로부근,승용,여,57세,상해없음,승용,여,51세,경상
2019050300100091,2019년 5월 3일 06시,금요일,충청남도 천안시 서북구 쌍용동,경상사고,0,0,2,0,차대차 - 추돌,안전운전불이행,건조,맑음,단일로 - 기타,승용,여,69세,상해없음,승합,남,60세,경상
2019050300100117,2019년 5월 3일 07시,금요일,충청남도 보령시 내항동,중상사고,0,2,0,0,차대차 - 추돌,안전운전불이행,건조,맑음,교차로 - 교차로부근,건설기계,남,63세,상해없음,승용,남,66세,중상
2019050300100118,2019년 5월 3일 07시,금요일,충청남도 태안군 태안읍,경상사고,0,0,1,0,차대차 - 측면충돌,중앙선침범,건조,맑음,단일로 - 기타,승합,남,59세,상해없음,화물,남,70세,경상
2019050300100149,2019년 5월 3일 08시,금요일,충청남도 아산시 온천동,사망사고,1,0,0,0,차량단독 - 공작물충돌,안전운전불이행,건조,맑음,단일로 - 기타,화물,남,71세,사망,,,,
2019050300100150,2019년 5월 3일 08시,금요일,충청남도 예산군 삽교읍,경상사고,0,0,2,0,차대차 - 측면충돌,신호위반,건조,맑음,교차로 - 교차로안,승용,남,28세,경상,승용,남,61세,경상
2019050300100199,2019년 5월 3일 09시,금요일,충청남도 서천군 서천읍,중상사고,0,1,0,0,차대사람 - 횡단중,안전운전불이행,건조,맑음,교차로 - 교차로안,승용,여,53세,상해없음,보행자,남,88세,중상
2019050300100231,2019년 5월 3일 10시,금요일,충청남도 태안군 태안읍,사망사고,1,0,0,0,차량단독 - 기타,안전운전불이행,건조,맑음,단일로 - 기타,자전거,남,79세,사망,,,,
2019050300100232,2019년 5월 3일 10시,금요일,충청남도 태안군 태안읍,경상사고,0,0,1,0,차대차 - 측면충돌,신호위반,건조,맑음,교차로 - 교차로안,승용,여,68세,상해없음,승용,남,64세,경상
2019050300100268,2019년 5월 3일 11시,금요일,충청남도 천안시 서북구 성정동,경상사고,0,0,1,0,차대사람 - 횡단중,보행자보호의무위반,건조,맑음,단일로 - 기타,화물,남,51세,상해없음,보행자,남,77세,경상
2019050300100269,2019년 5월 3일 11시,금요일,충청남도 보령시 대천동,경상사고,0,0,1,0,차대사람 - 기타,안전운전불이행,건조,맑음,교차로 - 교차로안,승용,여,72세,상해없음,보행자,남,59세,경상
2019050300100301,2019년 5월 3일 12시,금요일,충청남도 예산군 봉산면,경상사고,0,0,1,0,차대사람 - 차도통행중,안전운전불이행,건조,맑음,교차로 - 교차로부근,승용,여,61세,상해없음,보행자,남,82세,경상
2019050300100341,2019년 5월 3일 13시,금요일,충청남도 홍성군 광천읍,중상사고,0,1,0,0,차대차 - 측면충돌,안전운전불이행,건조,맑음,교차로 - 교차로안,승용,남,36세,상해없음,이륜,남,73세,중상
2019050300100342,2019년 5월 3일 13시,금요일,충청남도 아산시 영인면,중상사고,0,1,0,0,차량단독 - 도로외이탈 - 추락,안전운전불이행,건조,맑음,단일로 - 기타,농기계,남,82세,중상,,,,
2019050300100343,2019년 5월 3일 13시,금요일,충청남도 보령시 대천동,경상사고,0,0,1,0,차대사람 - 횡단중,안전운전불이행,건조,맑음,교차로 - 교차로안,화물,남,71세,상해없음,보행자,여,60세,경상
2019050300100344,2019년 5월 3일 13시,금요일,충청남도 보령시 주산면,중상사고,0,5,1,0,차량단독 - 도로외이탈 - 추락,안전운전불이행,건조,맑음,교차로 - 교차로부근,승합,남,63세,상해없음,,,,
2019050300100345,2019년 5월 3일 13시,금요일,충청남도 천안시 동남구 목천읍,경상사고,0,0,1,0,차대차 - 측면충돌,안전운전불이행,건조,맑음,단일로 - 기타,승용,여,56세,상해없음,승용,남,25세,경상
2019050300100418,2019년 5월 3일 15시,금요일,충청남도 서산시 석림동,경상사고,0,0,1,0,차대사람 - 횡단중,안전운전불이행,건조,맑음,단일로 - 기타,화물,여,48세,상해없음,보행자,여,10세,경상
2019050300100419,2019년 5월 3일 15시,금요일,충청남도 예산군 삽교읍,중상사고,0,2,0,0,차대차 - 추돌,안전운전불이행,건조,맑음,교차로 - 교차로부근,승용,남,54세,상해없음,화물,남,59세,중상
2019050300100420,2019년 5월 3일 15시,금요일,충청남도 당진시 원당리,중상사고,0,1,0,0,차대차 - 후진중충돌,안전운전불이행,건조,맑음,단일로 - 기타,화물,남,52세,상해없음,승용,남,41세,중상
2019050300100466,2019년 5월 3일 16시,금요일,충청남도 서산시 갈산동,경상사고,0,0,1,0,차대차 - 측면충돌,안전운전불이행,건조,맑음,교차로 - 교차로안,승합,남,59세,상해없음,승용,남,51세,경상
2019050300100469,2019년 5월 3일 16시,금요일,충청남도 당진시 송악읍,경상사고,0,0,2,0,차대차 - 추돌,안전운전불이행,건조,맑음,단일로 - 기타,승용,남,78세,상해없음,승용,남,49세,경상
2019050300100528,2019년 5월 3일 17시,금요일,충청남도 서산시 수석동,중상사고,0,1,0,0,차대차 - 측면충돌,안전운전불이행,건조,맑음,교차로 - 교차로부근,화물,남,45세,상해없음,자전거,남,30세,중상
2019050300100586,2019년 5월 3일 18시,금요일,충청남도 천안시 서북구 불당동,경상사고,0,0,1,0,차대사람 - 횡단중,신호위반,건조,맑음,교차로 - 교차로횡단보도내,승용,남,58세,상해없음,보행자,여,20세,경상
2019050300100587,2019년 5월 3일 18시,금요일,충청남도 천안시 서북구 불당동,경상사고,0,0,1,0,차대차 - 정면충돌,신호위반,건조,맑음,교차로 - 교차로안,승용,여,48세,상해없음,승용,여,25세,경상
2019050300100588,2019년 5월 3일 18시,금요일,충청남도 논산시 관촉동,중상사고,0,1,0,0,차대사람 - 횡단중,보행자보호의무위반,건조,맑음,단일로 - 기타,승용,여,71세,상해없음,보행자,남,75세,중상
2019050300100659,2019년 5월 3일 20시,금요일,충청남도 서산시 운산면,경상사고,0,0,4,0,차대차 - 추돌,안전운전불이행,건조,기타,단일로 - 기타,승용,남,42세,상해없음,승용,여,44세,경상
2019050300100660,2019년 5월 3일 20시,금요일,충청남도 아산시 배방읍,중상사고,0,1,0,0,차대차 - 기타,안전운전불이행,건조,기타,교차로 - 교차로안,승합,남,43세,상해없음,자전거,남,28세,중상
2019050300100700,2019년 5월 3일 21시,금요일,충청남도 보령시 죽정동,중상사고,0,1,0,0,차대사람 - 횡단중,안전운전불이행,건조,맑음,단일로 - 기타,승합,여,54세,상해없음,보행자,여,65세,중상
2019050300100701,2019년 5월 3일 21시,금요일,충청남도 천안시 동남구 수신면,중상사고,0,1,2,0,차대차 - 기타,안전운전불이행,건조,맑음,주차장 - 주차장,승용,남,19세,상해없음,승용,남,54세,중상
2019050300100753,2019년 5월 3일 23시,금요일,충청남도 천안시 서북구 성정동,경상사고,0,0,1,0,차대차 - 기타,안전운전불이행,건조,맑음,교차로 - 교차로부근,승용,남,49세,상해없음,승용,여,27세,경상
2019050400100129,2019년 5월 4일 07시,토요일,충청남도 홍성군 홍성읍,중상사고,0,1,1,0,차대차 - 측면충돌,안전운전불이행,건조,맑음,교차로 - 교차로안,승용,남,54세,상해없음,승용,남,65세,경상
2019050400100149,2019년 5월 4일 08시,토요일,충청남도 부여군 외산면,중상사고,0,1,0,0,차대차 - 추돌,안전거리미확보,건조,맑음,단일로 - 기타,승용,남,56세,상해없음,건설기계,남,58세,상해없음
2019050400100171,2019년 5월 4일 09시,토요일,충청남도 예산군 예산읍,부상신고사고,0,0,0,1,차대사람 - 기타,안전운전불이행,건조,맑음,기타 - 기타,자전거,남,69세,상해없음,보행자,남,19세,부상신고
2019050400100201,2019년 5월 4일 10시,토요일,충청남도 서천군 시초면,중상사고,0,1,0,0,차대차 - 추돌,안전운전불이행,건조,맑음,단일로 - 기타,승용,남,61세,상해없음,승용,남,39세,상해없음
2019050400100243,2019년 5월 4일 11시,토요일,충청남도 당진시 수청리,부상신고사고,0,0,0,1,차량단독 - 기타,안전운전불이행,건조,맑음,교차로 - 교차로안,이륜,남,39세,부상신고,,,,
2019050400100289,2019년 5월 4일 12시,토요일,충청남도 천안시 서북구 직산읍,부상신고사고,0,0,0,1,차량단독 - 전도전복 - 전도,안전운전불이행,건조,맑음,단일로 - 기타,이륜,남,23세,부상신고,,,,
2019050400100290,2019년 5월 4일 12시,토요일,충청남도 아산시 좌부동,경상사고,0,0,3,0,차대차 - 추돌,안전운전불이행,건조,맑음,단일로 - 기타,승용,남,30세,상해없음,승용,여,40세,경상
2019050400100292,2019년 5월 4일 12시,토요일,충청남도 천안시 동남구 구성동,경상사고,0,0,1,0,차대차 - 기타,교차로운행방법위반,건조,맑음,교차로 - 교차로안,승용,남,62세,상해없음,승합,남,49세,상해없음
2019050400100328,2019년 5월 4일 13시,토요일,충청남도 논산시 내동,경상사고,0,0,1,0,차대차 - 측면충돌,안전운전불이행,건조,맑음,기타 - 기타,승용,남,43세,상해없음,자전거,남,71세,경상
2019050400100329,2019년 5월 4일 13시,토요일,충청남도 보령시 신흑동,중상사고,0,1,0,0,차대차 - 측면충돌,기타,건조,맑음,단일로 - 기타,승용,남,23세,상해없음,이륜,남,39세,중상
2019050400100330,2019년 5월 4일 13시,토요일,충청남도 보령시 성주면,중상사고,0,1,0,0,차대차 - 추돌,안전운전불이행,건조,맑음,단일로 - 기타,기타불명,기타불명,미분류,기타불명,자전거,남,34세,중상
2019050400100332,2019년 5월 4일 13시,토요일,충청남도 당진시 읍내리,중상사고,0,1,0,0,차대차 - 측면충돌,교차로운행방법위반,건조,맑음,교차로 - 교차로안,이륜,남,82세,중상,승용,여,38세,상해없음
2019050400100373,2019년 5월 4일 14시,토요일,충청남도 천안시 서북구 두정동,경상사고,0,0,1,0,차대차 - 기타,안전운전불이행,건조,맑음,교차로 - 교차로안,기타불명,기타불명,미분류,기타불명,승용,남,25세,경상
2019050400100374,2019년 5월 4일 14시,토요일,충청남도 보령시 웅천읍,중상사고,0,1,0,0,차대사람 - 횡단중,안전운전불이행,건조,맑음,단일로 - 기타,화물,남,60세,상해없음,보행자,남,48세,중상
2019050400100419,2019년 5월 4일 15시,토요일,충청남도 천안시 서북구 쌍용동,중상사고,0,2,1,0,차대차 - 추돌,안전운전불이행,건조,맑음,단일로 - 기타,승용,남,59세,상해없음,승용,여,42세,중상
2019050400100420,2019년 5월 4일 15시,토요일,충청남도 서천군 화양면,중상사고,0,1,1,0,차량단독 - 공작물충돌,안전운전불이행,건조,맑음,교차로 - 교차로부근,승용,여,37세,중상,,,,
2019050400100421,2019년 5월 4일 15시,토요일,충청남도 태안군 남면,중상사고,0,2,3,1,차대차 - 추돌,안전운전불이행,건조,맑음,단일로 - 기타,승용,남,60세,상해없음,승용,남,22세,경상
2019050400100464,2019년 5월 4일 16시,토요일,충청남도 천안시 동남구 신부동,경상사고,0,0,2,0,차대차 - 측면충돌,차로위반,건조,맑음,단일로 - 기타,승용,남,38세,경상,승용,여,33세,경상
2019050400100494,2019년 5월 4일 17시,토요일,충청남도 서산시 해미면,중상사고,0,1,0,0,차대차 - 측면충돌,안전운전불이행,건조,맑음,교차로 - 교차로부근,승용,남,56세,상해없음,자전거,남,76세,중상
2019050400100495,2019년 5월 4일 17시,토요일,충청남도 공주시 신풍면,경상사고,0,0,2,0,차대차 - 측면충돌,중앙선침범,건조,맑음,단일로 - 기타,화물,여,45세,상해없음,승용,여,44세,경상
2019050400100496,2019년 5월 4일 17시,토요일,충청남도 공주시 유구읍,경상사고,0,0,1,0,차대차 - 추돌,안전운전불이행,건조,맑음,교차로 - 교차로부근,화물,남,75세,상해없음,승용,여,45세,경상
2019050400100574,2019년 5월 4일 19시,토요일,충청남도 천안시 서북구 백석동,경상사고,0,0,2,0,차대차 - 측면충돌,안전운전불이행,건조,맑음,교차로 - 교차로안,승용,남,64세,상해없음,승용,남,26세,경상
2019050400100575,2019년 5월 4일 19시,토요일,충청남도 공주시 유구읍,경상사고,0,0,1,0,차대차 - 추돌,안전운전불이행,건조,맑음,교차로 - 교차로안,승용,남,41세,기타불명,승용,남,53세,경상
2019050400100599,2019년 5월 4일 20시,토요일,충청남도 예산군 신암면,중상사고,0,1,0,0,차대차 - 추돌,안전운전불이행,건조,맑음,단일로 - 기타,승용,남,53세,상해없음,이륜,남,64세,중상
2019050400100600,2019년 5월 4일 20시,토요일,충청남도 금산군 금산읍,경상사고,0,0,1,0,차대차 - 측면충돌,교차로운행방법위반,건조,맑음,교차로 - 교차로안,화물,남,62세,상해없음,승용,여,64세,경상
2019050400100636,2019년 5월 4일 21시,토요일,충청남도 당진시 채운동,경상사고,0,0,1,0,차대사람 - 차도통행중,기타,건조,맑음,교차로 - 교차로부근,승용,남,26세,상해없음,보행자,남,55세,경상
2019050400100637,2019년 5월 4일 21시,토요일,충청남도 태안군 남면,중상사고,0,1,0,1,차대차 - 측면충돌,신호위반,건조,맑음,교차로 - 교차로안,승용,남,62세,상해없음,승용,여,60세,부상신고
2019050500100026,2019년 5월 5일 00시,일요일,충청남도 공주시 금학동,경상사고,0,0,2,0,차대차 - 측면충돌,교차로운행방법위반,건조,맑음,교차로 - 교차로안,화물,남,59세,상해없음,승용,남,23세,경상
2019050500100027,2019년 5월 5일 00시,일요일,충청남도 당진시 고대면,경상사고,0,0,2,0,차량단독 - 공작물충돌,안전운전불이행,건조,맑음,단일로 - 기타,승용,남,23세,상해없음,,,,
2019050500100060,2019년 5월 5일 02시,일요일,충청남도 홍성군 홍성읍,경상사고,0,0,2,0,차대차 - 추돌,안전운전불이행,건조,맑음,단일로 - 기타,승용,남,24세,상해없음,승용,남,46세,경상
2019050500100130,2019년 5월 5일 09시,일요일,충청남도 천안시 서북구 성정동,부상신고사고,0,0,0,1,차대차 - 정면충돌,안전운전불이행,건조,맑음,교차로 - 교차로안,이륜,남,24세,부상신고,승용,남,53세,상해없음
2019050500100131,2019년 5월 5일 09시,일요일,충청남도 서천군 기산면,중상사고,0,1,1,0,차대차 - 추돌,불법유턴,건조,맑음,교차로 - 교차로안,승합,남,46세,상해없음,승용,남,82세,중상
2019050500100181,2019년 5월 5일 11시,일요일,충청남도 천안시 동남구 삼룡동,경상사고,0,0,6,0,차대차 - 추돌,안전거리미확보,건조,맑음,단일로 - 기타,승용,남,28세,상해없음,승용,여,38세,경상
2019050500100210,2019년 5월 5일 12시,일요일,충청남도 논산시 화지동,중상사고,0,1,0,0,차대사람 - 차도통행중,안전운전불이행,건조,맑음,단일로 - 기타,자전거,기타불명,미분류,기타불명,보행자,여,66세,중상
2019050500100211,2019년 5월 5일 12시,일요일,충청남도 아산시 탕정면,중상사고,0,2,1,0,차대차 - 측면충돌,안전운전불이행,건조,맑음,교차로 - 교차로안,승용,남,31세,중상,승용,남,27세,경상
2019050500100212,2019년 5월 5일 12시,일요일,충청남도 예산군 예산읍,경상사고,0,0,3,0,차대차 - 측면충돌,직진우회전진행방해,건조,맑음,교차로 - 교차로부근,승용,여,35세,상해없음,승용,남,56세,경상
2019050500100253,2019년 5월 5일 13시,일요일,충청남도 서산시 인지면,중상사고,0,2,2,0,차대차 - 측면충돌,중앙선침범,건조,맑음,단일로 - 기타,승용,남,45세,경상,승용,여,33세,중상
2019050500100254,2019년 5월 5일 13시,일요일,충청남도 아산시 풍기동,경상사고,0,0,1,0,차대사람 - 횡단중,보행자보호의무위반,건조,맑음,교차로 - 교차로횡단보도내,이륜,남,67세,기타불명,보행자,남,5세,경상
2019050500100255,2019년 5월 5일 13시,일요일,충청남도 예산군 덕산면,경상사고,0,0,2,1,차대차 - 측면충돌,안전운전불이행,건조,맑음,주차장 - 주차장,승용,남,39세,상해없음,승용,남,28세,부상신고
2019050500100256,2019년 5월 5일 13시,일요일,충청남도 태안군 근흥면,경상사고,0,0,2,1,차대사람 - 기타,안전운전불이행,건조,맑음,단일로 - 기타,승용,남,64세,상해없음,보행자,남,37세,경상
2019050500100296,2019년 5월 5일 14시,일요일,충청남도 홍성군 금마면,경상사고,0,0,2,0,차대차 - 추돌,안전운전불이행,건조,맑음,교차로 - 교차로부근,승용,남,31세,상해없음,승용,남,36세,경상
2019050500100297,2019년 5월 5일 14시,일요일,충청남도 공주시 신관동,중상사고,0,2,1,0,차대차 - 측면충돌,신호위반,건조,맑음,교차로 - 교차로안,승용,여,27세,기타불명,승용,남,53세,경상
2019050500100298,2019년 5월 5일 14시,일요일,충청남도 당진시 채운동,중상사고,0,1,0,0,차대차 - 정면충돌,안전운전불이행,건조,맑음,단일로 - 기타,승용,여,44세,상해없음,자전거,여,75세,중상
2019050500100338,2019년 5월 5일 15시,일요일,충청남도 서산시 대산읍,중상사고,0,1,0,0,차대차 - 측면충돌,신호위반,건조,맑음,교차로 - 교차로안,승용,남,57세,상해없음,승용,여,58세,중상
2019050500100339,2019년 5월 5일 15시,일요일,충청남도 천안시 서북구 불당동,경상사고,0,0,2,0,차대차 - 추돌,안전거리미확보,건조,맑음,교차로 - 교차로부근,이륜,남,25세,상해없음,승용,남,33세,경상
2019050500100340,2019년 5월 5일 15시,일요일,충청남도 천안시 서북구 쌍용동,경상사고,0,0,1,0,차대차 - 측면충돌,교차로운행방법위반,건조,맑음,교차로 - 교차로안,승용,여,25세,상해없음,승용,남,35세,경상
2019050500100341,2019년 5월 5일 15시,일요일,충청남도 공주시 신관동,중상사고,0,1,0,0,차대차 - 기타,직진우회전진행방해,건조,맑음,교차로 - 교차로안,승용,여,42세,상해없음,이륜,남,47세,중상
2019050500100342,2019년 5월 5일 15시,일요일,충청남도 당진시 읍내리,경상사고,0,0,2,0,차대차 - 측면충돌,중앙선침범,건조,맑음,단일로 - 기타,승용,여,67세,상해없음,승합,남,48세,경상
2019050500100343,2019년 5월 5일 15시,일요일,충청남도 당진시 면천면,경상사고,0,0,4,0,차대차 - 정면충돌,중앙선침범,건조,맑음,단일로 - 기타,승용,남,39세,상해없음,승용,남,45세,경상
2019050500100385,2019년 5월 5일 16시,일요일,충청남도 논산시 강경읍,중상사고,0,1,0,0,차대차 - 측면충돌,중앙선침범,건조,맑음,단일로 - 기타,이륜,여,73세,상해없음,승용,남,37세,중상
2019050500100386,2019년 5월 5일 16시,일요일,충청남도 당진시 신평면,중상사고,0,1,0,0,차대사람 - 보도통행중,안전운전불이행,건조,맑음,단일로 - 기타,승용,남,46세,상해없음,보행자,여,56세,중상
2019050500100387,2019년 5월 5일 16시,일요일,충청남도 당진시 신평면,경상사고,0,0,1,0,차대사람 - 차도통행중,안전운전불이행,건조,맑음,단일로 - 기타,승용,남,44세,상해없음,보행자,남,61세,경상
2019050500100388,2019년 5월 5일 16시,일요일,충청남도 천안시 동남구 영성동,경상사고,0,0,1,0,차대차 - 측면충돌,기타,건조,맑음,교차로 - 교차로안,승용,남,22세,상해없음,승용,남,77세,상해없음
2019050500100389,2019년 5월 5일 16시,일요일,충청남도 천안시 동남구 사직동,경상사고,0,0,1,0,차대차 - 측면충돌,안전운전불이행,건조,맑음,단일로 - 기타,승용,남,58세,상해없음,이륜,남,74세,경상
2019050500100423,2019년 5월 5일 17시,일요일,충청남도 논산시 부적면,경상사고,0,0,3,0,차대차 - 추돌,안전운전불이행,건조,맑음,교차로 - 교차로부근,화물,남,52세,상해없음,승용,여,36세,경상
2019050500100424,2019년 5월 5일 17시,일요일,충청남도 부여군 부여읍,중상사고,0,1,0,0,차대차 - 측면충돌,안전운전불이행,건조,맑음,단일로 - 기타,승용,남,70세,상해없음,자전거,여,38세,중상
2019050500100457,2019년 5월 5일 18시,일요일,충청남도 서산시 해미면,부상신고사고,0,0,0,1,차대사람 - 기타,안전운전불이행,건조,맑음,교차로 - 교차로부근,기타불명,기타불명,미분류,기타불명,보행자,여,45세,부상신고
2019050500100458,2019년 5월 5일 18시,일요일,충청남도 천안시 서북구 성정동,경상사고,0,0,1,0,차대차 - 추돌,안전운전불이행,건조,맑음,단일로 - 기타,이륜,남,25세,경상,승용,남,65세,상해없음
2019050500100459,2019년 5월 5일 18시,일요일,충청남도 당진시 송악읍,중상사고,0,1,0,0,차대차 - 기타,중앙선침범,건조,맑음,단일로 - 기타,승용,남,42세,상해없음,승용,여,56세,중상
2019050500100493,2019년 5월 5일 19시,일요일,충청남도 당진시 송악읍,경상사고,0,0,1,0,차대차 - 기타,안전운전불이행,건조,맑음,교차로 - 교차로부근,승용,남,19세,상해없음,승용,남,41세,상해없음
2019050500100524,2019년 5월 5일 20시,일요일,충청남도 천안시 동남구 목천읍,중상사고,0,1,0,0,차대차 - 측면충돌,안전운전불이행,건조,맑음,단일로 - 기타,승용,남,24세,상해없음,승용,남,43세,상해없음
2019050500100556,2019년 5월 5일 21시,일요일,충청남도 홍성군 홍북읍,중상사고,0,1,0,0,차대차 - 측면충돌,중앙선침범,건조,맑음,교차로 - 교차로부근,승용,여,65세,상해없음,승용,남,62세,중상
2019050500100557,2019년 5월 5일 21시,일요일,충청남도 보령시 대천동,중상사고,0,1,0,0,차대사람 - 기타,신호위반,건조,맑음,단일로 - 교량,이륜,남,45세,상해없음,보행자,남,61세,중상
2019050500100587,2019년 5월 5일 22시,일요일,충청남도 서산시 석림동,경상사고,0,0,3,0,차대차 - 측면충돌,안전운전불이행,건조,맑음,단일로 - 기타,승용,남,38세,경상,승용,남,21세,경상
2019050500100611,2019년 5월 5일 23시,일요일,충청남도 아산시 모종동,경상사고,0,0,2,0,차대차 - 측면충돌,안전운전불이행,건조,맑음,교차로 - 교차로안,승합,여,50세,상해없음,승용,남,30세,경상
2019050500100612,2019년 5월 5일 23시,일요일,충청남도 천안시 동남구 구성동,경상사고,0,0,1,0,차대차 - 측면충돌,신호위반,건조,맑음,교차로 - 교차로안,승용,남,64세,상해없음,승용,남,53세,경상
2019050600100062,2019년 5월 6일 02시,월요일,충청남도 논산시 대교동,중상사고,0,1,1,0,차대차 - 측면충돌,신호위반,건조,맑음,교차로 - 교차로안,화물,남,48세,경상,승용,여,42세,중상
2019050600100078,2019년 5월 6일 04시,월요일,충청남도 천안시 동남구 신부동,중상사고,0,1,0,0,차대사람 - 기타,안전운전불이행,건조,맑음,단일로 - 기타,승용,남,52세,상해없음,보행자,여,23세,중상
2019050600100085,2019년 5월 6일 05시,월요일,충청남도 보령시 신흑동,경상사고,0,0,2,0,차대차 - 후진중충돌,안전운전불이행,건조,맑음,단일로 - 기타,승용,남,49세,상해없음,승용,남,25세,경상
2019050600100092,2019년 5월 6일 06시,월요일,충청남도 서산시 대산읍,경상사고,0,0,1,0,차대차 - 측면충돌,안전운전불이행,건조,맑음,교차로 - 교차로부근,승용,남,54세,상해없음,승용,남,50세,경상
2019050600100099,2019년 5월 6일 07시,월요일,충청남도 당진시 송악읍,경상사고,0,0,1,0,차대차 - 측면충돌,중앙선침범,건조,맑음,단일로 - 기타,승용,남,29세,상해없음,승용,여,30세,경상
2019050600100116,2019년 5월 6일 08시,월요일,충청남도 서산시 운산면,경상사고,0,0,1,0,차대차 - 추돌,안전운전불이행,건조,맑음,단일로 - 기타,승용,남,58세,상해없음,승용,남,66세,상해없음
2019050600100131,2019년 5월 6일 09시,월요일,충청남도 천안시 서북구 성환읍,경상사고,0,0,1,0,차대차 - 측면충돌,중앙선침범,건조,맑음,교차로 - 교차로부근,승용,여,20세,상해없음,승용,남,55세,경상
2019050600100132,2019년 5월 6일 09시,월요일,충청남도 예산군 대술면,경상사고,0,0,1,0,차대차 - 기타,안전거리미확보,건조,맑음,단일로 - 기타,승용,남,40세,경상,승용,남,56세,상해없음
2019050600100157,2019년 5월 6일 10시,월요일,충청남도 논산시 양촌면,중상사고,0,1,0,0,차대차 - 추돌,안전운전불이행,건조,맑음,교차로 - 교차로부근,화물,남,57세,상해없음,자전거,여,66세,중상
2019050600100158,2019년 5월 6일 10시,월요일,충청남도 논산시 취암동,중상사고,0,1,0,0,차량단독 - 공작물충돌,안전운전불이행,건조,맑음,단일로 - 기타,자전거,남,19세,중상,,,,
2019050600100180,2019년 5월 6일 11시,월요일,충청남도 아산시 영인면,중상사고,0,1,0,0,차대차 - 기타,중앙선침범,기타,맑음,단일로 - 기타,화물,남,50세,상해없음,화물,남,50세,중상
2019050600100214,2019년 5월 6일 12시,월요일,충청남도 당진시 합덕읍,경상사고,0,0,1,0,차대차 - 측면충돌,안전운전불이행,건조,맑음,교차로 - 교차로안,승용,여,48세,상해없음,승용,남,76세,경상
2019050600100246,2019년 5월 6일 13시,월요일,충청남도 천안시 서북구 백석동,경상사고,0,0,1,0,차대차 - 추돌,안전거리미확보,적설,맑음,단일로 - 기타,승용,남,44세,상해없음,승용,남,36세,상해없음
2019050600100247,2019년 5월 6일 13시,월요일,충청남도 아산시 인주면,경상사고,0,0,2,0,차대차 - 기타,안전운전불이행,건조,맑음,교차로 - 교차로안,승용,여,45세,기타불명,화물,남,63세,경상
2019050600100248,2019년 5월 6일 13시,월요일,충청남도 공주시 우성면,경상사고,0,0,1,0,차대차 - 측면충돌,안전운전불이행,건조,맑음,단일로 - 기타,화물,남,47세,상해없음,승용,남,55세,경상
2019050600100293,2019년 5월 6일 14시,월요일,충청남도 보령시 신흑동,경상사고,0,0,1,0,차대사람 - 횡단중,안전운전불이행,건조,맑음,단일로 - 기타,원동기,여,16세,기타불명,보행자,여,20세,경상
2019050600100294,2019년 5월 6일 14시,월요일,충청남도 천안시 동남구 신방동,경상사고,0,0,1,0,차대차 - 측면충돌,교차로운행방법위반,건조,맑음,교차로 - 교차로안,승용,남,26세,상해없음,이륜,남,24세,경상
2019050600100295,2019년 5월 6일 14시,월요일,충청남도 천안시 동남구 원성동,경상사고,0,0,1,0,차대차 - 기타,안전운전불이행,건조,맑음,교차로 - 교차로안,승용,여,46세,상해없음,이륜,남,57세,경상
2019050600100338,2019년 5월 6일 15시,월요일,충청남도 서산시 인지면,경상사고,0,0,3,0,차대차 - 추돌,안전운전불이행,건조,맑음,단일로 - 기타,화물,남,60세,상해없음,승용,여,31세,경상
2019050600100339,2019년 5월 6일 15시,월요일,충청남도 공주시 사곡면,중상사고,0,1,5,0,차대차 - 측면충돌,중앙선침범,건조,맑음,기타 - 기타,이륜,남,43세,중상,승용,남,42세,경상
2019050600100379,2019년 5월 6일 16시,월요일,충청남도 당진시 원당리,중상사고,0,1,0,0,차대차 - 기타,안전운전불이행,건조,맑음,단일로 - 기타,승용,남,24세,상해없음,이륜,남,35세,중상
2019050600100424,2019년 5월 6일 17시,월요일,충청남도 천안시 서북구 성거읍,경상사고,0,0,3,0,차대차 - 기타,안전거리미확보,건조,맑음,단일로 - 기타,승용,남,70세,상해없음,승용,여,63세,경상