사고번호,사고일시,요일,시군구,사고내용,사망자수,중상자수,경상자수,부상신고자수,사고유형,법규위반,노면상태,기상상태,도로형태,가해운전자 차종,가해운전자 성별,가해운전자 연령,가해운전자 상해정도,피해운전자 차종,피해운전자 성별,피해운전자 연령,피해운전자 상해정도
2019050600100466,2019년 5월 6일 18시,월요일,충청남도 천안시 서북구 쌍용동,중상사고,0,1,1,0,차대사람 - 횡단중,보행자보호의무위반,건조,맑음,교차로 - 교차로안,화물,남,47세,상해없음,보행자,여,29세,경상
2019050600100467,2019년 5월 6일 18시,월요일,충청남도 서천군 서천읍,경상사고,0,0,3,0,차대차 - 측면충돌,안전운전불이행,건조,맑음,단일로 - 기타,승용,남,65세,경상,승용,남,52세,경상
2019050600100500,2019년 5월 6일 19시,월요일,충청남도 천안시 서북구 두정동,경상사고,0,0,1,0,차대차 - 측면충돌,안전거리미확보,건조,맑음,단일로 - 기타,이륜,남,49세,상해없음,이륜,남,34세,경상
2019050600100502,2019년 5월 6일 19시,월요일,충청남도 당진시 시곡리,경상사고,0,0,1,0,차대차 - 추돌,안전운전불이행,건조,맑음,단일로 - 기타,승용,여,63세,상해없음,승용,남,68세,상해없음
2019050600100503,2019년 5월 6일 19시,월요일,충청남도 천안시 동남구 신부동,경상사고,0,0,1,0,차대차 - 측면충돌,안전운전불이행,건조,맑음,교차로 - 교차로부근,이륜,남,22세,경상,승용,남,48세,상해없음
2019050600100534,2019년 5월 6일 20시,월요일,충청남도 당진시 채운동,중상사고,0,1,0,0,차대사람 - 기타,안전운전불이행,건조,맑음,교차로 - 교차로안,특수,남,41세,상해없음,보행자,여,73세,중상
2019050600100560,2019년 5월 6일 21시,월요일,충청남도 계룡시 엄사면,중상사고,0,1,0,0,차대차 - 기타,안전운전불이행,건조,맑음,교차로 - 교차로안,승용,여,48세,상해없음,승용,여,51세,중상
2019050600100561,2019년 5월 6일 21시,월요일,충청남도 홍성군 홍북읍,중상사고,0,1,1,0,차대차 - 측면충돌,신호위반,건조,맑음,교차로 - 교차로안,승용,남,19세,상해없음,승용,여,28세,경상
2019050600100584,2019년 5월 6일 22시,월요일,충청남도 서산시 동문동,중상사고,0,1,0,0,차대차 - 측면충돌,안전운전불이행,건조,맑음,단일로 - 기타,이륜,남,18세,중상,승용,남,23세,상해없음
2019050700100141,2019년 5월 7일 08시,화요일,충청남도 천안시 서북구 두정동,경상사고,0,0,1,0,차대차 - 측면충돌,안전운전불이행,건조,맑음,교차로 - 교차로안,건설기계,남,46세,상해없음,승용,여,27세,경상
2019050700100142,2019년 5월 7일 08시,화요일,충청남도 아산시 권곡동,경상사고,0,0,1,0,차대차 - 정면충돌,중앙선침범,건조,맑음,교차로 - 교차로부근,승용,여,25세,상해없음,승용,남,29세,상해없음
2019050700100190,2019년 5월 7일 09시,화요일,충청남도 서산시 읍내동,중상사고,0,2,0,0,차대차 - 추돌,안전운전불이행,건조,맑음,교차로 - 교차로안,화물,남,49세,상해없음,승용,여,50세,중상
2019050700100191,2019년 5월 7일 09시,화요일,충청남도 부여군 외산면,중상사고,0,2,0,0,차대차 - 측면충돌,신호위반,건조,맑음,교차로 - 교차로안,승용,남,34세,상해없음,승합,남,61세,상해없음
2019050700100192,2019년 5월 7일 09시,화요일,충청남도 당진시 합덕읍,경상사고,0,0,1,0,차대차 - 측면충돌,직진우회전진행방해,건조,맑음,교차로 - 교차로안,화물,남,64세,상해없음,승용,남,48세,경상
2019050700100193,2019년 5월 7일 09시,화요일,충청남도 금산군 추부면,경상사고,0,0,2,0,차대차 - 정면충돌,안전운전불이행,건조,맑음,교차로 - 교차로안,승합,남,28세,경상,승용,남,28세,경상
2019050700100194,2019년 5월 7일 09시,화요일,충청남도 천안시 동남구 원성동,중상사고,0,1,0,0,차대사람 - 횡단중,신호위반,건조,맑음,교차로 - 교차로횡단보도내,승용,남,75세,상해없음,보행자,여,68세,중상
2019050700100235,2019년 5월 7일 10시,화요일,충청남도 천안시 서북구 신당동,경상사고,0,0,1,0,차대차 - 추돌,안전운전불이행,건조,맑음,교차로 - 교차로부근,화물,남,43세,상해없음,화물,남,52세,경상
2019050700100236,2019년 5월 7일 10시,화요일,충청남도 보령시 동대동,경상사고,0,0,1,0,차대사람 - 횡단중,기타,건조,맑음,기타 - 기타,승용,남,61세,상해없음,보행자,여,37세,경상
2019050700100307,2019년 5월 7일 12시,화요일,충청남도 아산시 온천동,경상사고,0,0,1,0,차대차 - 기타,안전운전불이행,건조,맑음,교차로 - 교차로안,화물,남,39세,상해없음,승용,남,22세,상해없음
2019050700100353,2019년 5월 7일 13시,화요일,충청남도 부여군 홍산면,중상사고,0,1,0,0,차대사람 - 기타,안전운전불이행,건조,맑음,단일로 - 기타,화물,남,65세,상해없음,보행자,여,88세,중상
2019050700100354,2019년 5월 7일 13시,화요일,충청남도 당진시 수청리,경상사고,0,0,1,0,차대차 - 추돌,안전거리미확보,건조,맑음,교차로 - 교차로부근,승용,남,66세,상해없음,승용,여,39세,경상
2019050700100389,2019년 5월 7일 14시,화요일,충청남도 서천군 서천읍,경상사고,0,0,1,0,차대차 - 측면충돌,직진우회전진행방해,건조,맑음,교차로 - 교차로안,자전거,남,72세,경상,승용,남,44세,상해없음
2019050700100390,2019년 5월 7일 14시,화요일,충청남도 당진시 사기소리,경상사고,0,0,1,0,차대차 - 정면충돌,중앙선침범,건조,맑음,단일로 - 기타,승용,남,70세,상해없음,화물,남,41세,경상
2019050700100429,2019년 5월 7일 15시,화요일,충청남도 천안시 서북구 직산읍,경상사고,0,0,1,0,차대차 - 측면충돌,안전운전불이행,건조,맑음,교차로 - 교차로안,화물,남,44세,상해없음,화물,남,68세,경상
2019050700100430,2019년 5월 7일 15시,화요일,충청남도 서천군 서천읍,중상사고,0,1,0,0,차대차 - 측면충돌,중앙선침범,건조,맑음,단일로 - 기타,승합,여,41세,상해없음,이륜,남,80세,중상
2019050700100431,2019년 5월 7일 15시,화요일,충청남도 공주시 정안면,중상사고,0,1,0,0,차량단독 - 도로외이탈 - 추락,안전운전불이행,건조,맑음,교차로 - 교차로안,농기계,남,79세,중상,,,,
2019050700100432,2019년 5월 7일 15시,화요일,충청남도 부여군 부여읍,경상사고,0,0,1,0,차대사람 - 횡단중,보행자보호의무위반,건조,맑음,교차로 - 교차로부근,승용,여,37세,상해없음,보행자,남,8세,경상
2019050700100474,2019년 5월 7일 16시,화요일,충청남도 공주시 이인면,중상사고,0,1,0,0,차대차 - 측면충돌,안전운전불이행,건조,맑음,교차로 - 교차로안,화물,남,74세,상해없음,이륜,여,54세,중상
2019050700100476,2019년 5월 7일 16시,화요일,충청남도 천안시 동남구 풍세면,부상신고사고,0,0,0,1,차대차 - 기타,안전운전불이행,건조,맑음,단일로 - 기타,승용,여,34세,부상신고,화물,남,66세,상해없음
2019050700100571,2019년 5월 7일 18시,화요일,충청남도 논산시 취암동,경상사고,0,0,1,0,차대차 - 측면충돌,신호위반,건조,맑음,교차로 - 교차로안,화물,남,68세,상해없음,승용,여,53세,경상
2019050700100572,2019년 5월 7일 18시,화요일,충청남도 공주시 신풍면,경상사고,0,0,1,0,차량단독 - 전도전복 - 전도,안전운전불이행,건조,맑음,단일로 - 기타,이륜,여,64세,경상,,,,
2019050700100625,2019년 5월 7일 19시,화요일,충청남도 서산시 대산읍,경상사고,0,0,1,0,차대차 - 측면충돌,중앙선침범,건조,맑음,단일로 - 기타,화물,여,33세,상해없음,승합,남,61세,경상
2019050700100626,2019년 5월 7일 19시,화요일,충청남도 서산시 수석동,중상사고,0,1,0,0,차대차 - 추돌,안전운전불이행,건조,맑음,단일로 - 기타,승용,여,50세,기타불명,승용,남,47세,중상
2019050700100627,2019년 5월 7일 19시,화요일,충청남도 천안시 동남구 삼룡동,중상사고,0,2,0,0,차대차 - 기타,차로위반,건조,맑음,단일로 - 기타,화물,남,76세,상해없음,이륜,남,56세,중상
2019050700100628,2019년 5월 7일 19시,화요일,충청남도 천안시 동남구 청당동,경상사고,0,0,2,0,차대차 - 측면충돌,안전운전불이행,건조,맑음,단일로 - 기타,승용,여,41세,상해없음,승용,여,47세,경상
2019050700100688,2019년 5월 7일 21시,화요일,충청남도 천안시 동남구 신부동,경상사고,0,0,1,0,차대사람 - 기타,안전운전불이행,건조,맑음,단일로 - 기타,승용,남,48세,상해없음,보행자,여,31세,경상
2019050700100730,2019년 5월 7일 23시,화요일,충청남도 논산시 내동,경상사고,0,0,1,0,차대차 - 측면충돌,안전운전불이행,건조,맑음,교차로 - 교차로안,이륜,남,17세,경상,승용,남,39세,상해없음
2019050800100066,2019년 5월 8일 05시,수요일,충청남도 천안시 서북구 입장면,사망사고,1,0,1,0,차대차 - 추돌,안전운전불이행,건조,맑음,단일로 - 기타,화물,남,52세,상해없음,화물,남,54세,사망
2019050800100075,2019년 5월 8일 06시,수요일,충청남도 공주시 정안면,중상사고,0,1,1,0,차대차 - 추돌,과속,건조,맑음,단일로 - 기타,승용,남,29세,중상,특수,남,46세,경상
2019050800100092,2019년 5월 8일 07시,수요일,충청남도 아산시 영인면,중상사고,0,1,0,0,차대차 - 기타,안전운전불이행,건조,맑음,교차로 - 교차로안,승용,여,40세,상해없음,화물,남,77세,중상
2019050800100138,2019년 5월 8일 08시,수요일,충청남도 서산시 대산읍,경상사고,0,0,1,0,차대차 - 측면충돌,안전거리미확보,건조,맑음,교차로 - 교차로안,화물,남,56세,상해없음,승합,여,20세,경상
2019050800100139,2019년 5월 8일 08시,수요일,충청남도 아산시 배방읍,중상사고,0,2,0,0,차대차 - 기타,신호위반,건조,맑음,교차로 - 교차로안,승용,여,26세,상해없음,승용,여,45세,중상
2019050800100140,2019년 5월 8일 08시,수요일,충청남도 당진시 읍내리,중상사고,0,1,0,0,차대차 - 측면충돌,안전운전불이행,건조,맑음,교차로 - 교차로안,승용,여,24세,상해없음,자전거,여,18세,중상
2019050800100174,2019년 5월 8일 09시,수요일,충청남도 당진시 합덕읍,중상사고,0,1,0,0,차대차 - 측면충돌,직진우회전진행방해,건조,맑음,교차로 - 교차로안,승용,여,68세,상해없음,이륜,남,67세,중상
2019050800100226,2019년 5월 8일 10시,수요일,충청남도 천안시 서북구 불당동,경상사고,0,0,1,0,차대사람 - 횡단중,신호위반,건조,맑음,교차로 - 교차로부근,승용,여,41세,상해없음,보행자,여,26세,경상
2019050800100227,2019년 5월 8일 10시,수요일,충청남도 천안시 동남구 삼룡동,경상사고,0,0,1,0,차대차 - 측면충돌,안전운전불이행,건조,맑음,단일로 - 기타,승용,남,70세,상해없음,승용,남,33세,경상
2019050800100261,2019년 5월 8일 11시,수요일,충청남도 당진시 채운동,중상사고,0,1,0,0,차대사람 - 횡단중,보행자보호의무위반,건조,맑음,교차로 - 교차로횡단보도내,승용,여,66세,상해없음,보행자,남,80세,중상
2019050800100295,2019년 5월 8일 12시,수요일,충청남도 보령시 동대동,중상사고,0,1,0,0,차대차 - 측면충돌,직진우회전진행방해,건조,맑음,교차로 - 교차로안,승용,남,21세,상해없음,승용,여,42세,중상
2019050800100296,2019년 5월 8일 12시,수요일,충청남도 천안시 동남구 대흥동,경상사고,0,0,1,0,차대차 - 측면충돌,안전운전불이행,건조,맑음,교차로 - 교차로부근,이륜,남,45세,경상,승용,남,64세,상해없음
2019050800100360,2019년 5월 8일 14시,수요일,충청남도 천안시 서북구 성거읍,경상사고,0,0,2,0,차대차 - 추돌,안전거리미확보,건조,맑음,교차로 - 교차로안,승합,남,54세,상해없음,승용,남,46세,경상
2019050800100392,2019년 5월 8일 15시,수요일,충청남도 천안시 서북구 불당동,경상사고,0,0,1,0,차대차 - 측면충돌,교차로운행방법위반,건조,맑음,교차로 - 교차로안,승용,여,61세,상해없음,승용,남,36세,경상
2019050800100393,2019년 5월 8일 15시,수요일,충청남도 천안시 서북구 불당동,경상사고,0,0,1,0,차대차 - 측면충돌,안전운전불이행,건조,맑음,단일로 - 기타,승용,남,29세,상해없음,승용,남,72세,경상
2019050800100394,2019년 5월 8일 15시,수요일,충청남도 아산시 탕정면,경상사고,0,0,1,0,차대차 - 기타,안전운전불이행,건조,맑음,단일로 - 기타,화물,남,51세,상해없음,승용,여,56세,경상
2019050800100395,2019년 5월 8일 15시,수요일,충청남도 천안시 동남구 구성동,경상사고,0,0,1,0,차대차 - 측면충돌,직진우회전진행방해,건조,맑음,교차로 - 교차로안,승용,남,81세,상해없음,승용,여,40세,경상
2019050800100396,2019년 5월 8일 15시,수요일,충청남도 태안군 안면읍,중상사고,0,2,0,0,차대차 - 측면충돌,교차로운행방법위반,건조,맑음,교차로 - 교차로안,화물,남,66세,중상,승용,남,21세,중상
2019050800100444,2019년 5월 8일 16시,수요일,충청남도 천안시 서북구 쌍용동,경상사고,0,0,1,1,차대차 - 기타,직진우회전진행방해,건조,맑음,교차로 - 교차로안,승용,여,36세,상해없음,승용,남,58세,상해없음
2019050800100445,2019년 5월 8일 16시,수요일,충청남도 천안시 서북구 성성동,경상사고,0,0,1,0,차대차 - 추돌,안전운전불이행,건조,맑음,교차로 - 교차로부근,승용,여,63세,상해없음,승용,여,47세,경상
2019050800100446,2019년 5월 8일 16시,수요일,충청남도 아산시 둔포면,부상신고사고,0,0,0,1,차량단독 - 기타,안전운전불이행,건조,맑음,단일로 - 기타,화물,남,64세,부상신고,,,,
2019050800100447,2019년 5월 8일 16시,수요일,충청남도 당진시 채운동,중상사고,0,1,0,0,차대차 - 측면충돌,직진우회전진행방해,건조,맑음,교차로 - 교차로안,화물,남,46세,상해없음,이륜,남,81세,중상
2019050800100489,2019년 5월 8일 17시,수요일,충청남도 천안시 서북구 성성동,경상사고,0,0,1,0,차대차 - 기타,안전거리미확보,건조,맑음,교차로 - 교차로부근,승용,남,59세,상해없음,승용,남,41세,경상
2019050800100490,2019년 5월 8일 17시,수요일,충청남도 아산시 배미동,중상사고,0,1,0,0,차대사람 - 기타,안전운전불이행,건조,맑음,주차장 - 주차장,승용,여,43세,상해없음,보행자,여,4세,중상
2019050800100491,2019년 5월 8일 17시,수요일,충청남도 아산시 음봉면,경상사고,0,0,2,0,차대차 - 측면충돌,중앙선침범,건조,맑음,단일로 - 기타,승용,남,64세,상해없음,승용,남,30세,경상
2019050800100540,2019년 5월 8일 18시,수요일,충청남도 논산시 내동,경상사고,0,0,1,0,차대사람 - 횡단중,안전운전불이행,건조,맑음,교차로 - 교차로횡단보도내,승용,남,75세,상해없음,보행자,여,17세,경상
2019050800100541,2019년 5월 8일 18시,수요일,충청남도 천안시 동남구 신방동,경상사고,0,0,1,0,차대차 - 후진중충돌,안전운전불이행,건조,맑음,교차로 - 교차로안,승용,남,29세,상해없음,화물,여,45세,경상
2019050800100583,2019년 5월 8일 19시,수요일,충청남도 아산시 풍기동,중상사고,0,1,0,0,차대차 - 측면충돌,신호위반,건조,맑음,교차로 - 교차로안,승용,여,27세,상해없음,화물,남,21세,중상
2019050800100624,2019년 5월 8일 20시,수요일,충청남도 논산시 대교동,중상사고,0,1,0,0,차대사람 - 횡단중,안전운전불이행,건조,맑음,교차로 - 교차로안,화물,남,47세,상해없음,보행자,여,50세,중상
2019050800100625,2019년 5월 8일 20시,수요일,충청남도 논산시 부적면,중상사고,0,1,0,0,차대차 - 추돌,안전운전불이행,건조,맑음,단일로 - 기타,승용,여,61세,상해없음,농기계,남,68세,중상
2019050800100626,2019년 5월 8일 20시,수요일,충청남도 아산시 온천동,중상사고,0,1,0,0,차대사람 - 기타,안전운전불이행,건조,맑음,교차로 - 교차로부근,승용,남,28세,상해없음,보행자,남,42세,중상
2019050800100662,2019년 5월 8일 21시,수요일,충청남도 아산시 영인면,경상사고,0,0,1,0,차대차 - 추돌,안전운전불이행,건조,맑음,교차로 - 교차로안,기타불명,기타불명,미분류,기타불명,승용,여,43세,경상
2019050800100684,2019년 5월 8일 22시,수요일,충청남도 천안시 서북구 쌍용동,경상사고,0,0,1,0,차대차 - 기타,안전운전불이행,건조,맑음,교차로 - 교차로부근,승용,여,68세,상해없음,승용,남,45세,경상
2019050800100685,2019년 5월 8일 22시,수요일,충청남도 아산시 용화동,중상사고,0,1,0,0,차대사람 - 길가장자리구역통행중,안전운전불이행,건조,맑음,교차로 - 교차로부근,승용,남,41세,기타불명,보행자,남,46세,중상
2019050800100686,2019년 5월 8일 22시,수요일,충청남도 천안시 동남구 신방동,경상사고,0,0,1,0,차대차 - 측면충돌,안전운전불이행,건조,맑음,단일로 - 기타,승용,남,37세,상해없음,승용,남,45세,경상
2019050900100032,2019년 5월 9일 00시,목요일,충청남도 아산시 둔포면,경상사고,0,0,2,0,차대차 - 추돌,안전운전불이행,건조,맑음,교차로 - 교차로부근,승용,남,39세,상해없음,승용,남,38세,경상
2019050900100073,2019년 5월 9일 06시,목요일,충청남도 태안군 태안읍,중상사고,0,1,0,0,차대차 - 측면충돌,신호위반,건조,맑음,교차로 - 교차로안,승용,남,22세,상해없음,승용,남,64세,중상
2019050900100137,2019년 5월 9일 08시,목요일,충청남도 천안시 서북구 불당동,경상사고,0,0,1,0,차대차 - 후진중충돌,안전운전불이행,건조,맑음,교차로 - 교차로안,승용,남,64세,상해없음,승용,여,23세,경상
2019050900100184,2019년 5월 9일 09시,목요일,충청남도 서산시 동문동,중상사고,0,1,1,0,차대차 - 측면충돌,안전운전불이행,건조,맑음,교차로 - 교차로안,승용,여,52세,중상,승용,여,56세,경상
2019050900100185,2019년 5월 9일 09시,목요일,충청남도 보령시 대천동,중상사고,0,1,0,0,차대차 - 측면충돌,직진우회전진행방해,건조,맑음,교차로 - 교차로안,승용,남,62세,상해없음,이륜,남,81세,중상
2019050900100218,2019년 5월 9일 10시,목요일,충청남도 당진시 합덕읍,중상사고,0,1,0,0,차대차 - 기타,안전운전불이행,건조,맑음,단일로 - 기타,화물,남,58세,상해없음,이륜,여,79세,중상
2019050900100245,2019년 5월 9일 11시,목요일,충청남도 천안시 서북구 불당동,경상사고,0,0,1,0,차대차 - 측면충돌,차로위반,건조,맑음,교차로 - 교차로부근,승용,여,48세,상해없음,승용,여,47세,경상
2019050900100246,2019년 5월 9일 11시,목요일,충청남도 보령시 신흑동,중상사고,0,1,0,0,차대차 - 기타,안전운전불이행,건조,맑음,단일로 - 기타,승용,남,62세,상해없음,이륜,남,17세,중상
2019050900100247,2019년 5월 9일 11시,목요일,충청남도 천안시 동남구 풍세면,경상사고,0,0,3,0,차대차 - 추돌,안전운전불이행,건조,맑음,단일로 - 기타,건설기계,남,63세,상해없음,화물,남,49세,경상
2019050900100279,2019년 5월 9일 12시,목요일,충청남도 천안시 서북구 쌍용동,경상사고,0,0,1,0,차대차 - 후진중충돌,안전운전불이행,건조,맑음,단일로 - 기타,승용,남,75세,상해없음,승용,여,26세,경상
2019050900100280,2019년 5월 9일 12시,목요일,충청남도 보령시 신흑동,중상사고,0,1,0,0,차대차 - 측면충돌,교차로운행방법위반,건조,맑음,교차로 - 교차로안,화물,남,28세,상해없음,원동기,남,44세,중상
2019050900100281,2019년 5월 9일 12시,목요일,충청남도 예산군 예산읍,경상사고,0,0,1,0,차대차 - 추돌,안전거리미확보,건조,맑음,단일로 - 기타,승용,여,56세,상해없음,승용,남,80세,경상
2019050900100313,2019년 5월 9일 13시,목요일,충청남도 천안시 서북구 성정동,경상사고,0,0,1,0,차대차 - 측면충돌,교차로운행방법위반,건조,맑음,교차로 - 교차로안,승용,여,27세,경상,승용,여,39세,상해없음
2019050900100314,2019년 5월 9일 13시,목요일,충청남도 논산시 은진면,중상사고,0,2,1,0,차대차 - 추돌,안전운전불이행,건조,맑음,교차로 - 교차로부근,화물,남,58세,상해없음,승용,남,55세,중상
2019050900100315,2019년 5월 9일 13시,목요일,충청남도 아산시 배방읍,중상사고,0,1,0,0,차대차 - 측면충돌,안전운전불이행,건조,맑음,교차로 - 교차로안,승용,남,29세,상해없음,이륜,남,68세,중상
2019050900100316,2019년 5월 9일 13시,목요일,충청남도 서천군 서천읍,중상사고,0,2,0,0,차대차 - 측면충돌,직진우회전진행방해,건조,맑음,교차로 - 교차로안,이륜,남,85세,중상,승용,여,27세,상해없음
2019050900100387,2019년 5월 9일 15시,목요일,충청남도 당진시 합덕읍,중상사고,0,1,0,0,차량단독 - 기타,안전운전불이행,건조,맑음,단일로 - 기타,화물,남,58세,중상,,,,
2019050900100466,2019년 5월 9일 17시,목요일,충청남도 서산시 양대동,경상사고,0,0,1,0,차대사람 - 기타,안전운전불이행,건조,맑음,주차장 - 주차장,승용,남,54세,기타불명,보행자,남,1세,경상
2019050900100467,2019년 5월 9일 17시,목요일,충청남도 천안시 서북구 두정동,중상사고,0,1,0,0,차대차 - 측면충돌,안전운전불이행,건조,맑음,단일로 - 고가도로위,이륜,남,34세,중상,승용,여,47세,상해없음
2019050900100468,2019년 5월 9일 17시,목요일,충청남도 천안시 서북구 성정동,경상사고,0,0,2,0,차대차 - 추돌,안전운전불이행,건조,맑음,단일로 - 고가도로위,승용,남,30세,상해없음,승용,여,50세,경상
2019050900100469,2019년 5월 9일 17시,목요일,충청남도 천안시 서북구 백석동,경상사고,0,0,1,0,차대차 - 측면충돌,안전거리미확보,건조,맑음,교차로 - 교차로안,승용,여,51세,상해없음,승용,여,41세,경상
2019050900100524,2019년 5월 9일 18시,목요일,충청남도 서산시 예천동,중상사고,0,1,0,0,차대차 - 추돌,안전운전불이행,건조,맑음,교차로 - 교차로안,화물,남,49세,상해없음,승용,여,46세,중상
2019050900100525,2019년 5월 9일 18시,목요일,충청남도 천안시 서북구 두정동,중상사고,0,2,0,0,차대차 - 측면충돌,안전거리미확보,건조,맑음,단일로 - 기타,승용,여,23세,상해없음,승용,남,56세,중상
2019050900100526,2019년 5월 9일 18시,목요일,충청남도 천안시 서북구 쌍용동,경상사고,0,0,1,0,차대사람 - 횡단중,안전운전불이행,건조,맑음,단일로 - 기타,승용,남,39세,상해없음,보행자,여,8세,경상
2019050900100560,2019년 5월 9일 19시,목요일,충청남도 아산시 도고면,경상사고,0,0,1,0,차대차 - 추돌,안전운전불이행,건조,맑음,단일로 - 기타,승용,여,33세,상해없음,승용,남,26세,경상
2019050900100589,2019년 5월 9일 20시,목요일,충청남도 천안시 동남구 신부동,경상사고,0,0,1,0,차대사람 - 기타,안전운전불이행,건조,맑음,기타 - 기타,승합,남,50세,상해없음,보행자,남,61세,경상
2019051000100158,2019년 5월 10일 08시,금요일,충청남도 천안시 서북구 백석동,경상사고,0,0,1,0,차대차 - 측면충돌,안전운전불이행,건조,맑음,교차로 - 교차로안,승용,남,35세,상해없음,승용,여,34세,경상
2019051000100159,2019년 5월 10일 08시,금요일,충청남도 아산시 송악면,경상사고,0,0,1,0,차대차 - 측면충돌,안전운전불이행,건조,맑음,교차로 - 교차로안,승용,남,76세,상해없음,승용,여,35세,경상
2019051000100198,2019년 5월 10일 09시,금요일,충청남도 태안군 태안읍,중상사고,0,2,0,0,차대차 - 추돌,안전거리미확보,건조,맑음,단일로 - 기타,화물,남,58세,상해없음,승용,여,65세,중상
2019051000100231,2019년 5월 10일 10시,금요일,충청남도 서산시 동문동,중상사고,0,1,0,0,차대사람 - 기타,보행자보호의무위반,건조,맑음,주차장 - 주차장,승용,여,55세,상해없음,보행자,여,52세,중상
2019051000100259,2019년 5월 10일 11시,금요일,충청남도 천안시 서북구 차암동,경상사고,0,0,1,0,차대차 - 측면충돌,안전운전불이행,건조,맑음,교차로 - 교차로안,승용,여,62세,상해없음,승용,남,61세,경상
2019051000100285,2019년 5월 10일 12시,금요일,충청남도 논산시 강산동,중상사고,0,1,0,0,차대차 - 추돌,안전운전불이행,건조,맑음,교차로 - 교차로부근,승용,남,76세,상해없음,승용,남,25세,중상
2019051000100287,2019년 5월 10일 12시,금요일,충청남도 태안군 원북면,중상사고,0,2,0,0,차대차 - 측면충돌,안전운전불이행,건조,맑음,단일로 - 기타,화물,남,57세,상해없음,이륜,남,69세,중상
2019051000100422,2019년 5월 10일 15시,금요일,충청남도 천안시 서북구 성정동,경상사고,0,0,1,0,차대차 - 측면충돌,안전운전불이행,건조,맑음,기타 - 기타,승용,여,59세,상해없음,이륜,여,46세,경상
2019051000100423,2019년 5월 10일 15시,금요일,충청남도 아산시 온천동,중상사고,0,1,0,0,차대사람 - 기타,중앙선침범,기타,맑음,단일로 - 기타,승용,여,39세,상해없음,보행자,여,23세,중상
2019051000100424,2019년 5월 10일 15시,금요일,충청남도 청양군 정산면,중상사고,0,1,0,0,차량단독 - 도로외이탈 - 추락,안전운전불이행,건조,맑음,단일로 - 기타,화물,여,71세,중상,,,,
2019051000100466,2019년 5월 10일 16시,금요일,충청남도 아산시 음봉면,경상사고,0,0,1,0,차대차 - 기타,차로위반,건조,맑음,기타 - 기타,승합,남,56세,상해없음,화물,남,42세,경상
2019051000100467,2019년 5월 10일 16시,금요일,충청남도 공주시 소학동,중상사고,0,1,0,0,차대차 - 기타,안전운전불이행,건조,맑음,단일로 - 기타,이륜,남,76세,중상,승용,남,65세,상해없음
2019051000100468,2019년 5월 10일 16시,금요일,충청남도 천안시 동남구 목천읍,경상사고,0,0,3,0,차대차 - 정면충돌,중앙선침범,건조,맑음,단일로 - 기타,화물,남,60세,상해없음,승합,남,30세,경상
2019051000100558,2019년 5월 10일 18시,금요일,충청남도 서산시 대산읍,경상사고,0,0,1,1,차대차 - 추돌,안전거리미확보,건조,맑음,단일로 - 기타,화물,남,57세,상해없음,화물,남,58세,경상
2019051000100559,2019년 5월 10일 18시,금요일,충청남도 당진시 읍내리,경상사고,0,0,1,0,차대차 - 측면충돌,중앙선침범,건조,맑음,단일로 - 기타,승용,여,61세,상해없음,승용,여,43세,경상
2019051000100600,2019년 5월 10일 19시,금요일,충청남도 천안시 서북구 두정동,경상사고,0,0,1,0,차대차 - 정면충돌,교차로운행방법위반,건조,맑음,교차로 - 교차로안,승용,남,50세,상해없음,이륜,남,37세,경상
2019051000100601,2019년 5월 10일 19시,금요일,충청남도 보령시 궁촌동,경상사고,0,0,1,0,차량단독 - 전도전복 - 전도,안전운전불이행,건조,맑음,교차로 - 교차로안,이륜,남,18세,상해없음,,,,
2019051000100648,2019년 5월 10일 20시,금요일,충청남도 청양군 청양읍,중상사고,0,1,0,0,차대차 - 추돌,차로위반,건조,맑음,교차로 - 교차로부근,승용,남,25세,상해없음,자전거,남,48세,중상
2019051000100649,2019년 5월 10일 20시,금요일,충청남도 청양군 목면,사망사고,1,0,0,0,차대사람 - 횡단중,과속,건조,맑음,단일로 - 기타,승용,남,42세,상해없음,보행자,여,87세,사망
2019051000100650,2019년 5월 10일 20시,금요일,충청남도 천안시 동남구 신방동,경상사고,0,0,3,0,차대차 - 기타,안전운전불이행,건조,맑음,단일로 - 기타,기타불명,기타불명,미분류,기타불명,승용,여,32세,경상
2019051000100673,2019년 5월 10일 21시,금요일,충청남도 공주시 신관동,중상사고,0,1,1,0,차대차 - 측면충돌,안전운전불이행,건조,맑음,단일로 - 기타,화물,여,52세,경상,승용,여,61세,중상
2019051000100674,2019년 5월 10일 21시,금요일,충청남도 당진시 채운동,경상사고,0,0,1,0,차대차 - 측면충돌,교차로운행방법위반,건조,맑음,교차로 - 교차로부근,승용,여,69세,상해없음,승용,남,32세,경상
2019051100100033,2019년 5월 11일 00시,토요일,충청남도 아산시 배방읍,중상사고,0,1,0,0,차대차 - 기타,신호위반,기타,흐림,교차로 - 교차로안,화물,남,37세,상해없음,이륜,남,60세,중상
2019051100100056,2019년 5월 11일 01시,토요일,충청남도 천안시 서북구 쌍용동,경상사고,0,0,2,0,차대차 - 기타,안전운전불이행,건조,맑음,단일로 - 기타,승용,남,40세,상해없음,승용,남,42세,경상
2019051100100084,2019년 5월 11일 03시,토요일,충청남도 천안시 서북구 입장면,부상신고사고,0,0,0,1,차량단독 - 도로외이탈 - 추락,안전운전불이행,건조,맑음,단일로 - 기타,이륜,남,48세,부상신고,,,,