사고번호,사고일시,요일,시군구,사고내용,사망자수,중상자수,경상자수,부상신고자수,사고유형,법규위반,노면상태,기상상태,도로형태,가해운전자 차종,가해운전자 성별,가해운전자 연령,가해운전자 상해정도,피해운전자 차종,피해운전자 성별,피해운전자 연령,피해운전자 상해정도
2019051500100546,2019년 5월 15일 18시,수요일,충청남도 아산시 음봉면,경상사고,0,0,1,0,차대차 - 기타,안전운전불이행,건조,맑음,교차로 - 교차로안,승용,남,50세,상해없음,승용,남,29세,경상
2019051500100547,2019년 5월 15일 18시,수요일,충청남도 보령시 주교면,중상사고,0,1,2,0,차대차 - 측면충돌,안전운전불이행,건조,맑음,단일로 - 기타,농기계,남,79세,상해없음,승합,남,52세,상해없음
2019051500100548,2019년 5월 15일 18시,수요일,충청남도 공주시 신관동,경상사고,0,0,1,0,차대사람 - 차도통행중,안전운전불이행,건조,맑음,단일로 - 기타,승용,남,28세,상해없음,보행자,남,51세,경상
2019051500100549,2019년 5월 15일 18시,수요일,충청남도 당진시 석문면,경상사고,0,0,2,0,차대차 - 추돌,안전운전불이행,건조,맑음,단일로 - 기타,승용,여,36세,경상,승용,여,32세,경상
2019051500100592,2019년 5월 15일 19시,수요일,충청남도 천안시 서북구 직산읍,경상사고,0,0,2,0,차대차 - 기타,안전운전불이행,건조,맑음,교차로 - 교차로안,승용,남,46세,상해없음,승용,여,26세,경상
2019051500100632,2019년 5월 15일 20시,수요일,충청남도 예산군 예산읍,중상사고,0,1,0,0,차대사람 - 보도통행중,보행자보호의무위반,건조,맑음,단일로 - 기타,승용,여,56세,상해없음,보행자,남,36세,중상
2019051500100633,2019년 5월 15일 20시,수요일,충청남도 부여군 양화면,경상사고,0,0,1,0,차량단독 - 전도전복 - 전도,안전운전불이행,건조,맑음,단일로 - 기타,이륜,남,63세,경상,,,,
2019051500100660,2019년 5월 15일 21시,수요일,충청남도 보령시 신흑동,경상사고,0,0,1,0,차대차 - 측면충돌,신호위반,건조,맑음,교차로 - 교차로안,승용,남,18세,상해없음,승용,남,24세,경상
2019051600100126,2019년 5월 16일 07시,목요일,충청남도 아산시 탕정면,경상사고,0,0,1,0,차대차 - 기타,안전운전불이행,건조,맑음,단일로 - 기타,기타불명,기타불명,미분류,기타불명,승용,남,43세,경상
2019051600100168,2019년 5월 16일 08시,목요일,충청남도 천안시 서북구 두정동,경상사고,0,0,1,0,차대차 - 기타,중앙선침범,건조,맑음,단일로 - 기타,승용,남,32세,상해없음,승용,남,38세,경상
2019051600100169,2019년 5월 16일 08시,목요일,충청남도 천안시 동남구 봉명동,중상사고,0,1,0,0,차대사람 - 기타,안전운전불이행,건조,맑음,교차로 - 교차로안,승용,남,23세,상해없음,보행자,여,17세,중상
2019051600100170,2019년 5월 16일 08시,목요일,충청남도 천안시 동남구 원성동,경상사고,0,0,1,0,차대차 - 기타,안전운전불이행,건조,맑음,단일로 - 기타,화물,남,74세,상해없음,승용,여,40세,경상
2019051600100219,2019년 5월 16일 09시,목요일,충청남도 천안시 서북구 쌍용동,경상사고,0,0,2,1,차대차 - 측면충돌,안전운전불이행,건조,맑음,교차로 - 교차로안,승용,여,27세,부상신고,승용,여,26세,경상
2019051600100220,2019년 5월 16일 09시,목요일,충청남도 아산시 인주면,경상사고,0,0,2,0,차대차 - 기타,안전운전불이행,건조,맑음,교차로 - 교차로안,화물,남,58세,상해없음,승용,남,56세,경상
2019051600100301,2019년 5월 16일 11시,목요일,충청남도 서천군 마서면,중상사고,0,1,0,0,차대차 - 기타,중앙선침범,건조,맑음,단일로 - 기타,승용,남,35세,상해없음,승용,남,70세,중상
2019051600100335,2019년 5월 16일 12시,목요일,충청남도 천안시 서북구 성환읍,중상사고,0,1,0,0,차대차 - 추돌,안전운전불이행,건조,맑음,단일로 - 기타,화물,남,32세,상해없음,화물,남,49세,중상
2019051600100336,2019년 5월 16일 12시,목요일,충청남도 논산시 연무읍,부상신고사고,0,0,0,1,차대차 - 측면충돌,교차로운행방법위반,건조,맑음,교차로 - 교차로안,자전거,남,80세,부상신고,승용,남,53세,상해없음
2019051600100364,2019년 5월 16일 13시,목요일,충청남도 서천군 장항읍,경상사고,0,0,2,0,차대차 - 측면충돌,안전운전불이행,건조,맑음,교차로 - 교차로안,화물,남,51세,상해없음,승용,남,49세,경상
2019051600100461,2019년 5월 16일 16시,목요일,충청남도 아산시 배미동,경상사고,0,0,1,0,차대사람 - 횡단중,보행자보호의무위반,건조,맑음,교차로 - 교차로부근,승용,여,41세,상해없음,보행자,여,8세,경상
2019051600100519,2019년 5월 16일 17시,목요일,충청남도 당진시 송악읍,경상사고,0,0,1,0,차대차 - 추돌,안전운전불이행,건조,맑음,단일로 - 기타,승합,남,62세,상해없음,화물,남,56세,경상
2019051600100520,2019년 5월 16일 17시,목요일,충청남도 천안시 동남구 봉명동,중상사고,0,1,0,0,차대사람 - 기타,안전운전불이행,건조,맑음,교차로 - 교차로부근,승용,여,41세,상해없음,보행자,여,82세,중상
2019051600100567,2019년 5월 16일 18시,목요일,충청남도 천안시 동남구 안서동,경상사고,0,0,2,0,차대차 - 기타,안전운전불이행,건조,맑음,단일로 - 기타,승용,남,50세,상해없음,승용,여,39세,경상
2019051600100613,2019년 5월 16일 19시,목요일,충청남도 공주시 신관동,경상사고,0,0,4,0,차대차 - 측면충돌,신호위반,건조,맑음,교차로 - 교차로안,승용,여,35세,경상,승용,여,50세,경상
2019051600100677,2019년 5월 16일 21시,목요일,충청남도 천안시 동남구 삼룡동,경상사고,0,0,1,0,차대차 - 측면충돌,안전운전불이행,건조,맑음,기타 - 기타,화물,남,57세,상해없음,승용,남,40세,경상
2019051600100700,2019년 5월 16일 22시,목요일,충청남도 공주시 신관동,중상사고,0,1,0,0,차대사람 - 기타,안전운전불이행,건조,맑음,주차장 - 주차장,승용,여,51세,상해없음,보행자,여,14세,중상
2019051700100038,2019년 5월 17일 01시,금요일,충청남도 당진시 채운동,중상사고,0,1,0,0,차대사람 - 횡단중,보행자보호의무위반,건조,맑음,교차로 - 교차로횡단보도내,승용,남,65세,상해없음,보행자,남,66세,중상
2019051700100051,2019년 5월 17일 02시,금요일,충청남도 공주시 탄천면,경상사고,0,0,1,0,차대차 - 측면충돌,차로위반,건조,맑음,단일로 - 기타,화물,남,64세,상해없음,승용,남,27세,경상
2019051700100083,2019년 5월 17일 06시,금요일,충청남도 서산시 석림동,중상사고,0,1,0,0,차대차 - 측면충돌,신호위반,건조,맑음,교차로 - 교차로안,이륜,남,65세,중상,승용,남,52세,상해없음
2019051700100104,2019년 5월 17일 07시,금요일,충청남도 아산시 신동,경상사고,0,0,1,0,차대차 - 기타,안전운전불이행,건조,맑음,교차로 - 교차로부근,승용,남,43세,상해없음,승용,여,45세,경상
2019051700100105,2019년 5월 17일 07시,금요일,충청남도 금산군 금성면,경상사고,0,0,2,0,차대차 - 추돌,안전운전불이행,건조,맑음,기타 - 기타,승용,남,26세,상해없음,화물,남,46세,경상
2019051700100148,2019년 5월 17일 08시,금요일,충청남도 당진시 송악읍,경상사고,0,0,4,0,차대차 - 추돌,안전거리미확보,건조,맑음,단일로 - 기타,화물,남,54세,상해없음,승용,남,51세,경상
2019051700100179,2019년 5월 17일 09시,금요일,충청남도 서천군 서천읍,경상사고,0,0,2,0,차대차 - 측면충돌,안전운전불이행,건조,맑음,단일로 - 기타,승용,여,63세,상해없음,이륜,남,70세,경상
2019051700100180,2019년 5월 17일 09시,금요일,충청남도 청양군 청남면,경상사고,0,0,1,0,차량단독 - 도로외이탈 - 추락,안전운전불이행,건조,맑음,교차로 - 교차로부근,이륜,여,52세,경상,,,,
2019051700100213,2019년 5월 17일 10시,금요일,충청남도 서산시 동문동,경상사고,0,0,1,0,차대사람 - 기타,안전운전불이행,건조,맑음,단일로 - 기타,승용,여,52세,상해없음,보행자,여,64세,경상
2019051700100214,2019년 5월 17일 10시,금요일,충청남도 아산시 신창면,중상사고,0,1,0,0,차대사람 - 기타,안전운전불이행,건조,맑음,기타 - 기타,건설기계,남,46세,상해없음,보행자,여,59세,중상
2019051700100215,2019년 5월 17일 10시,금요일,충청남도 당진시 합덕읍,경상사고,0,0,2,0,차대차 - 측면충돌,교차로운행방법위반,건조,맑음,교차로 - 교차로안,승용,여,59세,경상,승용,여,45세,경상
2019051700100240,2019년 5월 17일 11시,금요일,충청남도 공주시 정안면,경상사고,0,0,2,0,차대차 - 기타,안전운전불이행,건조,맑음,단일로 - 기타,승용,남,57세,상해없음,승용,남,28세,경상
2019051700100273,2019년 5월 17일 12시,금요일,충청남도 서천군 서천읍,경상사고,0,0,1,0,차대차 - 정면충돌,안전운전불이행,건조,맑음,교차로 - 교차로안,승용,남,36세,상해없음,이륜,남,38세,경상
2019051700100274,2019년 5월 17일 12시,금요일,충청남도 금산군 군북면,중상사고,0,1,0,0,차대차 - 측면충돌,안전운전불이행,건조,맑음,단일로 - 기타,승용,남,63세,상해없음,이륜,남,73세,중상
2019051700100304,2019년 5월 17일 13시,금요일,충청남도 서산시 동문동,중상사고,0,1,0,0,차대차 - 측면충돌,교차로운행방법위반,건조,맑음,교차로 - 교차로안,승용,남,37세,상해없음,승용,남,56세,중상
2019051700100305,2019년 5월 17일 13시,금요일,충청남도 천안시 서북구 쌍용동,경상사고,0,0,1,0,차대차 - 추돌,차로위반,건조,맑음,교차로 - 교차로부근,승용,남,77세,상해없음,승용,여,50세,경상
2019051700100306,2019년 5월 17일 13시,금요일,충청남도 당진시 송악읍,경상사고,0,0,2,0,차대차 - 측면충돌,안전거리미확보,건조,맑음,단일로 - 기타,특수,남,60세,상해없음,승용,남,26세,경상
2019051700100307,2019년 5월 17일 13시,금요일,충청남도 청양군 청남면,경상사고,0,0,1,0,차대차 - 측면충돌,안전운전불이행,건조,맑음,기타 - 기타,이륜,여,74세,경상,승용,여,68세,상해없음
2019051700100308,2019년 5월 17일 13시,금요일,충청남도 천안시 동남구 사직동,경상사고,0,0,1,0,차대사람 - 기타,안전운전불이행,건조,맑음,단일로 - 기타,승용,여,51세,상해없음,보행자,여,55세,경상
2019051700100346,2019년 5월 17일 14시,금요일,충청남도 당진시 송산면,경상사고,0,0,1,0,차대차 - 측면충돌,안전운전불이행,건조,맑음,단일로 - 기타,화물,남,65세,상해없음,특수,남,57세,경상
2019051700100387,2019년 5월 17일 15시,금요일,충청남도 당진시 면천면,사망사고,1,1,0,0,차대차 - 정면충돌,중앙선침범,건조,맑음,단일로 - 기타,화물,남,58세,사망,화물,남,44세,중상
2019051700100417,2019년 5월 17일 16시,금요일,충청남도 보령시 주포면,경상사고,0,0,1,0,차대차 - 측면충돌,직진우회전진행방해,건조,맑음,교차로 - 교차로안,농기계,남,70세,경상,승용,남,56세,상해없음
2019051700100471,2019년 5월 17일 17시,금요일,충청남도 천안시 서북구 두정동,경상사고,0,0,1,0,차대사람 - 기타,안전운전불이행,건조,맑음,교차로 - 교차로안,승용,남,26세,상해없음,보행자,여,4세,경상
2019051700100472,2019년 5월 17일 17시,금요일,충청남도 아산시 신창면,경상사고,0,0,2,0,차대차 - 측면충돌,안전운전불이행,건조,맑음,교차로 - 교차로안,화물,남,36세,상해없음,화물,남,44세,경상
2019051700100521,2019년 5월 17일 18시,금요일,충청남도 천안시 동남구 신부동,경상사고,0,0,1,0,차대차 - 측면충돌,안전운전불이행,건조,맑음,단일로 - 기타,승용,남,42세,상해없음,승용,남,74세,경상
2019051700100570,2019년 5월 17일 19시,금요일,충청남도 보령시 명천동,경상사고,0,0,1,0,차대차 - 추돌,안전운전불이행,건조,맑음,단일로 - 기타,승용,여,34세,상해없음,이륜,남,40세,경상
2019051700100651,2019년 5월 17일 21시,금요일,충청남도 천안시 서북구 불당동,경상사고,0,0,4,0,차대차 - 기타,안전운전불이행,건조,맑음,주차장 - 주차장,승용,남,33세,상해없음,승용,남,28세,경상
2019051700100652,2019년 5월 17일 21시,금요일,충청남도 당진시 석문면,중상사고,0,1,0,0,차대사람 - 차도통행중,안전운전불이행,건조,맑음,단일로 - 기타,승용,남,58세,상해없음,보행자,남,57세,중상
2019051700100711,2019년 5월 17일 23시,금요일,충청남도 천안시 서북구 두정동,중상사고,0,2,0,0,차대차 - 측면충돌,신호위반,건조,맑음,교차로 - 교차로안,승용,남,41세,중상,승용,남,32세,중상
2019051800100039,2019년 5월 18일 00시,토요일,충청남도 천안시 서북구 성정동,경상사고,0,0,1,0,차대사람 - 기타,안전운전불이행,건조,맑음,교차로 - 교차로횡단보도내,화물,남,28세,상해없음,보행자,남,55세,경상
2019051800100073,2019년 5월 18일 01시,토요일,충청남도 천안시 서북구 두정동,중상사고,0,1,0,0,차대사람 - 차도통행중,안전운전불이행,건조,맑음,교차로 - 교차로안,승용,남,33세,상해없음,보행자,여,31세,중상
2019051800100089,2019년 5월 18일 02시,토요일,충청남도 아산시 탕정면,중상사고,0,2,0,0,차대차 - 기타,신호위반,젖음/습기,비,교차로 - 교차로안,승용,남,44세,중상,승용,남,30세,중상
2019051800100159,2019년 5월 18일 07시,토요일,충청남도 아산시 둔포면,경상사고,0,0,1,0,차대사람 - 횡단중,보행자보호의무위반,건조,맑음,단일로 - 기타,승용,남,43세,상해없음,보행자,남,30세,경상
2019051800100199,2019년 5월 18일 09시,토요일,충청남도 서산시 고북면,중상사고,0,4,1,0,차대차 - 측면충돌,안전운전불이행,건조,맑음,교차로 - 교차로안,승용,여,41세,중상,화물,남,53세,경상
2019051800100200,2019년 5월 18일 09시,토요일,충청남도 천안시 서북구 부대동,경상사고,0,0,1,0,차대차 - 측면충돌,안전거리미확보,건조,맑음,단일로 - 기타,승용,여,60세,상해없음,승합,남,43세,경상
2019051800100201,2019년 5월 18일 09시,토요일,충청남도 아산시 모종동,경상사고,0,0,1,0,차대차 - 측면충돌,신호위반,건조,맑음,교차로 - 교차로안,기타불명,기타불명,미분류,기타불명,승용,남,71세,경상
2019051800100233,2019년 5월 18일 10시,토요일,충청남도 서산시 대산읍,경상사고,0,0,1,0,차대차 - 측면충돌,신호위반,건조,맑음,교차로 - 교차로부근,승용,남,31세,상해없음,승용,여,60세,경상
2019051800100234,2019년 5월 18일 10시,토요일,충청남도 서산시 동문동,경상사고,0,0,1,0,차대사람 - 차도통행중,안전운전불이행,건조,흐림,교차로 - 교차로부근,승용,남,32세,상해없음,보행자,남,70세,경상
2019051800100235,2019년 5월 18일 10시,토요일,충청남도 천안시 서북구 성환읍,경상사고,0,0,2,0,차대차 - 측면충돌,차로위반,건조,맑음,단일로 - 기타,승용,남,31세,상해없음,승용,여,40세,경상
2019051800100236,2019년 5월 18일 10시,토요일,충청남도 아산시 둔포면,경상사고,0,0,2,0,차대차 - 기타,안전운전불이행,기타,맑음,교차로 - 교차로안,승용,여,27세,기타불명,승용,남,43세,경상
2019051800100237,2019년 5월 18일 10시,토요일,충청남도 서천군 서천읍,경상사고,0,0,2,0,차대차 - 추돌,안전운전불이행,건조,맑음,단일로 - 교량,화물,남,41세,상해없음,원동기,남,77세,경상
2019051800100273,2019년 5월 18일 11시,토요일,충청남도 천안시 서북구 두정동,중상사고,0,1,1,1,차대사람 - 차도통행중,중앙선침범,건조,맑음,단일로 - 기타,승용,남,25세,상해없음,보행자,여,25세,중상
2019051800100360,2019년 5월 18일 13시,토요일,충청남도 금산군 금성면,경상사고,0,0,2,0,차대차 - 정면충돌,중앙선침범,건조,흐림,교차로 - 교차로부근,승용,여,51세,경상,승용,여,52세,경상
2019051800100401,2019년 5월 18일 14시,토요일,충청남도 서산시 수석동,중상사고,0,1,2,0,차대차 - 추돌,안전운전불이행,젖음/습기,비,교차로 - 교차로부근,화물,남,60세,상해없음,승용,남,51세,중상
2019051800100436,2019년 5월 18일 15시,토요일,충청남도 계룡시 엄사면,경상사고,0,0,2,2,차대차 - 측면충돌,신호위반,젖음/습기,비,교차로 - 교차로부근,승용,여,35세,상해없음,승용,남,41세,경상
2019051800100437,2019년 5월 18일 15시,토요일,충청남도 서천군 기산면,중상사고,0,1,0,1,차량단독 - 공작물충돌,안전운전불이행,건조,맑음,단일로 - 기타,원동기,남,17세,부상신고,,,,
2019051800100470,2019년 5월 18일 16시,토요일,충청남도 서산시 읍내동,경상사고,0,0,1,0,차대차 - 기타,차로위반,젖음/습기,비,교차로 - 교차로안,승용,여,46세,상해없음,이륜,여,34세,경상
2019051800100471,2019년 5월 18일 16시,토요일,충청남도 서산시 해미면,경상사고,0,0,2,0,차대차 - 추돌,안전거리미확보,젖음/습기,비,교차로 - 교차로부근,승용,남,58세,상해없음,승용,남,42세,경상
2019051800100472,2019년 5월 18일 16시,토요일,충청남도 당진시 채운동,경상사고,0,0,1,0,차대차 - 추돌,안전운전불이행,젖음/습기,비,교차로 - 교차로안,화물,남,74세,상해없음,승용,남,44세,경상
2019051800100503,2019년 5월 18일 17시,토요일,충청남도 태안군 안면읍,중상사고,0,1,1,0,차대차 - 측면충돌,안전운전불이행,젖음/습기,비,교차로 - 교차로안,승용,여,56세,상해없음,승용,남,55세,중상
2019051800100541,2019년 5월 18일 18시,토요일,충청남도 부여군 부여읍,부상신고사고,0,0,0,1,차대차 - 추돌,안전운전불이행,건조,맑음,단일로 - 기타,이륜,남,72세,부상신고,화물,남,41세,상해없음
2019051800100542,2019년 5월 18일 18시,토요일,충청남도 천안시 동남구 목천읍,경상사고,0,0,1,0,차대사람 - 횡단중,안전운전불이행,젖음/습기,흐림,단일로 - 기타,승용,여,39세,상해없음,보행자,여,17세,경상
2019051800100609,2019년 5월 18일 20시,토요일,충청남도 당진시 읍내리,경상사고,0,0,1,0,차대차 - 측면충돌,안전운전불이행,젖음/습기,비,교차로 - 교차로안,승용,남,59세,상해없음,이륜,남,41세,경상
2019051800100634,2019년 5월 18일 21시,토요일,충청남도 서산시 읍내동,중상사고,0,1,0,0,차대차 - 측면충돌,신호위반,건조,맑음,교차로 - 교차로안,화물,남,69세,상해없음,원동기,남,47세,중상
2019051800100635,2019년 5월 18일 21시,토요일,충청남도 천안시 동남구 안서동,중상사고,0,1,0,0,차대차 - 기타,신호위반,건조,맑음,단일로 - 기타,승용,남,23세,상해없음,이륜,남,51세,중상
2019051800100636,2019년 5월 18일 21시,토요일,충청남도 천안시 동남구 청당동,경상사고,0,0,1,0,차대차 - 기타,직진우회전진행방해,건조,맑음,교차로 - 교차로안,승용,남,39세,상해없음,이륜,남,23세,경상
2019051800100661,2019년 5월 18일 22시,토요일,충청남도 천안시 서북구 두정동,경상사고,0,0,2,0,차대차 - 측면충돌,안전운전불이행,건조,흐림,단일로 - 지하차도(도로)내,승용,남,26세,상해없음,승용,여,25세,경상
2019051800100662,2019년 5월 18일 22시,토요일,충청남도 천안시 동남구 오룡동,중상사고,0,1,1,0,차대차 - 정면충돌,신호위반,건조,맑음,교차로 - 교차로안,이륜,남,27세,중상,승용,남,42세,경상
2019051800100683,2019년 5월 18일 23시,토요일,충청남도 천안시 서북구 쌍용동,경상사고,0,0,1,0,차대차 - 추돌,안전운전불이행,건조,흐림,교차로 - 교차로부근,승용,남,30세,상해없음,승용,여,36세,경상
2019051900100035,2019년 5월 19일 00시,일요일,충청남도 천안시 서북구 성성동,중상사고,0,1,0,0,차대차 - 측면충돌,신호위반,건조,맑음,교차로 - 교차로안,승용,남,30세,상해없음,승용,남,29세,중상
2019051900100083,2019년 5월 19일 04시,일요일,충청남도 천안시 서북구 성환읍,부상신고사고,0,0,0,1,차량단독 - 기타,안전운전불이행,건조,맑음,기타 - 기타,이륜,남,23세,부상신고,,,,
2019051900100095,2019년 5월 19일 05시,일요일,충청남도 당진시 송악읍,중상사고,0,2,0,0,차대차 - 기타,안전운전불이행,젖음/습기,비,단일로 - 기타,승용,여,23세,중상,건설기계,남,40세,기타불명
2019051900100109,2019년 5월 19일 06시,일요일,충청남도 천안시 서북구 성정동,경상사고,0,0,1,0,차대차 - 정면충돌,안전운전불이행,젖음/습기,흐림,교차로 - 교차로안,승용,남,27세,상해없음,승용,남,28세,경상
2019051900100119,2019년 5월 19일 07시,일요일,충청남도 천안시 서북구 두정동,경상사고,0,0,2,0,차대차 - 측면충돌,신호위반,젖음/습기,맑음,교차로 - 교차로안,승용,남,43세,상해없음,승용,남,37세,경상
2019051900100194,2019년 5월 19일 11시,일요일,충청남도 보령시 신흑동,경상사고,0,0,1,0,차대차 - 측면충돌,안전운전불이행,젖음/습기,비,교차로 - 교차로부근,화물,남,71세,상해없음,승용,여,67세,경상
2019051900100195,2019년 5월 19일 11시,일요일,충청남도 홍성군 갈산면,경상사고,0,0,4,0,차대차 - 기타,안전운전불이행,젖음/습기,비,단일로 - 기타,승용,남,37세,경상,승용,남,25세,경상
2019051900100219,2019년 5월 19일 12시,일요일,충청남도 천안시 서북구 성성동,경상사고,0,0,1,0,차대차 - 측면충돌,안전운전불이행,건조,맑음,단일로 - 기타,승용,남,61세,상해없음,이륜,남,27세,경상
2019051900100220,2019년 5월 19일 12시,일요일,충청남도 태안군 소원면,경상사고,0,0,1,0,차대차 - 정면충돌,안전운전불이행,건조,맑음,단일로 - 기타,화물,여,57세,상해없음,화물,남,61세,경상
2019051900100244,2019년 5월 19일 13시,일요일,충청남도 태안군 원북면,경상사고,0,0,1,0,차대차 - 측면충돌,안전운전불이행,젖음/습기,비,교차로 - 교차로부근,승용,여,37세,상해없음,화물,남,57세,상해없음
2019051900100245,2019년 5월 19일 13시,일요일,충청남도 태안군 이원면,경상사고,0,0,1,0,차대차 - 측면충돌,기타,젖음/습기,비,교차로 - 교차로안,특수,남,27세,상해없음,농기계,남,47세,경상
2019051900100246,2019년 5월 19일 13시,일요일,충청남도 당진시 신평면,중상사고,0,1,0,0,차대사람 - 기타,안전운전불이행,건조,맑음,기타 - 기타,승용,여,39세,상해없음,보행자,여,62세,중상
2019051900100269,2019년 5월 19일 14시,일요일,충청남도 천안시 서북구 입장면,중상사고,0,1,0,2,차대차 - 측면충돌,중앙선침범,젖음/습기,비,교차로 - 교차로부근,화물,남,67세,상해없음,승용,남,36세,중상
2019051900100270,2019년 5월 19일 14시,일요일,충청남도 천안시 서북구 신당동,경상사고,0,0,1,0,차대차 - 추돌,안전운전불이행,젖음/습기,비,단일로 - 기타,승용,남,20세,상해없음,승용,남,30세,경상
2019051900100271,2019년 5월 19일 14시,일요일,충청남도 공주시 신관동,경상사고,0,0,3,0,차대차 - 측면충돌,안전운전불이행,건조,흐림,단일로 - 기타,이륜,남,22세,경상,승용,남,21세,경상
2019051900100272,2019년 5월 19일 14시,일요일,충청남도 태안군 근흥면,경상사고,0,0,1,0,차대차 - 측면충돌,중앙선침범,젖음/습기,비,단일로 - 기타,화물,남,69세,상해없음,승용,여,52세,경상
2019051900100310,2019년 5월 19일 15시,일요일,충청남도 금산군 남일면,중상사고,0,2,0,0,차대차 - 측면충돌,안전운전불이행,건조,흐림,단일로 - 기타,농기계,남,49세,상해없음,승용,남,66세,중상
2019051900100496,2019년 5월 19일 20시,일요일,충청남도 당진시 송산면,경상사고,0,0,2,0,차대차 - 추돌,안전운전불이행,건조,맑음,단일로 - 기타,화물,남,61세,경상,건설기계,남,39세,기타불명
2019051900100532,2019년 5월 19일 21시,일요일,충청남도 천안시 서북구 성정동,부상신고사고,0,0,0,1,차대차 - 기타,신호위반,건조,맑음,교차로 - 교차로안,기타불명,기타불명,미분류,기타불명,이륜,남,45세,부상신고
2019051900100564,2019년 5월 19일 22시,일요일,충청남도 당진시 면천면,경상사고,0,0,4,0,차대차 - 측면충돌,안전운전불이행,건조,맑음,단일로 - 기타,승합,남,58세,상해없음,승용,남,43세,상해없음
2019052000100029,2019년 5월 20일 00시,월요일,충청남도 당진시 송악읍,중상사고,0,1,0,0,차량단독 - 공작물충돌,안전운전불이행,젖음/습기,비,단일로 - 기타,승용,여,32세,중상,,,,
2019052000100088,2019년 5월 20일 07시,월요일,충청남도 아산시 인주면,중상사고,0,1,1,0,차대차 - 기타,안전운전불이행,건조,맑음,교차로 - 교차로안,농기계,남,85세,중상,승용,남,29세,경상
2019052000100089,2019년 5월 20일 07시,월요일,충청남도 예산군 오가면,중상사고,0,3,1,0,차대차 - 측면충돌,직진우회전진행방해,건조,맑음,교차로 - 교차로안,승용,남,51세,상해없음,승합,남,37세,경상
2019052000100133,2019년 5월 20일 08시,월요일,충청남도 천안시 서북구 성거읍,경상사고,0,0,1,0,차대차 - 추돌,안전운전불이행,건조,맑음,단일로 - 기타,승용,남,59세,상해없음,승용,남,25세,경상
2019052000100134,2019년 5월 20일 08시,월요일,충청남도 공주시 유구읍,경상사고,0,0,2,0,차대차 - 측면충돌,안전운전불이행,건조,맑음,교차로 - 교차로안,농기계,남,81세,경상,승용,남,34세,경상
2019052000100166,2019년 5월 20일 09시,월요일,충청남도 서산시 동문동,중상사고,0,2,0,0,차대차 - 측면충돌,직진우회전진행방해,건조,맑음,교차로 - 교차로안,승용,여,48세,상해없음,승용,남,45세,중상
2019052000100167,2019년 5월 20일 09시,월요일,충청남도 천안시 서북구 백석동,경상사고,0,0,3,0,차대차 - 기타,안전거리미확보,건조,맑음,단일로 - 기타,승용,남,77세,상해없음,승용,여,32세,경상
2019052000100168,2019년 5월 20일 09시,월요일,충청남도 예산군 예산읍,경상사고,0,0,1,0,차대사람 - 횡단중,안전운전불이행,건조,맑음,교차로 - 교차로부근,화물,남,66세,상해없음,보행자,여,60세,경상
2019052000100243,2019년 5월 20일 11시,월요일,충청남도 서산시 해미면,부상신고사고,0,0,0,1,차대차 - 측면충돌,직진우회전진행방해,건조,맑음,교차로 - 교차로안,이륜,여,69세,부상신고,화물,남,57세,상해없음
2019052000100244,2019년 5월 20일 11시,월요일,충청남도 보령시 주포면,중상사고,0,1,0,0,차량단독 - 공작물충돌,안전운전불이행,건조,맑음,단일로 - 기타,이륜,남,85세,중상,,,,
2019052000100306,2019년 5월 20일 13시,월요일,충청남도 천안시 동남구 삼룡동,중상사고,0,2,0,0,차대차 - 추돌,안전운전불이행,건조,맑음,단일로 - 기타,화물,남,67세,상해없음,승용,여,31세,중상
2019052000100384,2019년 5월 20일 15시,월요일,충청남도 천안시 서북구 백석동,경상사고,0,0,1,0,차대사람 - 기타,안전운전불이행,건조,맑음,단일로 - 기타,승합,남,53세,상해없음,보행자,여,10세,경상
2019052000100385,2019년 5월 20일 15시,월요일,충청남도 아산시 배방읍,경상사고,0,0,1,0,차대사람 - 횡단중,보행자보호의무위반,건조,맑음,교차로 - 교차로안,승합,남,49세,상해없음,보행자,여,15세,경상
2019052000100436,2019년 5월 20일 16시,월요일,충청남도 천안시 서북구 직산읍,경상사고,0,0,1,0,차대차 - 기타,안전운전불이행,건조,맑음,교차로 - 교차로부근,화물,남,70세,상해없음,승용,남,50세,경상
2019052000100437,2019년 5월 20일 16시,월요일,충청남도 공주시 금성동,경상사고,0,0,1,0,차대차 - 측면충돌,안전운전불이행,건조,맑음,교차로 - 교차로안,승용,여,39세,기타불명,승용,남,36세,경상
2019052000100497,2019년 5월 20일 17시,월요일,충청남도 서산시 동문동,중상사고,0,1,0,0,차대차 - 측면충돌,안전운전불이행,건조,맑음,교차로 - 교차로부근,승용,남,52세,상해없음,이륜,남,27세,중상
2019052000100498,2019년 5월 20일 17시,월요일,충청남도 당진시 송악읍,경상사고,0,0,1,0,차대차 - 기타,안전거리미확보,건조,맑음,교차로 - 교차로부근,화물,남,45세,상해없음,화물,남,54세,경상
2019052000100546,2019년 5월 20일 18시,월요일,충청남도 보령시 궁촌동,경상사고,0,0,1,0,차대사람 - 횡단중,안전운전불이행,건조,맑음,단일로 - 기타,승용,여,45세,상해없음,보행자,남,21세,경상