사고번호,사고일시,요일,시군구,사고내용,사망자수,중상자수,경상자수,부상신고자수,사고유형,법규위반,노면상태,기상상태,도로형태,가해운전자 차종,가해운전자 성별,가해운전자 연령,가해운전자 상해정도,피해운전자 차종,피해운전자 성별,피해운전자 연령,피해운전자 상해정도
2019052400100538,2019년 5월 24일 17시,금요일,충청남도 서산시 동문동,경상사고,0,0,1,0,차대차 - 측면충돌,기타,건조,맑음,교차로 - 교차로안,승용,남,23세,상해없음,승용,여,33세,경상
2019052400100539,2019년 5월 24일 17시,금요일,충청남도 공주시 신관동,경상사고,0,0,2,0,차대차 - 측면충돌,안전운전불이행,건조,맑음,단일로 - 기타,승용,남,28세,상해없음,승용,남,51세,경상
2019052400100540,2019년 5월 24일 17시,금요일,충청남도 부여군 규암면,경상사고,0,0,1,0,차대사람 - 횡단중,안전운전불이행,건조,맑음,단일로 - 기타,승용,여,33세,상해없음,보행자,남,5세,경상
2019052400100589,2019년 5월 24일 18시,금요일,충청남도 천안시 서북구 불당동,경상사고,0,0,2,0,차대차 - 측면충돌,안전운전불이행,건조,맑음,교차로 - 교차로부근,승합,남,56세,상해없음,승용,남,22세,경상
2019052400100590,2019년 5월 24일 18시,금요일,충청남도 공주시 탄천면,경상사고,0,0,1,0,차대차 - 측면충돌,안전거리미확보,건조,흐림,단일로 - 기타,농기계,남,67세,기타불명,화물,남,69세,경상
2019052400100591,2019년 5월 24일 18시,금요일,충청남도 공주시 우성면,경상사고,0,0,3,4,차대차 - 추돌,안전거리미확보,건조,맑음,단일로 - 기타,승용,남,68세,상해없음,승용,남,23세,경상
2019052400100643,2019년 5월 24일 19시,금요일,충청남도 천안시 서북구 두정동,경상사고,0,0,1,0,차대차 - 측면충돌,교차로운행방법위반,건조,맑음,교차로 - 교차로안,승합,남,57세,상해없음,이륜,남,40세,경상
2019052400100675,2019년 5월 24일 20시,금요일,충청남도 천안시 동남구 신방동,경상사고,0,0,1,0,차대차 - 측면충돌,안전거리미확보,건조,맑음,단일로 - 기타,이륜,남,42세,상해없음,승용,여,32세,경상
2019052400100741,2019년 5월 24일 22시,금요일,충청남도 천안시 서북구 쌍용동,경상사고,0,0,1,0,차대차 - 측면충돌,신호위반,건조,맑음,교차로 - 교차로안,승용,남,27세,상해없음,승용,남,43세,경상
2019052400100767,2019년 5월 24일 23시,금요일,충청남도 서산시 해미면,경상사고,0,0,2,0,차대차 - 추돌,안전운전불이행,건조,맑음,단일로 - 기타,승용,남,34세,상해없음,승용,남,32세,경상
2019052400100768,2019년 5월 24일 23시,금요일,충청남도 천안시 서북구 쌍용동,사망사고,1,0,1,0,차대차 - 측면충돌,신호위반,건조,맑음,교차로 - 교차로안,이륜,남,18세,사망,승용,여,30세,경상
2019052400100769,2019년 5월 24일 23시,금요일,충청남도 천안시 서북구 성정동,경상사고,0,0,1,0,차대사람 - 차도통행중,보행자보호의무위반,건조,맑음,단일로 - 기타,승용,남,47세,상해없음,보행자,남,32세,경상
2019052400100770,2019년 5월 24일 23시,금요일,충청남도 천안시 서북구 쌍용동,경상사고,0,0,3,0,차대차 - 추돌,안전운전불이행,건조,맑음,교차로 - 교차로부근,승용,남,26세,상해없음,승용,남,59세,경상
2019052500100023,2019년 5월 25일 00시,토요일,충청남도 서산시 예천동,경상사고,0,0,1,0,차대차 - 측면충돌,안전운전불이행,건조,맑음,교차로 - 교차로안,승용,여,26세,상해없음,승용,여,28세,경상
2019052500100044,2019년 5월 25일 01시,토요일,충청남도 청양군 대치면,중상사고,0,1,1,0,차량단독 - 공작물충돌,안전운전불이행,건조,맑음,단일로 - 기타,화물,남,18세,상해없음,,,,
2019052500100084,2019년 5월 25일 04시,토요일,충청남도 아산시 음봉면,경상사고,0,0,1,0,차대차 - 측면충돌,신호위반,건조,맑음,교차로 - 교차로안,승용,남,36세,상해없음,승용,남,31세,경상
2019052500100095,2019년 5월 25일 05시,토요일,충청남도 홍성군 광천읍,경상사고,0,0,2,0,차대차 - 측면충돌,안전운전불이행,건조,맑음,교차로 - 교차로안,승용,남,49세,상해없음,승용,남,36세,경상
2019052500100134,2019년 5월 25일 07시,토요일,충청남도 당진시 합덕읍,중상사고,0,2,1,0,차량단독 - 전도전복 - 전복,안전운전불이행,건조,맑음,단일로 - 기타,화물,남,42세,중상,,,,
2019052500100165,2019년 5월 25일 08시,토요일,충청남도 천안시 서북구 쌍용동,중상사고,0,1,0,0,차대차 - 측면충돌,신호위반,건조,맑음,교차로 - 교차로안,승용,여,62세,상해없음,이륜,남,55세,중상
2019052500100182,2019년 5월 25일 09시,토요일,충청남도 공주시 금학동,경상사고,0,0,1,0,차대사람 - 횡단중,안전운전불이행,건조,맑음,교차로 - 교차로부근,화물,남,65세,상해없음,보행자,여,59세,경상
2019052500100183,2019년 5월 25일 09시,토요일,충청남도 예산군 신양면,중상사고,0,1,2,0,차대차 - 측면충돌,기타,건조,맑음,교차로 - 교차로안,승용,여,62세,경상,승용,남,62세,중상
2019052500100184,2019년 5월 25일 09시,토요일,충청남도 당진시 합덕읍,경상사고,0,0,1,0,차대차 - 측면충돌,직진우회전진행방해,건조,맑음,교차로 - 교차로안,승용,여,59세,상해없음,승용,여,48세,경상
2019052500100185,2019년 5월 25일 09시,토요일,충청남도 당진시 송악읍,경상사고,0,0,1,0,차대차 - 측면충돌,직진우회전진행방해,건조,맑음,교차로 - 교차로안,승용,남,83세,경상,승용,남,54세,상해없음
2019052500100252,2019년 5월 25일 11시,토요일,충청남도 홍성군 갈산면,경상사고,0,0,3,0,차대차 - 기타,안전운전불이행,건조,맑음,교차로 - 교차로부근,승용,남,51세,상해없음,승용,남,53세,경상
2019052500100253,2019년 5월 25일 11시,토요일,충청남도 보령시 동대동,경상사고,0,0,3,0,차대차 - 추돌,안전운전불이행,건조,맑음,교차로 - 교차로부근,승용,남,51세,상해없음,승용,남,42세,경상
2019052500100254,2019년 5월 25일 11시,토요일,충청남도 천안시 동남구 구룡동,부상신고사고,0,0,0,1,차대차 - 기타,안전운전불이행,건조,맑음,교차로 - 교차로안,승용,남,56세,부상신고,화물,남,28세,상해없음
2019052500100295,2019년 5월 25일 12시,토요일,충청남도 아산시 읍내동,경상사고,0,0,3,0,차대차 - 기타,안전운전불이행,건조,맑음,단일로 - 기타,승용,여,63세,상해없음,승용,남,50세,경상
2019052500100296,2019년 5월 25일 12시,토요일,충청남도 천안시 동남구 수신면,경상사고,0,0,2,0,차대차 - 추돌,안전거리미확보,건조,맑음,단일로 - 기타,승용,남,23세,상해없음,승용,남,48세,경상
2019052500100413,2019년 5월 25일 15시,토요일,충청남도 홍성군 홍동면,경상사고,0,0,2,0,차대차 - 기타,안전운전불이행,건조,맑음,교차로 - 교차로안,화물,남,50세,상해없음,승용,여,51세,경상
2019052500100414,2019년 5월 25일 15시,토요일,충청남도 홍성군 홍북읍,경상사고,0,0,2,0,차대차 - 후진중충돌,안전운전불이행,건조,맑음,교차로 - 교차로부근,승용,남,53세,상해없음,승용,여,38세,경상
2019052500100415,2019년 5월 25일 15시,토요일,충청남도 보령시 요암동,중상사고,0,6,3,0,차대차 - 추돌,안전운전불이행,건조,맑음,교차로 - 교차로부근,승용,여,18세,상해없음,승용,여,57세,경상
2019052500100450,2019년 5월 25일 16시,토요일,충청남도 논산시 연무읍,중상사고,0,1,0,0,차대사람 - 기타,안전운전불이행,건조,맑음,교차로 - 교차로안,승용,남,47세,상해없음,보행자,남,68세,중상
2019052500100491,2019년 5월 25일 17시,토요일,충청남도 금산군 금산읍,경상사고,0,0,1,0,차대사람 - 기타,안전운전불이행,건조,맑음,단일로 - 기타,승용,여,50세,상해없음,보행자,여,90세 이상,경상
2019052500100529,2019년 5월 25일 18시,토요일,충청남도 천안시 동남구 영성동,중상사고,0,1,0,0,차대차 - 기타,신호위반,건조,맑음,단일로 - 기타,승용,남,30세,상해없음,이륜,여,63세,중상
2019052500100564,2019년 5월 25일 19시,토요일,충청남도 천안시 서북구 와촌동,경상사고,0,0,1,0,차대사람 - 기타,안전운전불이행,건조,맑음,단일로 - 기타,자전거,남,13세,상해없음,보행자,여,49세,경상
2019052500100590,2019년 5월 25일 20시,토요일,충청남도 서산시 읍내동,경상사고,0,0,1,0,차대차 - 측면충돌,안전운전불이행,건조,맑음,교차로 - 교차로안,승용,남,56세,상해없음,이륜,남,34세,경상
2019052500100591,2019년 5월 25일 20시,토요일,충청남도 홍성군 홍성읍,경상사고,0,0,1,0,차대사람 - 기타,안전운전불이행,건조,맑음,단일로 - 기타,승용,여,40세,상해없음,보행자,남,44세,경상
2019052500100592,2019년 5월 25일 20시,토요일,충청남도 예산군 예산읍,경상사고,0,0,1,0,차대차 - 측면충돌,교차로운행방법위반,건조,맑음,교차로 - 교차로안,승용,남,51세,상해없음,승용,여,45세,경상
2019052500100629,2019년 5월 25일 21시,토요일,충청남도 서산시 동문동,경상사고,0,0,1,0,차대사람 - 횡단중,보행자보호의무위반,건조,맑음,교차로 - 교차로안,승용,남,42세,상해없음,보행자,여,46세,경상
2019052500100630,2019년 5월 25일 21시,토요일,충청남도 보령시 신흑동,중상사고,0,1,0,0,차대사람 - 기타,안전운전불이행,건조,맑음,단일로 - 기타,원동기,여,46세,상해없음,보행자,여,53세,중상
2019052500100661,2019년 5월 25일 22시,토요일,충청남도 서산시 예천동,중상사고,0,1,0,0,차대사람 - 횡단중,안전운전불이행,건조,맑음,단일로 - 기타,승용,남,38세,상해없음,보행자,남,58세,중상
2019052500100662,2019년 5월 25일 22시,토요일,충청남도 아산시 배방읍,중상사고,0,1,0,0,차대차 - 측면충돌,신호위반,건조,맑음,교차로 - 교차로안,승용,남,21세,상해없음,승용,남,29세,중상
2019052500100691,2019년 5월 25일 23시,토요일,충청남도 청양군 청양읍,경상사고,0,0,1,0,차량단독 - 공작물충돌,안전운전불이행,건조,맑음,단일로 - 기타,이륜,남,23세,경상,,,,
2019052600100054,2019년 5월 26일 02시,일요일,충청남도 천안시 서북구 백석동,경상사고,0,0,2,0,차대차 - 추돌,안전운전불이행,건조,맑음,단일로 - 기타,승용,남,25세,상해없음,승용,남,58세,경상
2019052600100067,2019년 5월 26일 03시,일요일,충청남도 천안시 서북구 성정동,경상사고,0,0,2,0,차대차 - 기타,안전운전불이행,건조,맑음,단일로 - 기타,승용,남,40세,상해없음,승용,남,24세,경상
2019052600100068,2019년 5월 26일 03시,일요일,충청남도 아산시 음봉면,경상사고,0,0,1,0,차대차 - 정면충돌,신호위반,건조,맑음,교차로 - 교차로안,승용,남,62세,상해없음,승용,남,27세,상해없음
2019052600100102,2019년 5월 26일 06시,일요일,충청남도 천안시 동남구 풍세면,경상사고,0,0,2,0,차대차 - 측면충돌,교차로운행방법위반,건조,맑음,교차로 - 교차로안,승용,남,29세,상해없음,승용,남,56세,경상
2019052600100130,2019년 5월 26일 09시,일요일,충청남도 아산시 탕정면,경상사고,0,0,1,0,차대차 - 기타,차로위반,건조,맑음,단일로 - 기타,승용,남,47세,상해없음,승용,여,29세,경상
2019052600100157,2019년 5월 26일 10시,일요일,충청남도 서천군 마서면,경상사고,0,0,1,0,차대차 - 정면충돌,안전운전불이행,건조,맑음,단일로 - 기타,승용,여,59세,상해없음,승용,여,56세,경상
2019052600100188,2019년 5월 26일 11시,일요일,충청남도 당진시 송악읍,경상사고,0,0,1,0,차량단독 - 공작물충돌,안전운전불이행,건조,맑음,교차로 - 교차로부근,화물,남,82세,경상,,,,
2019052600100189,2019년 5월 26일 11시,일요일,충청남도 태안군 이원면,경상사고,0,0,1,0,차대차 - 측면충돌,교차로운행방법위반,건조,맑음,교차로 - 교차로안,농기계,남,60세,경상,승합,남,66세,상해없음
2019052600100222,2019년 5월 26일 12시,일요일,충청남도 서산시 동문동,경상사고,0,0,1,0,차대사람 - 횡단중,안전운전불이행,건조,맑음,단일로 - 기타,승용,남,60세,상해없음,보행자,남,8세,경상
2019052600100223,2019년 5월 26일 12시,일요일,충청남도 논산시 부창동,중상사고,0,1,0,0,차대차 - 측면충돌,직진우회전진행방해,건조,맑음,교차로 - 교차로안,승용,남,61세,상해없음,이륜,남,82세,중상
2019052600100224,2019년 5월 26일 12시,일요일,충청남도 서천군 기산면,중상사고,0,1,0,0,차대사람 - 길가장자리구역통행중,안전운전불이행,건조,맑음,단일로 - 기타,화물,남,50세,상해없음,보행자,남,68세,중상
2019052600100225,2019년 5월 26일 12시,일요일,충청남도 논산시 양촌면,중상사고,0,2,0,0,차대차 - 측면충돌,안전운전불이행,건조,맑음,단일로 - 기타,승용,남,43세,상해없음,승용,남,57세,중상
2019052600100255,2019년 5월 26일 13시,일요일,충청남도 천안시 동남구 신부동,경상사고,0,0,1,0,차대차 - 측면충돌,안전거리미확보,건조,맑음,단일로 - 기타,승용,남,62세,상해없음,승용,남,62세,경상
2019052600100328,2019년 5월 26일 15시,일요일,충청남도 공주시 정안면,경상사고,0,0,5,0,차대차 - 추돌,안전운전불이행,건조,맑음,단일로 - 터널,승합,남,63세,상해없음,승용,여,52세,경상
2019052600100400,2019년 5월 26일 17시,일요일,충청남도 천안시 서북구 두정동,경상사고,0,0,1,0,차대사람 - 기타,중앙선침범,건조,맑음,단일로 - 기타,화물,여,58세,상해없음,보행자,남,57세,경상
2019052600100426,2019년 5월 26일 18시,일요일,충청남도 천안시 서북구 성환읍,중상사고,0,1,1,0,차대차 - 기타,교차로운행방법위반,건조,맑음,교차로 - 교차로횡단보도내,화물,남,61세,상해없음,승용,여,56세,중상
2019052600100448,2019년 5월 26일 19시,일요일,충청남도 천안시 서북구 성정동,중상사고,0,1,0,0,차대차 - 기타,교차로운행방법위반,건조,맑음,교차로 - 교차로안,이륜,남,63세,중상,승용,여,30세,상해없음
2019052600100449,2019년 5월 26일 19시,일요일,충청남도 홍성군 구항면,중상사고,0,1,0,0,차량단독 - 공작물충돌,안전운전불이행,건조,맑음,단일로 - 기타,승용,여,35세,상해없음,,,,
2019052600100450,2019년 5월 26일 19시,일요일,충청남도 예산군 삽교읍,부상신고사고,0,0,0,1,차대차 - 기타,직진우회전진행방해,건조,맑음,교차로 - 교차로안,화물,남,40세,상해없음,승용,남,59세,부상신고
2019052700100027,2019년 5월 27일 00시,월요일,충청남도 천안시 서북구 불당동,경상사고,0,0,1,0,차대차 - 측면충돌,신호위반,건조,맑음,교차로 - 교차로안,승용,남,46세,상해없음,승용,남,19세,경상
2019052700100028,2019년 5월 27일 00시,월요일,충청남도 보령시 죽정동,중상사고,0,1,0,0,차대차 - 측면충돌,신호위반,젖음/습기,맑음,교차로 - 교차로안,승용,남,80세,상해없음,승용,여,60세,중상
2019052700100070,2019년 5월 27일 05시,월요일,충청남도 예산군 신양면,사망사고,1,0,0,0,차량단독 - 도로외이탈 - 기타,안전운전불이행,젖음/습기,비,단일로 - 기타,화물,남,63세,사망,,,,
2019052700100155,2019년 5월 27일 08시,월요일,충청남도 당진시 석문면,중상사고,0,1,2,0,차대차 - 측면충돌,신호위반,젖음/습기,흐림,교차로 - 교차로안,승용,여,61세,중상,승용,남,37세,경상
2019052700100189,2019년 5월 27일 09시,월요일,충청남도 태안군 근흥면,경상사고,0,0,2,0,차대차 - 정면충돌,중앙선침범,젖음/습기,흐림,교차로 - 교차로부근,승합,남,45세,경상,승용,남,74세,경상
2019052700100242,2019년 5월 27일 10시,월요일,충청남도 홍성군 은하면,경상사고,0,0,1,0,차대차 - 측면충돌,안전운전불이행,건조,맑음,교차로 - 교차로안,화물,남,67세,경상,화물,남,60세,상해없음
2019052700100243,2019년 5월 27일 10시,월요일,충청남도 공주시 유구읍,경상사고,0,0,1,0,차대차 - 측면충돌,직진우회전진행방해,젖음/습기,비,교차로 - 교차로안,승용,남,67세,경상,화물,남,57세,상해없음
2019052700100281,2019년 5월 27일 11시,월요일,충청남도 당진시 원당리,부상신고사고,0,0,0,1,차대차 - 기타,안전운전불이행,건조,맑음,교차로 - 교차로안,이륜,남,68세,부상신고,화물,남,47세,상해없음
2019052700100308,2019년 5월 27일 12시,월요일,충청남도 서산시 운산면,중상사고,0,1,0,0,차량단독 - 공작물충돌,안전운전불이행,젖음/습기,비,단일로 - 기타,승용,여,68세,상해없음,,,,
2019052700100309,2019년 5월 27일 12시,월요일,충청남도 천안시 서북구 쌍용동,중상사고,0,1,0,0,차대차 - 측면충돌,불법유턴,건조,맑음,단일로 - 기타,승용,남,39세,상해없음,이륜,남,28세,중상
2019052700100343,2019년 5월 27일 13시,월요일,충청남도 천안시 서북구 직산읍,경상사고,0,0,2,0,차대차 - 정면충돌,중앙선침범,건조,맑음,단일로 - 기타,화물,남,56세,상해없음,승합,남,62세,경상
2019052700100344,2019년 5월 27일 13시,월요일,충청남도 천안시 서북구 두정동,중상사고,0,1,1,0,차대차 - 후진중충돌,안전운전불이행,건조,맑음,기타 - 기타,승용,남,24세,중상,승용,여,56세,경상
2019052700100345,2019년 5월 27일 13시,월요일,충청남도 천안시 서북구 백석동,경상사고,0,0,1,0,차대차 - 측면충돌,차로위반,건조,맑음,단일로 - 기타,승용,여,52세,상해없음,승용,남,21세,경상
2019052700100346,2019년 5월 27일 13시,월요일,충청남도 논산시 취암동,중상사고,0,1,1,0,차대차 - 측면충돌,안전운전불이행,젖음/습기,비,교차로 - 교차로안,화물,남,41세,상해없음,승용,여,69세,중상
2019052700100347,2019년 5월 27일 13시,월요일,충청남도 예산군 신암면,중상사고,0,1,0,0,차대차 - 측면충돌,교차로운행방법위반,젖음/습기,흐림,교차로 - 교차로안,승용,여,69세,상해없음,승용,남,62세,중상
2019052700100378,2019년 5월 27일 14시,월요일,충청남도 천안시 동남구 안서동,경상사고,0,0,1,0,차대차 - 추돌,안전거리미확보,건조,맑음,단일로 - 기타,승용,여,41세,상해없음,승용,남,22세,경상
2019052700100411,2019년 5월 27일 15시,월요일,충청남도 아산시 신창면,경상사고,0,0,1,0,차대차 - 기타,안전운전불이행,젖음/습기,맑음,단일로 - 기타,화물,남,55세,상해없음,특수,남,47세,경상
2019052700100412,2019년 5월 27일 15시,월요일,충청남도 예산군 예산읍,경상사고,0,0,1,0,차대차 - 측면충돌,안전운전불이행,건조,맑음,단일로 - 기타,승용,여,57세,상해없음,승용,여,57세,경상
2019052700100413,2019년 5월 27일 15시,월요일,충청남도 금산군 금산읍,경상사고,0,0,1,0,차대차 - 측면충돌,안전운전불이행,젖음/습기,흐림,교차로 - 교차로안,이륜,남,79세,경상,승용,남,20세,상해없음
2019052700100443,2019년 5월 27일 16시,월요일,충청남도 금산군 금산읍,중상사고,0,1,0,0,차대사람 - 기타,안전운전불이행,젖음/습기,흐림,교차로 - 교차로안,승용,남,55세,상해없음,보행자,여,11세,중상
2019052700100478,2019년 5월 27일 17시,월요일,충청남도 예산군 예산읍,경상사고,0,0,1,0,차대차 - 측면충돌,교차로운행방법위반,젖음/습기,흐림,교차로 - 교차로안,승용,남,76세,상해없음,승용,남,30세,경상
2019052700100479,2019년 5월 27일 17시,월요일,충청남도 천안시 동남구 다가동,경상사고,0,0,1,0,차대차 - 측면충돌,신호위반,건조,맑음,단일로 - 기타,화물,남,70세,상해없음,승용,여,32세,경상
2019052700100516,2019년 5월 27일 18시,월요일,충청남도 서산시 인지면,경상사고,0,0,1,0,차대차 - 측면충돌,직진우회전진행방해,건조,맑음,교차로 - 교차로안,농기계,남,77세,경상,승용,여,27세,상해없음
2019052700100517,2019년 5월 27일 18시,월요일,충청남도 천안시 서북구 백석동,경상사고,0,0,1,0,차대차 - 추돌,안전운전불이행,건조,맑음,단일로 - 기타,승용,남,40세,상해없음,승용,남,26세,경상
2019052700100518,2019년 5월 27일 18시,월요일,충청남도 천안시 서북구 불당동,경상사고,0,0,1,0,차대차 - 측면충돌,안전운전불이행,건조,맑음,교차로 - 교차로안,개인형이동수단(PM),여,23세,경상,승용,남,59세,상해없음
2019052700100519,2019년 5월 27일 18시,월요일,충청남도 아산시 좌부동,경상사고,0,0,1,0,차대차 - 기타,안전운전불이행,건조,맑음,단일로 - 기타,화물,남,50세,상해없음,승용,남,49세,경상
2019052700100555,2019년 5월 27일 19시,월요일,충청남도 천안시 서북구 직산읍,경상사고,0,0,1,0,차대차 - 측면충돌,안전운전불이행,건조,맑음,단일로 - 기타,승용,남,19세,상해없음,승용,남,63세,경상
2019052700100556,2019년 5월 27일 19시,월요일,충청남도 천안시 동남구 신부동,경상사고,0,0,1,0,차대차 - 측면충돌,차로위반,건조,맑음,단일로 - 기타,승용,남,25세,상해없음,이륜,남,25세,경상
2019052700100578,2019년 5월 27일 20시,월요일,충청남도 천안시 서북구 쌍용동,경상사고,0,0,1,0,차대차 - 측면충돌,중앙선침범,건조,맑음,단일로 - 기타,승용,남,38세,상해없음,이륜,남,39세,경상
2019052700100579,2019년 5월 27일 20시,월요일,충청남도 천안시 동남구 신방동,중상사고,0,1,0,0,차대사람 - 횡단중,보행자보호의무위반,건조,맑음,교차로 - 교차로안,승합,남,47세,상해없음,보행자,여,49세,중상
2019052700100603,2019년 5월 27일 21시,월요일,충청남도 논산시 내동,중상사고,0,1,0,0,차대차 - 측면충돌,안전운전불이행,건조,맑음,교차로 - 교차로안,승합,남,29세,상해없음,이륜,남,17세,중상
2019052700100604,2019년 5월 27일 21시,월요일,충청남도 태안군 태안읍,경상사고,0,0,1,0,차대차 - 정면충돌,안전운전불이행,건조,맑음,단일로 - 기타,승용,남,39세,상해없음,승용,남,27세,경상
2019052700100628,2019년 5월 27일 22시,월요일,충청남도 천안시 서북구 불당동,경상사고,0,0,1,0,차대차 - 측면충돌,안전운전불이행,건조,맑음,단일로 - 기타,승용,남,27세,상해없음,승용,남,34세,경상
2019052700100629,2019년 5월 27일 22시,월요일,충청남도 아산시 음봉면,경상사고,0,0,1,0,차대차 - 기타,안전운전불이행,건조,기타,교차로 - 교차로안,승용,남,21세,상해없음,승용,여,46세,경상
2019052700100630,2019년 5월 27일 22시,월요일,충청남도 아산시 온천동,경상사고,0,0,1,0,차대사람 - 기타,안전운전불이행,건조,맑음,교차로 - 교차로안,승용,남,58세,상해없음,보행자,남,51세,경상
2019052700100649,2019년 5월 27일 23시,월요일,충청남도 공주시 금학동,경상사고,0,0,1,0,차대차 - 추돌,안전운전불이행,건조,맑음,교차로 - 교차로부근,승용,여,57세,상해없음,승용,여,29세,경상
2019052800100046,2019년 5월 28일 01시,화요일,충청남도 천안시 서북구 성정동,부상신고사고,0,0,0,1,차대차 - 측면충돌,안전운전불이행,건조,맑음,단일로 - 기타,이륜,남,23세,부상신고,화물,남,56세,상해없음
2019052800100056,2019년 5월 28일 03시,화요일,충청남도 천안시 서북구 성정동,경상사고,0,0,1,0,차대차 - 측면충돌,안전운전불이행,건조,맑음,단일로 - 기타,승용,남,49세,상해없음,승용,여,45세,경상
2019052800100075,2019년 5월 28일 05시,화요일,충청남도 당진시 송산면,중상사고,0,1,0,0,차대차 - 기타,안전운전불이행,건조,맑음,기타 - 기타,화물,남,69세,상해없음,이륜,남,71세,중상
2019052800100104,2019년 5월 28일 07시,화요일,충청남도 보령시 화산동,중상사고,0,1,1,0,차대차 - 측면충돌,안전운전불이행,건조,맑음,교차로 - 교차로안,승용,여,40세,경상,승용,남,24세,중상
2019052800100139,2019년 5월 28일 08시,화요일,충청남도 천안시 서북구 쌍용동,경상사고,0,0,3,0,차대차 - 정면충돌,교차로운행방법위반,건조,맑음,교차로 - 교차로안,승용,남,60세,상해없음,승용,여,39세,경상
2019052800100140,2019년 5월 28일 08시,화요일,충청남도 천안시 동남구 신부동,중상사고,0,1,0,0,차대사람 - 횡단중,안전운전불이행,건조,맑음,교차로 - 교차로부근,승용,남,27세,상해없음,보행자,여,7세,중상
2019052800100226,2019년 5월 28일 10시,화요일,충청남도 서산시 수석동,중상사고,0,1,0,0,차대차 - 측면충돌,안전운전불이행,건조,맑음,교차로 - 교차로안,자전거,남,45세,중상,승용,남,39세,상해없음
2019052800100258,2019년 5월 28일 11시,화요일,충청남도 아산시 도고면,중상사고,0,1,0,0,차대차 - 추돌,안전운전불이행,건조,맑음,교차로 - 교차로부근,화물,남,68세,상해없음,승용,남,66세,중상
2019052800100284,2019년 5월 28일 12시,화요일,충청남도 천안시 서북구 성정동,경상사고,0,0,1,0,차대차 - 후진중충돌,안전운전불이행,건조,맑음,교차로 - 교차로부근,승용,남,41세,상해없음,이륜,남,38세,경상
2019052800100285,2019년 5월 28일 12시,화요일,충청남도 천안시 동남구 광덕면,경상사고,0,0,2,0,차대차 - 추돌,안전운전불이행,건조,맑음,단일로 - 터널,승용,남,25세,상해없음,승용,남,45세,상해없음
2019052800100364,2019년 5월 28일 14시,화요일,충청남도 천안시 동남구 대흥동,경상사고,0,0,1,0,차대차 - 기타,안전운전불이행,건조,맑음,단일로 - 기타,승용,남,67세,상해없음,이륜,남,21세,경상
2019052800100365,2019년 5월 28일 14시,화요일,충청남도 천안시 동남구 청당동,경상사고,0,0,1,0,차대차 - 추돌,안전운전불이행,건조,맑음,단일로 - 기타,승용,여,28세,상해없음,승용,여,48세,경상
2019052800100366,2019년 5월 28일 14시,화요일,충청남도 천안시 동남구 다가동,경상사고,0,0,3,0,차대차 - 측면충돌,교차로운행방법위반,건조,맑음,교차로 - 교차로안,화물,남,66세,상해없음,승용,남,43세,경상
2019052800100413,2019년 5월 28일 15시,화요일,충청남도 천안시 서북구 불당동,경상사고,0,0,2,0,차대차 - 추돌,안전운전불이행,건조,맑음,교차로 - 교차로부근,승용,여,39세,상해없음,승용,남,66세,경상
2019052800100414,2019년 5월 28일 15시,화요일,충청남도 보령시 대천동,경상사고,0,0,1,0,차대차 - 기타,교차로운행방법위반,건조,맑음,교차로 - 교차로안,승용,남,70세,상해없음,승용,남,64세,상해없음
2019052800100464,2019년 5월 28일 16시,화요일,충청남도 서산시 음암면,경상사고,0,0,1,0,차대차 - 추돌,안전거리미확보,건조,맑음,단일로 - 기타,이륜,남,46세,경상,승용,남,33세,상해없음
2019052800100465,2019년 5월 28일 16시,화요일,충청남도 아산시 방축동,중상사고,0,1,0,0,차대차 - 기타,신호위반,건조,맑음,교차로 - 교차로안,승용,여,31세,상해없음,이륜,남,35세,중상
2019052800100589,2019년 5월 28일 18시,화요일,충청남도 보령시 명천동,경상사고,0,0,1,0,차대차 - 측면충돌,안전운전불이행,건조,맑음,교차로 - 교차로안,승용,여,48세,상해없음,자전거,남,38세,경상
2019052800100635,2019년 5월 28일 19시,화요일,충청남도 아산시 도고면,경상사고,0,0,1,0,차대차 - 추돌,안전운전불이행,건조,맑음,교차로 - 교차로부근,승합,여,56세,상해없음,승용,여,47세,경상
2019052800100637,2019년 5월 28일 19시,화요일,충청남도 당진시 채운동,경상사고,0,0,2,0,차대차 - 측면충돌,교차로운행방법위반,건조,맑음,교차로 - 교차로안,이륜,남,21세,경상,승용,여,62세,경상
2019052800100638,2019년 5월 28일 19시,화요일,충청남도 천안시 동남구 용곡동,경상사고,0,0,1,0,차대차 - 기타,안전운전불이행,건조,맑음,단일로 - 기타,승용,여,38세,상해없음,승용,남,42세,경상
2019052800100739,2019년 5월 28일 22시,화요일,충청남도 아산시 인주면,중상사고,0,1,2,0,차대차 - 추돌,기타,건조,맑음,교차로 - 교차로안,화물,남,18세,상해없음,승용,남,48세,경상
2019052800100776,2019년 5월 28일 23시,화요일,충청남도 아산시 둔포면,중상사고,0,1,0,0,차대차 - 기타,신호위반,건조,맑음,교차로 - 교차로안,승용,남,42세,상해없음,이륜,남,18세,중상
2019052900100029,2019년 5월 29일 00시,수요일,충청남도 천안시 서북구 성거읍,경상사고,0,0,2,0,차대차 - 기타,안전거리미확보,건조,맑음,단일로 - 기타,기타불명,기타불명,미분류,기타불명,승용,여,41세,경상