사고번호,사고일시,요일,시군구,사고내용,사망자수,중상자수,경상자수,부상신고자수,사고유형,법규위반,노면상태,기상상태,도로형태,가해운전자 차종,가해운전자 성별,가해운전자 연령,가해운전자 상해정도,피해운전자 차종,피해운전자 성별,피해운전자 연령,피해운전자 상해정도
2019052900100030,2019년 5월 29일 00시,수요일,충청남도 공주시 신관동,경상사고,0,0,1,0,차량단독 - 기타,안전운전불이행,건조,맑음,교차로 - 교차로부근,승용,남,35세,상해없음,,,,
2019052900100057,2019년 5월 29일 04시,수요일,충청남도 서산시 해미면,경상사고,0,0,2,0,차대차 - 측면충돌,안전운전불이행,건조,맑음,교차로 - 교차로안,승용,남,43세,경상,화물,여,58세,경상
2019052900100058,2019년 5월 29일 04시,수요일,충청남도 천안시 서북구 백석동,경상사고,0,0,4,0,차대차 - 측면충돌,신호위반,건조,맑음,교차로 - 교차로안,승용,남,65세,경상,승용,남,27세,경상
2019052900100065,2019년 5월 29일 05시,수요일,충청남도 보령시 죽정동,중상사고,0,3,0,0,차대차 - 측면충돌,과속,건조,맑음,교차로 - 교차로안,승용,남,47세,중상,승용,남,32세,중상
2019052900100104,2019년 5월 29일 07시,수요일,충청남도 금산군 금산읍,경상사고,0,0,1,0,차대차 - 측면충돌,안전운전불이행,건조,맑음,단일로 - 교량,승용,여,52세,상해없음,이륜,여,65세,경상
2019052900100145,2019년 5월 29일 08시,수요일,충청남도 당진시 읍내리,경상사고,0,0,3,0,차대차 - 추돌,안전운전불이행,건조,맑음,교차로 - 교차로부근,승합,여,41세,상해없음,승용,남,35세,경상
2019052900100190,2019년 5월 29일 09시,수요일,충청남도 천안시 동남구 봉명동,경상사고,0,0,1,0,차대차 - 측면충돌,안전운전불이행,건조,맑음,단일로 - 기타,화물,남,36세,상해없음,승용,남,33세,경상
2019052900100225,2019년 5월 29일 10시,수요일,충청남도 천안시 서북구 성환읍,중상사고,0,1,0,0,차대차 - 측면충돌,신호위반,건조,맑음,교차로 - 교차로안,승용,남,66세,상해없음,승용,여,34세,중상
2019052900100226,2019년 5월 29일 10시,수요일,충청남도 천안시 서북구 쌍용동,중상사고,0,1,0,0,차대차 - 측면충돌,신호위반,건조,맑음,교차로 - 교차로안,원동기,남,80세,중상,승용,남,50세,상해없음
2019052900100257,2019년 5월 29일 11시,수요일,충청남도 아산시 음봉면,중상사고,0,1,0,0,차대차 - 추돌,안전운전불이행,건조,맑음,교차로 - 교차로부근,화물,남,60세,상해없음,승용,남,50세,중상
2019052900100285,2019년 5월 29일 12시,수요일,충청남도 보령시 신흑동,경상사고,0,0,1,0,차대차 - 후진중충돌,안전운전불이행,건조,맑음,주차장 - 주차장,화물,남,30세,상해없음,승용,남,45세,경상
2019052900100318,2019년 5월 29일 13시,수요일,충청남도 당진시 신평면,경상사고,0,0,1,0,차대차 - 추돌,안전운전불이행,건조,맑음,단일로 - 기타,승용,여,35세,상해없음,승용,여,55세,경상
2019052900100319,2019년 5월 29일 13시,수요일,충청남도 천안시 동남구 사직동,중상사고,0,1,0,0,차대사람 - 기타,안전운전불이행,건조,맑음,단일로 - 기타,기타불명,기타불명,미분류,기타불명,보행자,여,81세,중상
2019052900100347,2019년 5월 29일 14시,수요일,충청남도 천안시 서북구 성환읍,경상사고,0,0,1,0,차대차 - 기타,안전운전불이행,건조,맑음,단일로 - 기타,승용,남,68세,상해없음,화물,남,53세,상해없음
2019052900100348,2019년 5월 29일 14시,수요일,충청남도 논산시 연산면,중상사고,0,1,0,0,차대사람 - 횡단중,안전운전불이행,건조,맑음,교차로 - 교차로안,승용,여,45세,상해없음,보행자,남,76세,중상
2019052900100349,2019년 5월 29일 14시,수요일,충청남도 금산군 금산읍,경상사고,0,0,1,0,차대사람 - 기타,안전운전불이행,건조,맑음,단일로 - 기타,승용,남,76세,상해없음,보행자,여,61세,경상
2019052900100400,2019년 5월 29일 15시,수요일,충청남도 천안시 서북구 불당동,중상사고,0,1,1,0,차대차 - 측면충돌,신호위반,건조,맑음,교차로 - 교차로안,승용,남,27세,상해없음,승용,여,44세,중상
2019052900100401,2019년 5월 29일 15시,수요일,충청남도 홍성군 홍북읍,중상사고,0,1,0,0,차량단독 - 도로외이탈 - 추락,안전운전불이행,젖음/습기,맑음,단일로 - 기타,이륜,남,70세,중상,,,,
2019052900100444,2019년 5월 29일 16시,수요일,충청남도 논산시 연산면,중상사고,0,1,1,0,차대차 - 측면충돌,교차로운행방법위반,건조,맑음,교차로 - 교차로안,승합,남,59세,상해없음,승용,남,26세,경상
2019052900100445,2019년 5월 29일 16시,수요일,충청남도 아산시 둔포면,사망사고,1,0,0,0,차량단독 - 공작물충돌,안전거리미확보,건조,맑음,단일로 - 기타,화물,남,57세,사망,,,,
2019052900100446,2019년 5월 29일 16시,수요일,충청남도 예산군 고덕면,중상사고,0,2,0,0,차대차 - 정면충돌,중앙선침범,건조,맑음,단일로 - 기타,화물,남,52세,상해없음,화물,남,50세,중상
2019052900100504,2019년 5월 29일 17시,수요일,충청남도 아산시 신창면,경상사고,0,0,1,0,차대차 - 측면충돌,안전운전불이행,건조,맑음,교차로 - 교차로안,승용,남,59세,상해없음,승용,여,20세,경상
2019052900100505,2019년 5월 29일 17시,수요일,충청남도 서천군 서천읍,경상사고,0,0,1,0,차대사람 - 기타,불법유턴,건조,맑음,주차장 - 주차장,승용,남,42세,상해없음,보행자,여,55세,경상
2019052900100555,2019년 5월 29일 18시,수요일,충청남도 논산시 채운면,부상신고사고,0,0,0,1,차량단독 - 전도전복 - 전도,안전운전불이행,건조,맑음,단일로 - 기타,이륜,남,62세,부상신고,,,,
2019052900100556,2019년 5월 29일 18시,수요일,충청남도 공주시 유구읍,부상신고사고,0,0,0,1,차대차 - 측면충돌,안전운전불이행,건조,맑음,교차로 - 교차로안,이륜,여,79세,부상신고,승용,여,24세,상해없음
2019052900100557,2019년 5월 29일 18시,수요일,충청남도 금산군 금성면,경상사고,0,0,1,0,차대차 - 측면충돌,안전운전불이행,건조,맑음,단일로 - 기타,승용,여,50세,상해없음,자전거,남,45세,경상
2019052900100642,2019년 5월 29일 20시,수요일,충청남도 당진시 채운동,경상사고,0,0,1,0,차대사람 - 횡단중,안전운전불이행,건조,맑음,교차로 - 교차로안,승합,여,49세,상해없음,보행자,남,59세,경상
2019052900100677,2019년 5월 29일 21시,수요일,충청남도 아산시 모종동,경상사고,0,0,1,0,차대사람 - 횡단중,안전운전불이행,건조,맑음,단일로 - 기타,승합,여,38세,상해없음,보행자,남,25세,경상
2019052900100726,2019년 5월 29일 23시,수요일,충청남도 아산시 배방읍,경상사고,0,0,1,0,차대차 - 추돌,안전운전불이행,건조,맑음,단일로 - 기타,승용,남,44세,상해없음,승용,남,58세,상해없음
2019053000100028,2019년 5월 30일 00시,목요일,충청남도 천안시 동남구 청수동,경상사고,0,0,1,0,차대차 - 측면충돌,중앙선침범,건조,맑음,교차로 - 교차로부근,승용,남,26세,상해없음,승용,남,51세,경상
2019053000100053,2019년 5월 30일 02시,목요일,충청남도 서산시 수석동,중상사고,0,1,0,0,차대차 - 추돌,안전운전불이행,건조,맑음,단일로 - 기타,승용,남,24세,상해없음,승용,여,46세,중상
2019053000100076,2019년 5월 30일 04시,목요일,충청남도 천안시 서북구 두정동,중상사고,0,1,1,0,차대차 - 측면충돌,신호위반,건조,맑음,교차로 - 교차로안,승용,남,19세,상해없음,승용,남,57세,중상
2019053000100152,2019년 5월 30일 08시,목요일,충청남도 서산시 석남동,경상사고,0,0,1,0,차대차 - 추돌,안전운전불이행,건조,맑음,단일로 - 기타,자전거,남,14세,경상,승용,여,45세,상해없음
2019053000100153,2019년 5월 30일 08시,목요일,충청남도 아산시 둔포면,경상사고,0,0,1,0,차대차 - 기타,안전운전불이행,건조,맑음,단일로 - 기타,승용,남,28세,상해없음,자전거,남,11세,경상
2019053000100154,2019년 5월 30일 08시,목요일,충청남도 천안시 동남구 청당동,경상사고,0,0,2,0,차대차 - 측면충돌,신호위반,건조,맑음,교차로 - 교차로안,승용,남,70세,상해없음,승용,남,49세,경상
2019053000100198,2019년 5월 30일 09시,목요일,충청남도 아산시 읍내동,경상사고,0,0,1,0,차대차 - 기타,안전운전불이행,기타,맑음,기타 - 기타,승용,남,77세,상해없음,승용,여,41세,경상
2019053000100199,2019년 5월 30일 09시,목요일,충청남도 공주시 신관동,중상사고,0,1,0,0,차대차 - 측면충돌,안전운전불이행,건조,맑음,단일로 - 기타,승용,남,63세,상해없음,승용,여,35세,중상
2019053000100228,2019년 5월 30일 10시,목요일,충청남도 당진시 신평면,경상사고,0,0,1,0,차대차 - 기타,기타,건조,맑음,교차로 - 교차로부근,승용,여,54세,상해없음,화물,남,37세,경상
2019053000100266,2019년 5월 30일 11시,목요일,충청남도 천안시 서북구 두정동,경상사고,0,0,1,0,차대차 - 추돌,안전운전불이행,건조,맑음,단일로 - 기타,승용,남,39세,상해없음,승용,남,47세,경상
2019053000100370,2019년 5월 30일 15시,목요일,충청남도 논산시 화지동,경상사고,0,0,1,0,차대차 - 측면충돌,기타,건조,맑음,교차로 - 교차로안,이륜,남,33세,경상,승용,남,44세,상해없음
2019053000100401,2019년 5월 30일 16시,목요일,충청남도 천안시 동남구 신부동,경상사고,0,0,1,0,차대차 - 측면충돌,안전운전불이행,건조,맑음,교차로 - 교차로부근,승용,남,56세,상해없음,이륜,남,33세,경상
2019053000100437,2019년 5월 30일 17시,목요일,충청남도 천안시 서북구 성환읍,경상사고,0,0,1,0,차대차 - 측면충돌,안전운전불이행,건조,맑음,단일로 - 기타,승용,여,48세,상해없음,자전거,남,50세,경상
2019053000100438,2019년 5월 30일 17시,목요일,충청남도 부여군 규암면,중상사고,0,1,0,0,차대차 - 측면충돌,중앙선침범,건조,맑음,단일로 - 기타,승용,여,51세,상해없음,화물,남,68세,중상
2019053000100439,2019년 5월 30일 17시,목요일,충청남도 당진시 송악읍,경상사고,0,0,1,0,차대차 - 정면충돌,중앙선침범,건조,맑음,단일로 - 기타,승용,남,39세,상해없음,승용,남,35세,경상
2019053000100440,2019년 5월 30일 17시,목요일,충청남도 청양군 대치면,중상사고,0,1,2,0,차대차 - 추돌,안전운전불이행,건조,맑음,교차로 - 교차로부근,화물,남,20세,상해없음,승용,여,44세,중상
2019053000100441,2019년 5월 30일 17시,목요일,충청남도 천안시 동남구 삼룡동,사망사고,1,0,0,0,차량단독 - 전도전복 - 전도,안전운전불이행,건조,맑음,단일로 - 기타,이륜,남,50세,사망,,,,
2019053000100442,2019년 5월 30일 17시,목요일,충청남도 태안군 태안읍,중상사고,0,1,2,0,차대차 - 측면충돌,신호위반,건조,맑음,교차로 - 교차로안,승용,여,48세,상해없음,승용,남,25세,경상
2019053000100443,2019년 5월 30일 17시,목요일,충청남도 태안군 안면읍,중상사고,0,2,0,0,차대차 - 측면충돌,직진우회전진행방해,건조,맑음,교차로 - 교차로안,화물,남,72세,상해없음,화물,여,64세,중상
2019053000100444,2019년 5월 30일 17시,목요일,충청남도 태안군 태안읍,부상신고사고,0,0,0,1,차대차 - 측면충돌,안전운전불이행,건조,맑음,교차로 - 교차로안,승용,남,64세,부상신고,승용,여,25세,상해없음
2019053000100481,2019년 5월 30일 18시,목요일,충청남도 서산시 석남동,경상사고,0,0,1,0,차대차 - 기타,안전운전불이행,건조,맑음,단일로 - 기타,승용,남,34세,상해없음,이륜,남,48세,경상
2019053000100482,2019년 5월 30일 18시,목요일,충청남도 천안시 서북구 성성동,경상사고,0,0,1,0,차대차 - 측면충돌,안전운전불이행,건조,맑음,교차로 - 교차로횡단보도내,승용,남,36세,상해없음,자전거,남,12세,경상
2019053000100483,2019년 5월 30일 18시,목요일,충청남도 천안시 서북구 두정동,경상사고,0,0,1,0,차대차 - 추돌,안전거리미확보,건조,맑음,교차로 - 교차로안,승용,남,34세,상해없음,이륜,남,23세,경상
2019053000100484,2019년 5월 30일 18시,목요일,충청남도 공주시 송선동,경상사고,0,0,1,0,차대차 - 측면충돌,안전운전불이행,건조,맑음,단일로 - 기타,승용,남,29세,기타불명,승용,남,46세,경상
2019053000100485,2019년 5월 30일 18시,목요일,충청남도 천안시 동남구 신방동,경상사고,0,0,1,0,차대사람 - 횡단중,보행자보호의무위반,건조,맑음,교차로 - 교차로안,승용,남,51세,상해없음,보행자,남,50세,경상
2019053000100523,2019년 5월 30일 19시,목요일,충청남도 천안시 서북구 불당동,경상사고,0,0,1,0,차대차 - 측면충돌,안전거리미확보,건조,맑음,단일로 - 기타,승용,남,33세,상해없음,승용,남,60세,경상
2019053000100524,2019년 5월 30일 19시,목요일,충청남도 공주시 반죽동,경상사고,0,0,1,0,차대차 - 측면충돌,신호위반,건조,맑음,교차로 - 교차로안,자전거,남,8세,경상,승용,남,23세,상해없음
2019053000100525,2019년 5월 30일 19시,목요일,충청남도 천안시 동남구 봉명동,경상사고,0,0,1,0,차대차 - 기타,안전운전불이행,건조,맑음,교차로 - 교차로안,승용,남,27세,상해없음,이륜,남,34세,경상
2019053000100590,2019년 5월 30일 21시,목요일,충청남도 아산시 음봉면,중상사고,0,1,0,0,차대사람 - 기타,안전운전불이행,건조,맑음,단일로 - 기타,승용,남,29세,상해없음,보행자,남,50세,중상
2019053000100591,2019년 5월 30일 21시,목요일,충청남도 예산군 예산읍,경상사고,0,0,1,0,차대차 - 정면충돌,중앙선침범,젖음/습기,흐림,단일로 - 기타,승용,남,66세,상해없음,승용,남,41세,경상
2019053000100615,2019년 5월 30일 22시,목요일,충청남도 예산군 삽교읍,경상사고,0,0,1,0,차대차 - 측면충돌,직진우회전진행방해,젖음/습기,맑음,교차로 - 교차로안,승용,남,28세,상해없음,승용,남,28세,경상
2019053000100616,2019년 5월 30일 22시,목요일,충청남도 천안시 동남구 병천면,중상사고,0,1,0,0,차대사람 - 횡단중,안전운전불이행,건조,맑음,단일로 - 기타,승용,여,57세,상해없음,보행자,여,18세,중상
2019053100100102,2019년 5월 31일 06시,금요일,충청남도 천안시 서북구 성정동,중상사고,0,1,1,0,차대차 - 측면충돌,직진우회전진행방해,건조,맑음,교차로 - 교차로안,승용,여,53세,중상,승용,여,31세,경상
2019053100100103,2019년 5월 31일 06시,금요일,충청남도 천안시 동남구 삼룡동,중상사고,0,1,0,0,차대차 - 추돌,안전운전불이행,건조,맑음,단일로 - 기타,화물,남,24세,중상,화물,남,50세,상해없음
2019053100100123,2019년 5월 31일 07시,금요일,충청남도 계룡시 엄사면,경상사고,0,0,1,0,차대차 - 측면충돌,교차로운행방법위반,건조,맑음,교차로 - 교차로횡단보도내,승용,남,45세,상해없음,자전거,남,76세,경상
2019053100100153,2019년 5월 31일 08시,금요일,충청남도 천안시 서북구 백석동,중상사고,0,1,0,0,차대사람 - 횡단중,보행자보호의무위반,건조,맑음,교차로 - 교차로횡단보도내,승용,남,37세,상해없음,보행자,남,36세,중상
2019053100100193,2019년 5월 31일 09시,금요일,충청남도 보령시 동대동,중상사고,0,1,1,0,차대차 - 측면충돌,안전운전불이행,건조,맑음,교차로 - 교차로부근,승용,남,69세,상해없음,승용,남,75세,중상
2019053100100223,2019년 5월 31일 10시,금요일,충청남도 서산시 석림동,중상사고,0,1,0,0,차대차 - 추돌,안전운전불이행,건조,맑음,교차로 - 교차로부근,승용,여,51세,상해없음,승용,여,56세,중상
2019053100100224,2019년 5월 31일 10시,금요일,충청남도 청양군 정산면,경상사고,0,0,1,0,차대차 - 후진중충돌,안전운전불이행,건조,맑음,기타 - 기타,승용,여,56세,상해없음,이륜,여,65세,경상
2019053100100249,2019년 5월 31일 11시,금요일,충청남도 서산시 인지면,중상사고,0,1,1,0,차대차 - 측면충돌,안전운전불이행,건조,맑음,단일로 - 기타,승용,여,43세,중상,화물,남,58세,경상
2019053100100250,2019년 5월 31일 11시,금요일,충청남도 금산군 추부면,경상사고,0,0,1,0,차대차 - 기타,안전운전불이행,건조,맑음,교차로 - 교차로안,화물,남,47세,경상,화물,남,59세,상해없음
2019053100100293,2019년 5월 31일 12시,금요일,충청남도 홍성군 갈산면,중상사고,0,1,0,0,차대차 - 기타,안전운전불이행,건조,맑음,교차로 - 교차로부근,화물,남,63세,상해없음,이륜,남,75세,중상
2019053100100294,2019년 5월 31일 12시,금요일,충청남도 아산시 염치읍,경상사고,0,0,1,0,차대차 - 측면충돌,안전운전불이행,건조,맑음,단일로 - 기타,건설기계,남,47세,상해없음,승용,여,48세,경상
2019053100100376,2019년 5월 31일 14시,금요일,충청남도 논산시 내동,중상사고,0,1,0,0,차대사람 - 횡단중,보행자보호의무위반,건조,맑음,교차로 - 교차로부근,승용,여,44세,상해없음,보행자,남,11세,중상
2019053100100417,2019년 5월 31일 15시,금요일,충청남도 서천군 서천읍,경상사고,0,0,1,0,차대차 - 측면충돌,안전운전불이행,건조,맑음,단일로 - 기타,자전거,남,59세,경상,화물,남,65세,상해없음
2019053100100475,2019년 5월 31일 16시,금요일,충청남도 논산시 연산면,중상사고,0,1,0,0,차대사람 - 횡단중,안전운전불이행,건조,맑음,교차로 - 교차로안,승합,남,46세,상해없음,보행자,남,84세,중상
2019053100100523,2019년 5월 31일 17시,금요일,충청남도 서산시 고북면,중상사고,0,2,0,0,차대차 - 기타,교차로운행방법위반,건조,맑음,교차로 - 교차로안,이륜,여,72세,중상,이륜,남,65세,중상
2019053100100579,2019년 5월 31일 18시,금요일,충청남도 천안시 서북구 직산읍,부상신고사고,0,0,0,1,차대차 - 측면충돌,신호위반,건조,맑음,교차로 - 교차로안,자전거,남,31세,부상신고,승용,남,40세,상해없음
2019053100100670,2019년 5월 31일 20시,금요일,충청남도 예산군 덕산면,경상사고,0,0,1,0,차대차 - 측면충돌,직진우회전진행방해,건조,맑음,교차로 - 교차로안,승용,남,41세,상해없음,화물,남,54세,상해없음
2019053100100710,2019년 5월 31일 21시,금요일,충청남도 아산시 온천동,경상사고,0,0,1,0,차대사람 - 기타,안전운전불이행,건조,맑음,교차로 - 교차로횡단보도내,기타불명,기타불명,미분류,기타불명,보행자,남,40세,경상
2019053100100711,2019년 5월 31일 21시,금요일,충청남도 서천군 서면,중상사고,0,1,0,0,차량단독 - 공작물충돌,안전운전불이행,건조,맑음,교차로 - 교차로안,화물,남,23세,중상,,,,
2019053100100712,2019년 5월 31일 21시,금요일,충청남도 공주시 금성동,경상사고,0,0,1,0,차대차 - 측면충돌,안전운전불이행,건조,맑음,교차로 - 교차로안,승용,남,50세,상해없음,자전거,여,23세,경상
2019053100100752,2019년 5월 31일 22시,금요일,충청남도 서산시 석림동,중상사고,0,1,0,0,차대차 - 추돌,안전운전불이행,건조,맑음,단일로 - 기타,승용,남,38세,상해없음,승용,여,54세,중상
2019053100100753,2019년 5월 31일 22시,금요일,충청남도 서산시 동문동,경상사고,0,0,2,0,차대차 - 기타,교차로운행방법위반,건조,맑음,교차로 - 교차로안,승용,여,49세,상해없음,이륜,남,19세,경상
2019053100100754,2019년 5월 31일 22시,금요일,충청남도 당진시 읍내리,경상사고,0,0,1,0,차대사람 - 보도통행중,안전운전불이행,건조,맑음,교차로 - 교차로부근,이륜,남,23세,상해없음,보행자,여,9세,경상
2019053100100788,2019년 5월 31일 23시,금요일,충청남도 보령시 동대동,중상사고,0,1,0,0,차대사람 - 횡단중,안전운전불이행,건조,맑음,단일로 - 기타,승용,남,32세,상해없음,보행자,남,30세,중상
2019053100100789,2019년 5월 31일 23시,금요일,충청남도 당진시 송악읍,중상사고,0,1,0,0,차대차 - 측면충돌,직진우회전진행방해,건조,기타,교차로 - 교차로안,승용,남,33세,상해없음,이륜,남,41세,중상
2019060100100033,2019년 6월 1일 00시,토요일,충청남도 천안시 서북구 백석동,경상사고,0,0,1,0,차대차 - 측면충돌,신호위반,건조,맑음,교차로 - 교차로안,승용,여,48세,상해없음,승용,남,60세,경상
2019060100100043,2019년 6월 1일 01시,토요일,충청남도 아산시 배방읍,경상사고,0,0,2,0,차대차 - 기타,교차로운행방법위반,건조,맑음,교차로 - 교차로안,승용,남,44세,상해없음,승용,남,30세,경상
2019060100100099,2019년 6월 1일 05시,토요일,충청남도 천안시 서북구 두정동,경상사고,0,0,1,0,차대차 - 측면충돌,신호위반,건조,맑음,교차로 - 교차로안,승용,남,58세,상해없음,승용,남,43세,경상
2019060100100100,2019년 6월 1일 05시,토요일,충청남도 서천군 화양면,중상사고,0,1,0,0,차량단독 - 전도전복 - 전도,기타,건조,맑음,단일로 - 기타,이륜,남,75세,중상,,,,
2019060100100135,2019년 6월 1일 08시,토요일,충청남도 예산군 덕산면,중상사고,0,1,0,0,차대차 - 기타,안전운전불이행,건조,맑음,주차장 - 주차장,승용,여,68세,상해없음,승용,여,54세,기타불명
2019060100100167,2019년 6월 1일 09시,토요일,충청남도 서천군 마서면,경상사고,0,0,1,0,차대차 - 추돌,안전운전불이행,건조,맑음,교차로 - 교차로안,승용,여,39세,상해없음,승합,여,52세,경상
2019060100100168,2019년 6월 1일 09시,토요일,충청남도 보령시 신흑동,경상사고,0,0,1,0,차대사람 - 기타,안전운전불이행,건조,맑음,단일로 - 기타,화물,남,66세,상해없음,보행자,남,39세,경상
2019060100100169,2019년 6월 1일 09시,토요일,충청남도 당진시 석문면,경상사고,0,0,1,0,차대차 - 측면충돌,안전운전불이행,건조,맑음,단일로 - 기타,승용,남,42세,경상,화물,남,50세,상해없음
2019060100100192,2019년 6월 1일 10시,토요일,충청남도 천안시 서북구 불당동,중상사고,0,1,0,0,차대사람 - 횡단중,보행자보호의무위반,건조,맑음,교차로 - 교차로안,승용,여,60세,상해없음,보행자,남,6세,중상
2019060100100193,2019년 6월 1일 10시,토요일,충청남도 천안시 서북구 두정동,경상사고,0,0,2,0,차대차 - 추돌,안전운전불이행,건조,맑음,단일로 - 기타,승용,여,31세,상해없음,승용,남,56세,경상
2019060100100228,2019년 6월 1일 11시,토요일,충청남도 당진시 송악읍,경상사고,0,0,1,1,차대차 - 측면충돌,안전운전불이행,건조,맑음,교차로 - 교차로안,특수,남,42세,상해없음,승용,여,24세,상해없음
2019060100100266,2019년 6월 1일 12시,토요일,충청남도 천안시 동남구 원성동,경상사고,0,0,2,0,차대차 - 측면충돌,직진우회전진행방해,건조,맑음,교차로 - 교차로안,승용,남,31세,상해없음,건설기계,남,51세,경상
2019060100100267,2019년 6월 1일 12시,토요일,충청남도 태안군 소원면,중상사고,0,1,0,0,차대차 - 측면충돌,차로위반,건조,맑음,기타 - 기타,이륜,남,66세,중상,승합,남,53세,기타불명
2019060100100303,2019년 6월 1일 13시,토요일,충청남도 논산시 강경읍,중상사고,0,1,0,0,차대차 - 측면충돌,교차로운행방법위반,건조,맑음,교차로 - 교차로안,승합,남,59세,상해없음,자전거,여,71세,중상
2019060100100304,2019년 6월 1일 13시,토요일,충청남도 아산시 권곡동,중상사고,0,3,3,0,차대차 - 기타,신호위반,건조,맑음,교차로 - 교차로안,승용,남,21세,상해없음,화물,남,42세,경상
2019060100100339,2019년 6월 1일 14시,토요일,충청남도 서천군 장항읍,경상사고,0,0,3,0,차대차 - 측면충돌,신호위반,건조,맑음,교차로 - 교차로안,승용,남,30세,경상,승용,여,41세,경상
2019060100100384,2019년 6월 1일 15시,토요일,충청남도 계룡시 엄사면,중상사고,0,1,0,0,차대차 - 추돌,안전운전불이행,건조,맑음,단일로 - 기타,승용,남,35세,상해없음,농기계,남,55세,중상
2019060100100421,2019년 6월 1일 16시,토요일,충청남도 태안군 안면읍,경상사고,0,0,2,0,차대차 - 추돌,안전운전불이행,건조,맑음,단일로 - 기타,사륜오토바이(ATV),여,34세,상해없음,사륜오토바이(ATV),남,45세,경상
2019060100100490,2019년 6월 1일 18시,토요일,충청남도 아산시 온천동,경상사고,0,0,1,0,차대차 - 측면충돌,안전운전불이행,건조,맑음,교차로 - 교차로안,이륜,남,26세,경상,승용,여,48세,상해없음
2019060100100510,2019년 6월 1일 19시,토요일,충청남도 서산시 읍내동,부상신고사고,0,0,0,1,차대차 - 기타,안전운전불이행,건조,맑음,교차로 - 교차로안,승용,남,55세,상해없음,승용,여,37세,상해없음
2019060100100535,2019년 6월 1일 20시,토요일,충청남도 천안시 서북구 두정동,경상사고,0,0,1,0,차대차 - 측면충돌,신호위반,건조,맑음,단일로 - 기타,이륜,남,55세,경상,승용,남,41세,상해없음
2019060100100593,2019년 6월 1일 22시,토요일,충청남도 홍성군 광천읍,사망사고,1,0,0,0,차대사람 - 차도통행중,안전운전불이행,건조,맑음,단일로 - 기타,승용,남,29세,상해없음,보행자,여,58세,사망
2019060200100027,2019년 6월 2일 00시,일요일,충청남도 홍성군 홍북읍,경상사고,0,0,2,0,차대차 - 측면충돌,신호위반,건조,맑음,교차로 - 교차로안,승용,남,32세,상해없음,승용,남,59세,경상
2019060200100064,2019년 6월 2일 04시,일요일,충청남도 천안시 서북구 백석동,경상사고,0,0,1,0,차대사람 - 기타,안전운전불이행,건조,맑음,교차로 - 교차로안,승용,남,28세,상해없음,보행자,남,31세,경상
2019060200100065,2019년 6월 2일 04시,일요일,충청남도 아산시 배방읍,사망사고,1,0,0,0,차량단독 - 공작물충돌,안전운전불이행,건조,맑음,교차로 - 교차로부근,승용,남,66세,사망,,,,
2019060200100082,2019년 6월 2일 06시,일요일,충청남도 당진시 채운동,경상사고,0,0,1,0,차대차 - 측면충돌,신호위반,건조,맑음,교차로 - 교차로안,승용,남,52세,상해없음,이륜,여,69세,경상
2019060200100107,2019년 6월 2일 08시,일요일,충청남도 천안시 서북구 성정동,경상사고,0,0,2,0,차대차 - 측면충돌,교차로운행방법위반,건조,맑음,교차로 - 교차로안,승용,남,40세,경상,승용,여,32세,경상
2019060200100108,2019년 6월 2일 08시,일요일,충청남도 당진시 석문면,중상사고,0,3,0,0,차대차 - 측면충돌,신호위반,건조,맑음,교차로 - 교차로안,승용,여,30세,중상,승용,남,55세,중상
2019060200100109,2019년 6월 2일 08시,일요일,충청남도 청양군 청양읍,중상사고,0,1,1,0,차대사람 - 기타,안전운전불이행,건조,맑음,단일로 - 기타,이륜,남,83세,경상,보행자,남,80세,중상
2019060200100124,2019년 6월 2일 09시,일요일,충청남도 보령시 대천동,경상사고,0,0,1,0,차대차 - 추돌,안전거리미확보,건조,맑음,단일로 - 기타,승용,남,59세,상해없음,승용,여,44세,경상
2019060200100166,2019년 6월 2일 11시,일요일,충청남도 홍성군 금마면,경상사고,0,0,5,0,차대차 - 추돌,안전운전불이행,건조,맑음,교차로 - 교차로부근,승용,남,26세,상해없음,승합,여,46세,경상
2019060200100167,2019년 6월 2일 11시,일요일,충청남도 예산군 응봉면,부상신고사고,0,0,0,1,차대사람 - 기타,안전운전불이행,건조,맑음,단일로 - 기타,기타불명,기타불명,미분류,기타불명,보행자,남,59세,부상신고
2019060200100179,2019년 6월 2일 12시,일요일,충청남도 공주시 신관동,경상사고,0,0,1,0,차대차 - 측면충돌,안전운전불이행,건조,맑음,교차로 - 교차로안,승용,남,30세,상해없음,화물,남,56세,상해없음
2019060200100274,2019년 6월 2일 15시,일요일,충청남도 태안군 남면,경상사고,0,0,1,0,차대차 - 측면충돌,차로위반,건조,맑음,단일로 - 기타,승용,남,46세,상해없음,승용,남,27세,경상
2019060200100278,2019년 6월 2일 15시,일요일,충청남도 서산시 운산면,경상사고,0,0,2,0,차대차 - 기타,안전거리미확보,건조,맑음,단일로 - 기타,승용,남,58세,상해없음,승용,여,48세,경상
2019060200100306,2019년 6월 2일 16시,일요일,충청남도 천안시 서북구 쌍용동,부상신고사고,0,0,0,1,차대차 - 추돌,안전운전불이행,건조,맑음,교차로 - 교차로부근,화물,남,39세,부상신고,화물,남,55세,기타불명
2019060200100342,2019년 6월 2일 17시,일요일,충청남도 논산시 상월면,중상사고,0,1,2,0,차대차 - 측면충돌,차로위반,건조,맑음,단일로 - 기타,승용,남,69세,상해없음,승용,남,44세,중상