사고번호,사고일시,요일,시군구,사고내용,사망자수,중상자수,경상자수,부상신고자수,사고유형,법규위반,노면상태,기상상태,도로형태,가해운전자 차종,가해운전자 성별,가해운전자 연령,가해운전자 상해정도,피해운전자 차종,피해운전자 성별,피해운전자 연령,피해운전자 상해정도
2019062000100344,2019년 6월 20일 14시,목요일,충청남도 공주시 옥룡동,경상사고,0,0,1,0,차대사람 - 기타,안전운전불이행,건조,맑음,주차장 - 주차장,화물,남,58세,상해없음,보행자,남,52세,경상
2019062000100345,2019년 6월 20일 14시,목요일,충청남도 태안군 안면읍,경상사고,0,0,4,0,차대차 - 추돌,안전거리미확보,건조,맑음,단일로 - 기타,화물,남,59세,상해없음,승용,남,71세,상해없음
2019062000100376,2019년 6월 20일 15시,목요일,충청남도 천안시 서북구 두정동,경상사고,0,0,1,0,차대차 - 측면충돌,안전거리미확보,건조,맑음,단일로 - 기타,승용,여,43세,상해없음,승용,남,46세,경상
2019062000100377,2019년 6월 20일 15시,목요일,충청남도 논산시 벌곡면,경상사고,0,0,1,0,차대차 - 측면충돌,중앙선침범,건조,맑음,단일로 - 기타,화물,남,61세,상해없음,승용,여,61세,경상
2019062000100378,2019년 6월 20일 15시,목요일,충청남도 공주시 정안면,중상사고,0,1,0,0,차대사람 - 기타,안전운전불이행,건조,맑음,교차로 - 교차로안,화물,남,38세,상해없음,보행자,남,81세,중상
2019062000100420,2019년 6월 20일 16시,목요일,충청남도 부여군 구룡면,경상사고,0,0,1,0,차량단독 - 도로외이탈 - 추락,안전운전불이행,건조,맑음,단일로 - 기타,승용,남,48세,상해없음,,,,
2019062000100470,2019년 6월 20일 17시,목요일,충청남도 공주시 옥룡동,경상사고,0,0,2,0,차대차 - 측면충돌,신호위반,건조,맑음,교차로 - 교차로부근,승용,남,48세,상해없음,승합,남,49세,경상
2019062000100472,2019년 6월 20일 17시,목요일,충청남도 예산군 삽교읍,경상사고,0,0,1,0,차대차 - 측면충돌,직진우회전진행방해,건조,맑음,교차로 - 교차로안,승용,남,27세,상해없음,화물,남,49세,경상
2019062000100517,2019년 6월 20일 18시,목요일,충청남도 서산시 지곡면,경상사고,0,0,1,0,차대차 - 측면충돌,안전운전불이행,건조,맑음,단일로 - 기타,승용,남,58세,상해없음,승용,여,48세,경상
2019062000100518,2019년 6월 20일 18시,목요일,충청남도 공주시 금흥동,중상사고,0,1,0,0,차대사람 - 횡단중,보행자보호의무위반,건조,맑음,교차로 - 교차로횡단보도내,승용,남,51세,상해없음,보행자,남,52세,중상
2019062000100519,2019년 6월 20일 18시,목요일,충청남도 천안시 동남구 안서동,경상사고,0,0,1,0,차대차 - 추돌,안전운전불이행,건조,맑음,단일로 - 기타,승용,여,24세,상해없음,승용,남,30세,경상
2019062000100587,2019년 6월 20일 20시,목요일,충청남도 논산시 취암동,중상사고,0,1,0,0,차대사람 - 횡단중,안전운전불이행,건조,맑음,교차로 - 교차로안,승용,남,31세,상해없음,보행자,여,76세,중상
2019062000100588,2019년 6월 20일 20시,목요일,충청남도 아산시 둔포면,경상사고,0,0,2,0,차대차 - 측면충돌,신호위반,건조,맑음,교차로 - 교차로안,승용,남,26세,상해없음,승용,여,22세,경상
2019062000100589,2019년 6월 20일 20시,목요일,충청남도 보령시 동대동,경상사고,0,0,1,0,차대차 - 측면충돌,신호위반,건조,맑음,교차로 - 교차로안,승용,남,31세,경상,승합,남,51세,상해없음
2019062000100591,2019년 6월 20일 20시,목요일,충청남도 부여군 부여읍,경상사고,0,0,1,0,차대차 - 측면충돌,안전운전불이행,건조,맑음,단일로 - 기타,승용,남,68세,상해없음,자전거,여,59세,경상
2019062000100619,2019년 6월 20일 21시,목요일,충청남도 서산시 석림동,중상사고,0,1,0,0,차대사람 - 횡단중,보행자보호의무위반,건조,맑음,교차로 - 교차로안,화물,남,47세,상해없음,보행자,남,64세,중상
2019062000100621,2019년 6월 20일 21시,목요일,충청남도 태안군 태안읍,중상사고,0,1,1,0,차대차 - 측면충돌,직진우회전진행방해,건조,맑음,교차로 - 교차로안,승용,남,57세,경상,승용,여,72세,중상
2019062000100671,2019년 6월 20일 23시,목요일,충청남도 예산군 예산읍,경상사고,0,0,1,0,차대사람 - 기타,안전운전불이행,건조,맑음,기타 - 기타,승용,여,39세,상해없음,보행자,남,63세,경상
2019062100100050,2019년 6월 21일 02시,금요일,충청남도 천안시 서북구 직산읍,중상사고,0,1,0,0,차량단독 - 공작물충돌,안전운전불이행,건조,맑음,교차로 - 교차로안,이륜,남,14세,중상,,,,
2019062100100066,2019년 6월 21일 04시,금요일,충청남도 당진시 면천면,중상사고,0,1,0,0,차대차 - 기타,안전운전불이행,건조,맑음,단일로 - 기타,승용,여,40세,상해없음,화물,남,45세,중상
2019062100100076,2019년 6월 21일 06시,금요일,충청남도 천안시 동남구 구성동,경상사고,0,0,1,0,차대차 - 측면충돌,신호위반,건조,맑음,교차로 - 교차로안,승용,남,57세,상해없음,화물,남,56세,경상
2019062100100097,2019년 6월 21일 07시,금요일,충청남도 금산군 군북면,중상사고,0,1,1,0,차대차 - 추돌,안전운전불이행,건조,맑음,단일로 - 기타,화물,여,30세,경상,화물,남,58세,기타불명
2019062100100098,2019년 6월 21일 07시,금요일,충청남도 천안시 동남구 신방동,경상사고,0,0,1,0,차대차 - 추돌,안전거리미확보,건조,맑음,교차로 - 교차로부근,승용,남,59세,상해없음,승용,남,29세,경상
2019062100100230,2019년 6월 21일 11시,금요일,충청남도 천안시 동남구 원성동,경상사고,0,0,2,0,차대차 - 기타,차로위반,건조,맑음,단일로 - 기타,승용,남,52세,상해없음,승용,남,57세,상해없음
2019062100100257,2019년 6월 21일 12시,금요일,충청남도 천안시 서북구 백석동,경상사고,0,0,2,0,차대차 - 추돌,안전운전불이행,건조,맑음,단일로 - 기타,승용,남,60세,상해없음,승용,남,65세,경상
2019062100100258,2019년 6월 21일 12시,금요일,충청남도 논산시 노성면,중상사고,0,2,3,0,차대차 - 측면충돌,교차로운행방법위반,건조,맑음,교차로 - 교차로안,승용,남,27세,중상,승용,남,42세,경상
2019062100100289,2019년 6월 21일 13시,금요일,충청남도 천안시 서북구 차암동,경상사고,0,0,2,0,차대차 - 측면충돌,신호위반,건조,맑음,교차로 - 교차로부근,승용,남,30세,상해없음,승용,여,26세,경상
2019062100100290,2019년 6월 21일 13시,금요일,충청남도 홍성군 홍성읍,경상사고,0,0,1,0,차대차 - 측면충돌,교차로운행방법위반,건조,맑음,교차로 - 교차로안,승용,여,20세,상해없음,승용,여,48세,경상
2019062100100291,2019년 6월 21일 13시,금요일,충청남도 천안시 동남구 유량동,중상사고,0,1,0,0,차대차 - 측면충돌,안전운전불이행,건조,맑음,단일로 - 기타,승용,여,61세,중상,승합,남,75세,기타불명
2019062100100324,2019년 6월 21일 14시,금요일,충청남도 아산시 둔포면,경상사고,0,0,1,0,차대차 - 추돌,안전운전불이행,건조,맑음,교차로 - 교차로부근,화물,남,58세,상해없음,승용,남,38세,경상
2019062100100370,2019년 6월 21일 15시,금요일,충청남도 서천군 기산면,중상사고,0,1,0,0,차량단독 - 전도전복 - 전도,안전운전불이행,건조,맑음,교차로 - 교차로안,화물,남,44세,중상,,,,
2019062100100413,2019년 6월 21일 16시,금요일,충청남도 아산시 배방읍,경상사고,0,0,1,0,차대사람 - 횡단중,신호위반,건조,맑음,교차로 - 교차로부근,승용,여,29세,상해없음,보행자,남,8세,경상
2019062100100415,2019년 6월 21일 16시,금요일,충청남도 태안군 태안읍,중상사고,0,1,0,0,차량단독 - 도로외이탈 - 기타,안전운전불이행,건조,맑음,기타 - 기타,화물,남,77세,상해없음,,,,
2019062100100463,2019년 6월 21일 17시,금요일,충청남도 당진시 송산면,중상사고,0,1,0,0,차대사람 - 횡단중,안전운전불이행,건조,맑음,교차로 - 교차로안,승용,여,47세,상해없음,보행자,남,31세,중상
2019062100100515,2019년 6월 21일 18시,금요일,충청남도 서산시 석림동,경상사고,0,0,1,0,차대차 - 측면충돌,교차로운행방법위반,건조,맑음,교차로 - 교차로안,승용,남,27세,상해없음,이륜,남,18세,경상
2019062100100516,2019년 6월 21일 18시,금요일,충청남도 천안시 서북구 두정동,경상사고,0,0,1,0,차대차 - 측면충돌,신호위반,건조,맑음,교차로 - 교차로안,원동기,남,56세,상해없음,승용,남,36세,경상
2019062100100517,2019년 6월 21일 18시,금요일,충청남도 천안시 서북구 성환읍,경상사고,0,0,1,0,차대차 - 측면충돌,안전운전불이행,건조,맑음,주차장 - 주차장,승용,남,35세,상해없음,승용,여,58세,경상
2019062100100518,2019년 6월 21일 18시,금요일,충청남도 부여군 부여읍,경상사고,0,0,1,0,차대차 - 정면충돌,직진우회전진행방해,건조,맑음,교차로 - 교차로안,승용,남,66세,상해없음,이륜,여,71세,경상
2019062100100519,2019년 6월 21일 18시,금요일,충청남도 청양군 청양읍,중상사고,0,1,0,0,차량단독 - 전도전복 - 전도,안전운전불이행,건조,맑음,단일로 - 기타,이륜,남,58세,중상,,,,
2019062100100520,2019년 6월 21일 18시,금요일,충청남도 천안시 동남구 청당동,경상사고,0,0,4,0,차대차 - 추돌,안전거리미확보,건조,맑음,단일로 - 기타,화물,남,66세,상해없음,화물,남,76세,경상
2019062100100617,2019년 6월 21일 20시,금요일,충청남도 천안시 서북구 불당동,경상사고,0,0,1,0,차대차 - 추돌,안전운전불이행,건조,맑음,단일로 - 기타,승용,남,59세,상해없음,승용,남,48세,경상
2019062100100618,2019년 6월 21일 20시,금요일,충청남도 예산군 덕산면,경상사고,0,0,1,0,차대차 - 측면충돌,안전운전불이행,건조,맑음,교차로 - 교차로안,승용,여,55세,상해없음,승용,남,42세,경상
2019062100100659,2019년 6월 21일 21시,금요일,충청남도 당진시 읍내리,경상사고,0,0,1,0,차대차 - 측면충돌,기타,건조,맑음,교차로 - 교차로안,승용,남,20세,상해없음,승용,여,31세,상해없음
2019062100100660,2019년 6월 21일 21시,금요일,충청남도 청양군 청양읍,중상사고,0,1,0,0,차대사람 - 횡단중,안전운전불이행,건조,맑음,교차로 - 교차로안,승용,남,53세,상해없음,보행자,남,41세,중상
2019062100100701,2019년 6월 21일 22시,금요일,충청남도 논산시 취암동,경상사고,0,0,1,0,차대차 - 기타,교차로운행방법위반,건조,맑음,교차로 - 교차로안,이륜,남,20세,경상,이륜,남,17세,상해없음
2019062100100704,2019년 6월 21일 22시,금요일,충청남도 태안군 태안읍,중상사고,0,1,0,0,차대사람 - 기타,안전운전불이행,건조,맑음,단일로 - 기타,승용,남,36세,상해없음,보행자,남,58세,중상
2019062200100118,2019년 6월 22일 04시,토요일,충청남도 보령시 명천동,경상사고,0,0,4,0,차대차 - 측면충돌,신호위반,건조,맑음,교차로 - 교차로안,승용,남,71세,경상,승용,남,25세,경상
2019062200100131,2019년 6월 22일 05시,토요일,충청남도 보령시 죽정동,경상사고,0,0,2,0,차대차 - 측면충돌,신호위반,건조,맑음,교차로 - 교차로안,승용,남,50세,상해없음,승용,여,52세,경상
2019062200100146,2019년 6월 22일 06시,토요일,충청남도 천안시 동남구 풍세면,중상사고,0,1,0,0,차량단독 - 공작물충돌,안전운전불이행,건조,맑음,단일로 - 기타,승용,여,59세,상해없음,,,,
2019062200100186,2019년 6월 22일 09시,토요일,충청남도 보령시 명천동,경상사고,0,0,1,0,차대사람 - 횡단중,보행자보호의무위반,건조,맑음,교차로 - 교차로횡단보도내,화물,남,77세,상해없음,보행자,남,55세,경상
2019062200100187,2019년 6월 22일 09시,토요일,충청남도 당진시 송악읍,경상사고,0,0,2,0,차대차 - 측면충돌,안전운전불이행,건조,맑음,단일로 - 기타,승용,남,51세,상해없음,이륜,남,44세,경상
2019062200100218,2019년 6월 22일 10시,토요일,충청남도 서산시 운산면,경상사고,0,0,7,0,차대차 - 추돌,안전운전불이행,건조,맑음,단일로 - 기타,승합,남,36세,상해없음,화물,남,32세,상해없음
2019062200100262,2019년 6월 22일 11시,토요일,충청남도 천안시 동남구 원성동,경상사고,0,0,1,0,차대차 - 추돌,안전거리미확보,건조,맑음,교차로 - 교차로부근,건설기계,남,57세,상해없음,승용,여,57세,경상
2019062200100263,2019년 6월 22일 11시,토요일,충청남도 천안시 동남구 청당동,경상사고,0,0,1,0,차대차 - 추돌,안전운전불이행,건조,맑음,단일로 - 기타,승용,여,36세,상해없음,승용,남,26세,경상
2019062200100264,2019년 6월 22일 11시,토요일,충청남도 천안시 동남구 신부동,중상사고,0,1,3,0,차대차 - 기타,안전운전불이행,건조,맑음,단일로 - 기타,승용,남,45세,상해없음,승합,남,60세,상해없음
2019062200100305,2019년 6월 22일 12시,토요일,충청남도 보령시 동대동,경상사고,0,0,2,0,차대차 - 측면충돌,직진우회전진행방해,건조,맑음,교차로 - 교차로안,승용,남,61세,상해없음,승용,남,58세,경상
2019062200100348,2019년 6월 22일 13시,토요일,충청남도 청양군 정산면,중상사고,0,1,0,0,차대사람 - 기타,안전운전불이행,건조,맑음,기타 - 기타,승용,남,34세,상해없음,보행자,남,3세,중상
2019062200100349,2019년 6월 22일 13시,토요일,충청남도 천안시 동남구 신부동,경상사고,0,0,1,0,차대차 - 측면충돌,안전거리미확보,건조,맑음,단일로 - 기타,승용,남,62세,상해없음,승합,남,37세,경상
2019062200100384,2019년 6월 22일 14시,토요일,충청남도 논산시 양촌면,중상사고,0,1,0,0,차대차 - 추돌,중앙선침범,건조,맑음,단일로 - 기타,화물,남,57세,상해없음,사륜오토바이(ATV),여,76세,중상
2019062200100433,2019년 6월 22일 15시,토요일,충청남도 아산시 둔포면,경상사고,0,0,1,0,차대차 - 추돌,안전운전불이행,건조,맑음,단일로 - 기타,승용,남,37세,상해없음,화물,남,36세,경상
2019062200100434,2019년 6월 22일 15시,토요일,충청남도 당진시 신평면,경상사고,0,0,1,0,차대차 - 기타,안전운전불이행,건조,맑음,교차로 - 교차로안,승용,남,36세,상해없음,이륜,남,27세,경상
2019062200100435,2019년 6월 22일 15시,토요일,충청남도 태안군 태안읍,경상사고,0,0,1,0,차대차 - 측면충돌,교차로운행방법위반,건조,맑음,교차로 - 교차로안,승용,남,70세,상해없음,화물,남,40세,상해없음
2019062200100472,2019년 6월 22일 16시,토요일,충청남도 보령시 신흑동,경상사고,0,0,1,0,차대차 - 측면충돌,신호위반,건조,맑음,교차로 - 교차로안,승용,여,57세,상해없음,화물,남,60세,경상
2019062200100473,2019년 6월 22일 16시,토요일,충청남도 보령시 신흑동,경상사고,0,0,1,0,차대사람 - 기타,안전운전불이행,건조,맑음,단일로 - 기타,승용,남,57세,상해없음,보행자,남,38세,경상
2019062200100474,2019년 6월 22일 16시,토요일,충청남도 천안시 서북구 성거읍,중상사고,0,1,1,0,차대차 - 기타,안전운전불이행,건조,맑음,단일로 - 기타,승용,여,59세,상해없음,승용,여,49세,중상
2019062200100522,2019년 6월 22일 17시,토요일,충청남도 천안시 서북구 성거읍,중상사고,0,1,0,0,차대사람 - 기타,안전운전불이행,건조,맑음,단일로 - 기타,승용,남,28세,상해없음,보행자,남,31세,중상
2019062200100523,2019년 6월 22일 17시,토요일,충청남도 천안시 서북구 성환읍,경상사고,0,0,3,0,차대차 - 기타,안전운전불이행,건조,맑음,단일로 - 기타,건설기계,남,46세,상해없음,승용,여,47세,경상
2019062200100524,2019년 6월 22일 17시,토요일,충청남도 논산시 연무읍,중상사고,0,2,0,1,차대차 - 측면충돌,안전운전불이행,건조,맑음,단일로 - 기타,승용,남,61세,부상신고,승용,남,48세,중상
2019062200100525,2019년 6월 22일 17시,토요일,충청남도 공주시 정안면,경상사고,0,0,3,0,차대차 - 기타,안전운전불이행,건조,맑음,단일로 - 기타,승용,남,53세,상해없음,승용,여,35세,경상
2019062200100558,2019년 6월 22일 18시,토요일,충청남도 서천군 화양면,경상사고,0,0,1,0,차대사람 - 기타,안전운전불이행,건조,맑음,단일로 - 기타,자전거,남,50세,상해없음,보행자,여,50세,경상
2019062200100590,2019년 6월 22일 19시,토요일,충청남도 아산시 온천동,경상사고,0,0,1,0,차대사람 - 기타,안전운전불이행,건조,맑음,단일로 - 기타,기타불명,기타불명,미분류,기타불명,보행자,남,16세,경상
2019062200100664,2019년 6월 22일 21시,토요일,충청남도 천안시 동남구 북면,중상사고,0,1,0,0,차량단독 - 전도전복 - 전도,안전운전불이행,건조,맑음,단일로 - 기타,이륜,남,50세,중상,,,,
2019062200100723,2019년 6월 22일 23시,토요일,충청남도 서천군 서천읍,경상사고,0,0,1,1,차대차 - 측면충돌,직진우회전진행방해,건조,맑음,교차로 - 교차로안,승용,남,56세,부상신고,승용,남,51세,경상
2019062300100034,2019년 6월 23일 00시,일요일,충청남도 아산시 영인면,경상사고,0,0,1,0,차대차 - 추돌,안전운전불이행,건조,맑음,단일로 - 고가도로위,화물,남,64세,기타불명,승용,남,32세,경상
2019062300100035,2019년 6월 23일 00시,일요일,충청남도 당진시 읍내리,경상사고,0,0,1,0,차대사람 - 기타,기타,건조,맑음,기타 - 기타,승용,남,29세,상해없음,보행자,남,27세,경상
2019062300100063,2019년 6월 23일 02시,일요일,충청남도 서산시 예천동,경상사고,0,0,1,0,차대차 - 측면충돌,안전운전불이행,건조,맑음,교차로 - 교차로안,승용,남,39세,상해없음,승용,남,18세,경상
2019062300100091,2019년 6월 23일 04시,일요일,충청남도 천안시 서북구 성정동,경상사고,0,0,1,0,차대차 - 추돌,안전운전불이행,건조,맑음,교차로 - 교차로부근,승용,남,28세,상해없음,승용,남,29세,상해없음
2019062300100092,2019년 6월 23일 04시,일요일,충청남도 천안시 동남구 삼룡동,경상사고,0,0,1,0,차대차 - 추돌,안전운전불이행,건조,맑음,단일로 - 기타,승용,남,27세,상해없음,건설기계,남,29세,경상
2019062300100131,2019년 6월 23일 08시,일요일,충청남도 논산시 강경읍,중상사고,0,1,0,0,차대차 - 측면충돌,기타,건조,맑음,교차로 - 교차로안,이륜,남,64세,중상,승용,남,53세,상해없음
2019062300100147,2019년 6월 23일 09시,일요일,충청남도 당진시 신평면,경상사고,0,0,3,0,차대차 - 기타,안전운전불이행,건조,맑음,교차로 - 교차로안,승용,여,59세,상해없음,승용,여,34세,경상
2019062300100148,2019년 6월 23일 09시,일요일,충청남도 천안시 동남구 광덕면,사망사고,1,0,0,0,차대사람 - 기타,안전운전불이행,건조,맑음,교차로 - 교차로안,승합,남,58세,상해없음,보행자,여,86세,사망
2019062300100149,2019년 6월 23일 09시,일요일,충청남도 천안시 동남구 풍세면,경상사고,0,0,1,0,차대차 - 추돌,안전운전불이행,건조,맑음,단일로 - 기타,승용,남,55세,상해없음,승용,여,51세,경상
2019062300100179,2019년 6월 23일 10시,일요일,충청남도 천안시 동남구 목천읍,중상사고,0,2,1,0,차대차 - 추돌,안전운전불이행,건조,맑음,단일로 - 기타,승합,여,40세,경상,승용,남,60세,중상
2019062300100204,2019년 6월 23일 11시,일요일,충청남도 논산시 부적면,사망사고,1,0,0,0,차량단독 - 전도전복 - 전도,안전운전불이행,건조,맑음,단일로 - 기타,자전거,여,58세,사망,,,,
2019062300100205,2019년 6월 23일 11시,일요일,충청남도 서천군 서면,경상사고,0,0,1,0,차대차 - 측면충돌,중앙선침범,건조,맑음,단일로 - 기타,이륜,남,80세,경상,승합,남,72세,상해없음
2019062300100206,2019년 6월 23일 11시,일요일,충청남도 태안군 안면읍,경상사고,0,0,9,1,차대차 - 추돌,안전거리미확보,건조,맑음,단일로 - 교량,승용,남,36세,부상신고,승용,남,37세,경상
2019062300100230,2019년 6월 23일 12시,일요일,충청남도 천안시 서북구 성정동,경상사고,0,0,1,0,차대차 - 기타,신호위반,건조,맑음,교차로 - 교차로안,승용,남,56세,상해없음,승용,남,29세,경상
2019062300100271,2019년 6월 23일 13시,일요일,충청남도 서산시 해미면,경상사고,0,0,3,0,차대차 - 측면충돌,안전거리미확보,건조,맑음,단일로 - 기타,승용,남,60세,상해없음,승용,남,49세,경상
2019062300100272,2019년 6월 23일 13시,일요일,충청남도 천안시 서북구 백석동,경상사고,0,0,2,0,차대차 - 추돌,안전거리미확보,건조,맑음,교차로 - 교차로부근,승용,남,36세,상해없음,승용,남,36세,경상
2019062300100273,2019년 6월 23일 13시,일요일,충청남도 예산군 예산읍,경상사고,0,0,1,0,차대사람 - 기타,안전운전불이행,건조,맑음,단일로 - 기타,승용,여,49세,상해없음,보행자,남,73세,경상
2019062300100274,2019년 6월 23일 13시,일요일,충청남도 당진시 수청리,경상사고,0,0,5,0,차대차 - 추돌,안전거리미확보,건조,맑음,단일로 - 기타,승용,남,66세,상해없음,승용,남,28세,경상
2019062300100342,2019년 6월 23일 15시,일요일,충청남도 천안시 동남구 청수동,경상사고,0,0,1,0,차대차 - 기타,보행자보호의무위반,건조,맑음,교차로 - 교차로안,이륜,남,57세,상해없음,기타불명,남,10세,경상
2019062300100343,2019년 6월 23일 15시,일요일,충청남도 천안시 동남구 신부동,중상사고,0,1,0,0,차대차 - 추돌,안전운전불이행,건조,맑음,단일로 - 기타,승용,여,49세,상해없음,승용,여,47세,중상
2019062300100382,2019년 6월 23일 16시,일요일,충청남도 서산시 대산읍,중상사고,0,1,0,0,차대사람 - 차도통행중,안전운전불이행,건조,맑음,주차장 - 주차장,승용,남,50세,상해없음,보행자,남,36세,중상
2019062300100383,2019년 6월 23일 16시,일요일,충청남도 홍성군 광천읍,경상사고,0,0,1,0,차대차 - 측면충돌,신호위반,건조,맑음,교차로 - 교차로안,이륜,남,71세,상해없음,승합,남,53세,경상
2019062300100384,2019년 6월 23일 16시,일요일,충청남도 공주시 반포면,경상사고,0,0,3,0,차대차 - 측면충돌,중앙선침범,건조,맑음,교차로 - 교차로안,승용,남,59세,상해없음,승용,남,53세,경상
2019062300100385,2019년 6월 23일 16시,일요일,충청남도 당진시 신평면,중상사고,0,1,9,0,차대차 - 추돌,안전거리미확보,건조,맑음,단일로 - 교량,승용,여,38세,상해없음,승용,남,31세,경상
2019062300100386,2019년 6월 23일 16시,일요일,충청남도 천안시 동남구 목천읍,중상사고,0,1,2,0,차대차 - 측면충돌,차로위반,건조,맑음,교차로 - 교차로부근,승용,남,34세,경상,승용,남,50세,상해없음
2019062300100428,2019년 6월 23일 17시,일요일,충청남도 아산시 권곡동,경상사고,0,0,1,0,차대차 - 추돌,안전운전불이행,건조,맑음,교차로 - 교차로부근,승용,남,19세,상해없음,승용,남,35세,경상
2019062300100429,2019년 6월 23일 17시,일요일,충청남도 공주시 월미동,중상사고,0,1,2,0,차량단독 - 기타,안전운전불이행,건조,맑음,단일로 - 기타,승합,남,61세,상해없음,,,,
2019062300100461,2019년 6월 23일 18시,일요일,충청남도 천안시 동남구 신부동,경상사고,0,0,1,0,차대사람 - 기타,안전운전불이행,건조,맑음,단일로 - 기타,승용,남,46세,상해없음,보행자,남,24세,경상
2019062300100493,2019년 6월 23일 19시,일요일,충청남도 논산시 가야곡면,경상사고,0,0,2,0,차대차 - 측면충돌,안전운전불이행,건조,맑음,교차로 - 교차로안,농기계,남,44세,경상,승용,남,27세,상해없음
2019062300100522,2019년 6월 23일 20시,일요일,충청남도 서산시 대산읍,중상사고,0,1,1,0,차대차 - 추돌,안전운전불이행,건조,맑음,교차로 - 교차로부근,승용,남,59세,상해없음,승용,남,23세,경상
2019062300100552,2019년 6월 23일 21시,일요일,충청남도 천안시 서북구 백석동,중상사고,0,1,0,0,차대차 - 측면충돌,안전운전불이행,건조,맑음,단일로 - 기타,이륜,남,35세,중상,승용,남,54세,상해없음
2019062400100071,2019년 6월 24일 06시,월요일,충청남도 서산시 석림동,경상사고,0,0,1,0,차대차 - 측면충돌,직진우회전진행방해,건조,맑음,교차로 - 교차로안,승용,여,51세,상해없음,이륜,여,59세,경상
2019062400100072,2019년 6월 24일 06시,월요일,충청남도 천안시 서북구 차암동,경상사고,0,0,1,0,차대차 - 정면충돌,중앙선침범,건조,맑음,단일로 - 기타,승용,남,66세,상해없음,화물,남,62세,경상
2019062400100073,2019년 6월 24일 06시,월요일,충청남도 아산시 음봉면,중상사고,0,1,0,0,차대차 - 정면충돌,안전운전불이행,건조,맑음,교차로 - 교차로부근,승용,남,34세,상해없음,승용,남,56세,중상
2019062400100095,2019년 6월 24일 07시,월요일,충청남도 아산시 도고면,경상사고,0,0,2,0,차대차 - 기타,신호위반,건조,맑음,교차로 - 교차로안,승용,남,63세,상해없음,승용,여,59세,경상
2019062400100140,2019년 6월 24일 08시,월요일,충청남도 천안시 서북구 백석동,경상사고,0,0,3,0,차대차 - 추돌,안전거리미확보,건조,맑음,단일로 - 기타,승용,여,22세,경상,승용,남,51세,경상
2019062400100141,2019년 6월 24일 08시,월요일,충청남도 부여군 규암면,경상사고,0,0,1,0,차대차 - 측면충돌,안전운전불이행,건조,맑음,단일로 - 기타,승용,여,49세,상해없음,승용,여,50세,경상
2019062400100142,2019년 6월 24일 08시,월요일,충청남도 부여군 은산면,중상사고,0,1,0,0,차대차 - 측면충돌,안전운전불이행,건조,맑음,단일로 - 기타,이륜,남,79세,중상,승용,여,53세,상해없음
2019062400100143,2019년 6월 24일 08시,월요일,충청남도 부여군 규암면,경상사고,0,0,1,0,차대차 - 추돌,안전운전불이행,건조,맑음,단일로 - 기타,승용,여,37세,상해없음,승용,여,50세,경상
2019062400100191,2019년 6월 24일 09시,월요일,충청남도 아산시 배방읍,경상사고,0,0,1,0,차대사람 - 횡단중,보행자보호의무위반,건조,맑음,교차로 - 교차로횡단보도내,승용,여,38세,기타불명,보행자,여,69세,경상
2019062400100192,2019년 6월 24일 09시,월요일,충청남도 공주시 중동,부상신고사고,0,0,0,1,차대차 - 측면충돌,신호위반,건조,맑음,교차로 - 교차로안,이륜,남,36세,부상신고,승용,여,35세,상해없음
2019062400100263,2019년 6월 24일 11시,월요일,충청남도 논산시 강경읍,경상사고,0,0,1,0,차대차 - 정면충돌,교차로운행방법위반,건조,맑음,교차로 - 교차로안,승용,여,38세,상해없음,승용,여,63세,경상
2019062400100302,2019년 6월 24일 12시,월요일,충청남도 천안시 서북구 성정동,경상사고,0,0,2,0,차대차 - 추돌,안전운전불이행,건조,맑음,단일로 - 기타,승용,남,66세,상해없음,승용,남,36세,경상
2019062400100303,2019년 6월 24일 12시,월요일,충청남도 아산시 권곡동,경상사고,0,0,1,0,차대차 - 기타,신호위반,건조,맑음,교차로 - 교차로안,승용,여,40세,상해없음,이륜,남,36세,경상
2019062400100304,2019년 6월 24일 12시,월요일,충청남도 아산시 배방읍,경상사고,0,0,1,0,차대차 - 추돌,안전운전불이행,건조,맑음,단일로 - 기타,승용,남,46세,상해없음,승용,남,28세,경상
2019062400100403,2019년 6월 24일 15시,월요일,충청남도 논산시 지산동,경상사고,0,0,3,0,차대차 - 측면충돌,안전거리미확보,건조,맑음,교차로 - 교차로부근,승합,남,72세,상해없음,화물,남,28세,경상
2019062400100503,2019년 6월 24일 17시,월요일,충청남도 서산시 읍내동,중상사고,0,1,1,0,차대차 - 측면충돌,안전운전불이행,건조,맑음,단일로 - 기타,승용,여,51세,상해없음,승용,여,29세,중상
2019062400100504,2019년 6월 24일 17시,월요일,충청남도 천안시 서북구 직산읍,경상사고,0,0,2,0,차대차 - 측면충돌,신호위반,건조,맑음,교차로 - 교차로안,승용,남,36세,경상,승용,남,66세,경상
2019062400100505,2019년 6월 24일 17시,월요일,충청남도 당진시 신평면,경상사고,0,0,4,0,차대차 - 추돌,안전운전불이행,건조,맑음,단일로 - 기타,화물,남,71세,상해없음,승합,여,23세,상해없음
2019062400100506,2019년 6월 24일 17시,월요일,충청남도 천안시 동남구 원성동,경상사고,0,0,1,0,차대차 - 기타,안전운전불이행,건조,맑음,단일로 - 기타,화물,남,55세,상해없음,승용,여,46세,경상