사고번호,사고일시,요일,시군구,사고내용,사망자수,중상자수,경상자수,부상신고자수,사고유형,법규위반,노면상태,기상상태,도로형태,가해운전자 차종,가해운전자 성별,가해운전자 연령,가해운전자 상해정도,피해운전자 차종,피해운전자 성별,피해운전자 연령,피해운전자 상해정도
2019062400100554,2019년 6월 24일 18시,월요일,충청남도 서산시 동문동,중상사고,0,1,0,0,차대차 - 정면충돌,안전운전불이행,건조,맑음,교차로 - 교차로부근,승용,남,60세,상해없음,이륜,남,17세,중상
2019062400100555,2019년 6월 24일 18시,월요일,충청남도 홍성군 광천읍,경상사고,0,0,1,0,차대사람 - 기타,안전운전불이행,건조,맑음,교차로 - 교차로부근,승용,여,64세,상해없음,보행자,남,59세,경상
2019062400100556,2019년 6월 24일 18시,월요일,충청남도 서천군 장항읍,경상사고,0,0,1,0,차대차 - 측면충돌,안전운전불이행,건조,맑음,교차로 - 교차로부근,승용,여,25세,상해없음,자전거,여,74세,경상
2019062400100558,2019년 6월 24일 18시,월요일,충청남도 당진시 채운동,경상사고,0,0,1,0,차대차 - 측면충돌,신호위반,건조,맑음,교차로 - 교차로안,승용,여,43세,상해없음,승용,여,51세,경상
2019062400100611,2019년 6월 24일 19시,월요일,충청남도 천안시 서북구 성정동,경상사고,0,0,1,0,차대차 - 측면충돌,신호위반,건조,맑음,교차로 - 교차로안,승용,여,54세,상해없음,이륜,남,38세,경상
2019062400100673,2019년 6월 24일 21시,월요일,충청남도 홍성군 홍성읍,경상사고,0,0,1,0,차대사람 - 기타,안전운전불이행,건조,맑음,기타 - 기타,승용,남,63세,상해없음,보행자,남,16세,경상
2019062400100697,2019년 6월 24일 22시,월요일,충청남도 천안시 서북구 두정동,경상사고,0,0,1,0,차대사람 - 차도통행중,안전운전불이행,건조,맑음,교차로 - 교차로안,화물,남,48세,상해없음,보행자,남,35세,경상
2019062400100698,2019년 6월 24일 22시,월요일,충청남도 천안시 서북구 백석동,중상사고,0,1,1,0,차대차 - 측면충돌,신호위반,건조,맑음,교차로 - 교차로안,승용,남,31세,상해없음,승용,남,54세,경상
2019062500100030,2019년 6월 25일 00시,화요일,충청남도 아산시 온천동,경상사고,0,0,1,0,차대차 - 측면충돌,신호위반,건조,맑음,교차로 - 교차로안,승용,남,29세,상해없음,승용,남,34세,경상
2019062500100040,2019년 6월 25일 01시,화요일,충청남도 천안시 서북구 두정동,경상사고,0,0,1,0,차대사람 - 기타,안전운전불이행,건조,맑음,교차로 - 교차로안,승용,남,20세,상해없음,보행자,여,23세,경상
2019062500100055,2019년 6월 25일 04시,화요일,충청남도 천안시 서북구 성정동,부상신고사고,0,0,0,1,차대차 - 측면충돌,중앙선침범,건조,맑음,단일로 - 기타,자전거,남,50세,부상신고,승용,남,24세,상해없음
2019062500100065,2019년 6월 25일 05시,화요일,충청남도 천안시 서북구 신당동,경상사고,0,0,1,0,차대사람 - 횡단중,안전운전불이행,건조,맑음,단일로 - 기타,승용,여,63세,상해없음,보행자,남,57세,경상
2019062500100136,2019년 6월 25일 08시,화요일,충청남도 천안시 동남구 수신면,경상사고,0,0,1,0,차대차 - 측면충돌,안전운전불이행,건조,맑음,교차로 - 교차로안,승용,여,28세,상해없음,승용,남,38세,경상
2019062500100215,2019년 6월 25일 10시,화요일,충청남도 천안시 동남구 신부동,경상사고,0,0,3,0,차대차 - 측면충돌,직진우회전진행방해,건조,맑음,교차로 - 교차로부근,승용,여,62세,경상,승용,여,43세,경상
2019062500100256,2019년 6월 25일 11시,화요일,충청남도 서산시 예천동,중상사고,0,1,1,0,차대차 - 측면충돌,차로위반,건조,맑음,단일로 - 기타,승용,여,49세,상해없음,화물,남,32세,경상
2019062500100257,2019년 6월 25일 11시,화요일,충청남도 논산시 양촌면,경상사고,0,0,1,0,차대사람 - 차도통행중,안전운전불이행,건조,맑음,교차로 - 교차로부근,승용,남,65세,상해없음,보행자,여,75세,경상
2019062500100312,2019년 6월 25일 13시,화요일,충청남도 예산군 삽교읍,경상사고,0,0,1,0,차량단독 - 공작물충돌,안전운전불이행,건조,맑음,단일로 - 기타,승용,여,26세,경상,,,,
2019062500100313,2019년 6월 25일 13시,화요일,충청남도 태안군 태안읍,중상사고,0,1,0,0,차대사람 - 기타,안전운전불이행,건조,맑음,교차로 - 교차로안,승용,여,71세,상해없음,보행자,남,46세,중상
2019062500100361,2019년 6월 25일 14시,화요일,충청남도 당진시 사기소리,경상사고,0,0,1,0,차대차 - 추돌,차로위반,건조,맑음,단일로 - 교량,승용,남,43세,상해없음,화물,남,44세,경상
2019062500100394,2019년 6월 25일 15시,화요일,충청남도 천안시 동남구 병천면,중상사고,0,1,0,0,차대차 - 측면충돌,중앙선침범,건조,맑음,단일로 - 기타,승용,남,68세,상해없음,승용,남,31세,중상
2019062500100444,2019년 6월 25일 16시,화요일,충청남도 아산시 탕정면,경상사고,0,0,1,0,차대차 - 추돌,안전운전불이행,건조,맑음,주차장 - 주차장,이륜,남,43세,기타불명,승용,남,30세,경상
2019062500100445,2019년 6월 25일 16시,화요일,충청남도 공주시 금성동,중상사고,0,1,0,0,차대차 - 측면충돌,안전운전불이행,젖음/습기,맑음,교차로 - 교차로안,승용,여,59세,상해없음,이륜,남,62세,중상
2019062500100446,2019년 6월 25일 16시,화요일,충청남도 천안시 동남구 원성동,경상사고,0,0,1,0,차대차 - 측면충돌,안전거리미확보,건조,맑음,단일로 - 기타,건설기계,남,55세,상해없음,승용,남,49세,경상
2019062500100506,2019년 6월 25일 17시,화요일,충청남도 논산시 강경읍,경상사고,0,0,1,0,차대사람 - 횡단중,보행자보호의무위반,건조,맑음,교차로 - 교차로안,승용,여,46세,상해없음,보행자,남,8세,경상
2019062500100568,2019년 6월 25일 18시,화요일,충청남도 천안시 서북구 두정동,부상신고사고,0,0,0,1,차대차 - 측면충돌,안전거리미확보,건조,맑음,단일로 - 기타,이륜,남,26세,부상신고,승합,남,56세,상해없음
2019062500100569,2019년 6월 25일 18시,화요일,충청남도 천안시 서북구 백석동,중상사고,0,1,1,0,차대차 - 측면충돌,안전거리미확보,건조,맑음,단일로 - 기타,승용,남,22세,상해없음,승용,남,34세,경상
2019062500100570,2019년 6월 25일 18시,화요일,충청남도 공주시 신기동,부상신고사고,0,0,0,1,차대차 - 정면충돌,안전운전불이행,건조,맑음,단일로 - 기타,이륜,여,56세,부상신고,승용,여,60세,상해없음
2019062500100571,2019년 6월 25일 18시,화요일,충청남도 당진시 송악읍,경상사고,0,0,1,0,차대차 - 측면충돌,안전운전불이행,건조,맑음,단일로 - 기타,승용,남,52세,상해없음,이륜,남,53세,경상
2019062500100618,2019년 6월 25일 19시,화요일,충청남도 당진시 읍내리,중상사고,0,1,0,0,차대차 - 측면충돌,직진우회전진행방해,건조,흐림,교차로 - 교차로안,승용,남,55세,상해없음,승용,남,41세,중상
2019062500100652,2019년 6월 25일 20시,화요일,충청남도 아산시 모종동,중상사고,0,1,0,0,차대사람 - 횡단중,보행자보호의무위반,건조,맑음,교차로 - 교차로횡단보도내,승합,남,56세,상해없음,보행자,남,41세,중상
2019062500100653,2019년 6월 25일 20시,화요일,충청남도 당진시 읍내리,경상사고,0,0,1,0,차대차 - 정면충돌,안전운전불이행,건조,맑음,교차로 - 교차로부근,승용,여,41세,상해없음,이륜,남,17세,경상
2019062500100654,2019년 6월 25일 20시,화요일,충청남도 천안시 동남구 성황동,중상사고,0,1,0,0,차대사람 - 횡단중,안전운전불이행,건조,맑음,단일로 - 기타,화물,남,71세,상해없음,보행자,남,40세,중상
2019062500100687,2019년 6월 25일 21시,화요일,충청남도 아산시 둔포면,부상신고사고,0,0,0,1,차대차 - 측면충돌,안전운전불이행,건조,맑음,단일로 - 기타,승용,남,45세,상해없음,이륜,남,17세,부상신고
2019062600100029,2019년 6월 26일 00시,수요일,충청남도 천안시 동남구 목천읍,경상사고,0,0,1,0,차대사람 - 횡단중,안전운전불이행,건조,맑음,단일로 - 기타,승용,남,42세,상해없음,보행자,남,34세,경상
2019062600100048,2019년 6월 26일 02시,수요일,충청남도 당진시 송악읍,경상사고,0,0,2,0,차대차 - 측면충돌,안전거리미확보,건조,맑음,단일로 - 기타,승합,남,67세,상해없음,승용,남,44세,경상
2019062600100083,2019년 6월 26일 07시,수요일,충청남도 청양군 장평면,중상사고,0,1,0,0,차대차 - 측면충돌,안전운전불이행,건조,맑음,단일로 - 기타,이륜,남,72세,중상,승용,여,51세,상해없음
2019062600100116,2019년 6월 26일 08시,수요일,충청남도 서산시 동문동,경상사고,0,0,1,0,차대차 - 기타,불법유턴,건조,맑음,교차로 - 교차로안,자전거,여,11세,경상,승용,여,39세,상해없음
2019062600100117,2019년 6월 26일 08시,수요일,충청남도 천안시 서북구 성거읍,경상사고,0,0,1,0,차대차 - 측면충돌,안전운전불이행,건조,맑음,단일로 - 기타,건설기계,남,46세,상해없음,승용,여,43세,경상
2019062600100118,2019년 6월 26일 08시,수요일,충청남도 천안시 서북구 불당동,중상사고,0,1,0,0,차대차 - 추돌,안전운전불이행,건조,맑음,단일로 - 기타,승용,남,44세,상해없음,이륜,남,76세,중상
2019062600100119,2019년 6월 26일 08시,수요일,충청남도 아산시 선장면,경상사고,0,0,1,0,차대차 - 정면충돌,안전운전불이행,건조,맑음,교차로 - 교차로부근,화물,남,59세,상해없음,승용,남,34세,경상
2019062600100120,2019년 6월 26일 08시,수요일,충청남도 아산시 인주면,경상사고,0,0,2,0,차대차 - 추돌,안전운전불이행,건조,맑음,단일로 - 기타,승용,남,19세,상해없음,승용,남,46세,경상
2019062600100162,2019년 6월 26일 09시,수요일,충청남도 서산시 동문동,경상사고,0,0,1,0,차대사람 - 차도통행중,안전운전불이행,건조,맑음,단일로 - 기타,승용,남,21세,상해없음,보행자,여,59세,경상
2019062600100163,2019년 6월 26일 09시,수요일,충청남도 당진시 순성면,경상사고,0,0,1,0,차대사람 - 기타,기타,건조,맑음,기타 - 기타,승용,남,59세,상해없음,보행자,남,32세,경상
2019062600100197,2019년 6월 26일 10시,수요일,충청남도 서산시 인지면,경상사고,0,0,1,0,차량단독 - 기타,안전운전불이행,젖음/습기,비,단일로 - 기타,이륜,남,61세,경상,,,,
2019062600100198,2019년 6월 26일 10시,수요일,충청남도 천안시 서북구 성환읍,경상사고,0,0,2,0,차대차 - 측면충돌,신호위반,건조,맑음,교차로 - 교차로안,화물,남,63세,상해없음,이륜,남,79세,경상
2019062600100199,2019년 6월 26일 10시,수요일,충청남도 논산시 부적면,중상사고,0,1,0,0,차대차 - 측면충돌,교차로운행방법위반,젖음/습기,비,교차로 - 교차로안,승용,여,58세,상해없음,이륜,남,77세,중상
2019062600100310,2019년 6월 26일 13시,수요일,충청남도 부여군 은산면,중상사고,0,1,1,0,차대차 - 측면충돌,안전운전불이행,건조,맑음,단일로 - 기타,화물,남,86세,경상,화물,남,27세,중상
2019062600100311,2019년 6월 26일 13시,수요일,충청남도 청양군 청양읍,경상사고,0,0,1,0,차대차 - 추돌,안전운전불이행,건조,흐림,기타 - 기타,승용,여,58세,상해없음,승용,남,40세,경상
2019062600100312,2019년 6월 26일 13시,수요일,충청남도 천안시 동남구 신부동,경상사고,0,0,1,0,차대차 - 측면충돌,안전운전불이행,건조,맑음,기타 - 기타,승용,여,25세,상해없음,화물,남,58세,경상
2019062600100339,2019년 6월 26일 14시,수요일,충청남도 공주시 금성동,중상사고,0,1,0,0,차대사람 - 보도통행중,보행자보호의무위반,젖음/습기,흐림,교차로 - 교차로횡단보도내,승용,남,63세,상해없음,보행자,남,83세,중상
2019062600100383,2019년 6월 26일 15시,수요일,충청남도 계룡시 금암동,사망사고,1,0,0,0,차대사람 - 횡단중,과속,젖음/습기,비,교차로 - 교차로횡단보도내,화물,남,55세,상해없음,보행자,여,87세,사망
2019062600100384,2019년 6월 26일 15시,수요일,충청남도 예산군 신암면,중상사고,0,1,0,0,차대사람 - 횡단중,안전운전불이행,건조,맑음,단일로 - 기타,승용,남,59세,상해없음,보행자,여,78세,중상
2019062600100385,2019년 6월 26일 15시,수요일,충청남도 예산군 삽교읍,중상사고,0,1,0,0,차대차 - 측면충돌,안전운전불이행,젖음/습기,비,단일로 - 기타,화물,남,61세,기타불명,승용,남,53세,중상
2019062600100431,2019년 6월 26일 16시,수요일,충청남도 보령시 신흑동,경상사고,0,0,1,0,차대차 - 측면충돌,차로위반,건조,맑음,단일로 - 기타,승용,남,29세,상해없음,승용,여,51세,경상
2019062600100432,2019년 6월 26일 16시,수요일,충청남도 부여군 부여읍,경상사고,0,0,1,0,차대차 - 측면충돌,교차로운행방법위반,건조,맑음,교차로 - 교차로안,승용,여,47세,상해없음,자전거,남,76세,경상
2019062600100488,2019년 6월 26일 17시,수요일,충청남도 당진시 신평면,경상사고,0,0,1,0,차대차 - 기타,안전운전불이행,건조,맑음,단일로 - 기타,승용,여,55세,경상,화물,남,24세,상해없음
2019062600100489,2019년 6월 26일 17시,수요일,충청남도 당진시 면천면,경상사고,0,0,1,0,차대차 - 기타,안전운전불이행,건조,맑음,단일로 - 기타,승용,남,69세,상해없음,승용,남,52세,상해없음
2019062600100532,2019년 6월 26일 18시,수요일,충청남도 천안시 서북구 두정동,경상사고,0,0,1,0,차대차 - 측면충돌,차로위반,건조,맑음,단일로 - 기타,이륜,남,64세,경상,승합,남,60세,상해없음
2019062600100533,2019년 6월 26일 18시,수요일,충청남도 천안시 서북구 두정동,경상사고,0,0,1,0,차대차 - 측면충돌,교차로운행방법위반,건조,맑음,교차로 - 교차로안,승용,남,69세,상해없음,승용,남,49세,경상
2019062600100534,2019년 6월 26일 18시,수요일,충청남도 서천군 장항읍,중상사고,0,1,0,0,차대차 - 정면충돌,안전운전불이행,건조,맑음,교차로 - 교차로횡단보도내,승용,남,37세,상해없음,자전거,여,54세,중상
2019062600100535,2019년 6월 26일 18시,수요일,충청남도 공주시 신관동,중상사고,0,1,0,0,차대차 - 기타,기타,건조,맑음,단일로 - 기타,승합,남,61세,상해없음,이륜,남,25세,상해없음
2019062600100584,2019년 6월 26일 19시,수요일,충청남도 천안시 서북구 두정동,경상사고,0,0,2,0,차대차 - 추돌,안전운전불이행,건조,흐림,교차로 - 교차로부근,승용,남,25세,상해없음,승용,남,23세,경상
2019062600100585,2019년 6월 26일 19시,수요일,충청남도 예산군 덕산면,경상사고,0,0,1,0,차대사람 - 기타,보행자보호의무위반,건조,맑음,교차로 - 교차로안,승합,남,49세,상해없음,보행자,남,75세,경상
2019062600100586,2019년 6월 26일 19시,수요일,충청남도 천안시 동남구 원성동,경상사고,0,0,2,0,차대차 - 추돌,안전운전불이행,건조,맑음,교차로 - 교차로부근,승용,남,71세,상해없음,승용,남,75세,경상
2019062600100620,2019년 6월 26일 20시,수요일,충청남도 서산시 석림동,경상사고,0,0,3,0,차대차 - 측면충돌,직진우회전진행방해,젖음/습기,비,교차로 - 교차로안,승용,남,25세,경상,승용,남,27세,경상
2019062600100621,2019년 6월 26일 20시,수요일,충청남도 예산군 예산읍,경상사고,0,0,1,0,차대사람 - 차도통행중,안전운전불이행,건조,흐림,단일로 - 기타,승용,여,44세,상해없음,보행자,남,58세,경상
2019062600100651,2019년 6월 26일 21시,수요일,충청남도 천안시 서북구 두정동,경상사고,0,0,1,0,차대차 - 정면충돌,교차로운행방법위반,건조,맑음,교차로 - 교차로안,승용,남,51세,상해없음,이륜,남,22세,경상
2019062600100701,2019년 6월 26일 23시,수요일,충청남도 보령시 죽정동,경상사고,0,0,1,0,차대차 - 후진중충돌,안전운전불이행,젖음/습기,비,단일로 - 기타,승용,남,46세,상해없음,승용,여,43세,경상
2019062700100048,2019년 6월 27일 02시,목요일,충청남도 당진시 읍내리,경상사고,0,0,1,0,차대차 - 기타,교차로운행방법위반,젖음/습기,흐림,교차로 - 교차로안,승용,남,21세,상해없음,승용,여,32세,경상
2019062700100066,2019년 6월 27일 05시,목요일,충청남도 서산시 동문동,중상사고,0,1,0,0,차대차 - 측면충돌,신호위반,건조,맑음,교차로 - 교차로안,화물,남,49세,상해없음,승용,여,41세,중상
2019062700100077,2019년 6월 27일 06시,목요일,충청남도 서산시 성연면,중상사고,0,1,0,0,차대차 - 측면충돌,안전거리미확보,건조,흐림,단일로 - 기타,화물,남,62세,상해없음,승용,남,43세,중상
2019062700100096,2019년 6월 27일 07시,목요일,충청남도 논산시 은진면,경상사고,0,0,1,0,차대차 - 측면충돌,신호위반,젖음/습기,비,교차로 - 교차로안,승용,남,82세,상해없음,승용,남,27세,경상
2019062700100188,2019년 6월 27일 09시,목요일,충청남도 천안시 서북구 불당동,경상사고,0,0,3,0,차대차 - 추돌,안전운전불이행,건조,맑음,단일로 - 기타,승용,남,63세,기타불명,승용,남,38세,경상
2019062700100219,2019년 6월 27일 10시,목요일,충청남도 천안시 서북구 불당동,경상사고,0,0,2,0,차대차 - 측면충돌,안전운전불이행,건조,맑음,교차로 - 교차로안,승용,여,45세,상해없음,승용,남,57세,경상
2019062700100245,2019년 6월 27일 11시,목요일,충청남도 보령시 동대동,중상사고,0,1,0,1,차대차 - 측면충돌,직진우회전진행방해,건조,맑음,교차로 - 교차로안,승용,여,43세,부상신고,승용,남,29세,중상
2019062700100313,2019년 6월 27일 13시,목요일,충청남도 아산시 온천동,중상사고,0,1,0,0,차대차 - 기타,안전운전불이행,건조,맑음,교차로 - 교차로안,승용,여,44세,상해없음,승용,남,40세,중상
2019062700100314,2019년 6월 27일 13시,목요일,충청남도 천안시 동남구 구성동,경상사고,0,0,3,0,차대차 - 측면충돌,차로위반,건조,맑음,단일로 - 기타,승용,남,78세,상해없음,화물,남,50세,경상
2019062700100342,2019년 6월 27일 14시,목요일,충청남도 천안시 서북구 성환읍,경상사고,0,0,1,0,차대사람 - 차도통행중,안전운전불이행,건조,맑음,교차로 - 교차로안,승용,남,34세,상해없음,보행자,여,67세,경상
2019062700100343,2019년 6월 27일 14시,목요일,충청남도 논산시 연산면,사망사고,1,0,0,0,차대차 - 측면충돌,교차로운행방법위반,건조,맑음,교차로 - 교차로안,자전거,남,75세,사망,화물,남,38세,상해없음
2019062700100344,2019년 6월 27일 14시,목요일,충청남도 천안시 동남구 청당동,경상사고,0,0,1,0,차대차 - 기타,직진우회전진행방해,건조,맑음,교차로 - 교차로안,승용,남,66세,상해없음,승용,남,29세,경상
2019062700100383,2019년 6월 27일 15시,목요일,충청남도 태안군 태안읍,경상사고,0,0,1,0,차대사람 - 횡단중,안전운전불이행,건조,맑음,단일로 - 기타,승용,남,38세,상해없음,보행자,남,7세,경상
2019062700100424,2019년 6월 27일 16시,목요일,충청남도 공주시 산성동,중상사고,0,1,0,0,차대사람 - 횡단중,보행자보호의무위반,건조,맑음,단일로 - 기타,승용,여,40세,상해없음,보행자,여,76세,중상
2019062700100425,2019년 6월 27일 16시,목요일,충청남도 예산군 예산읍,경상사고,0,0,1,0,차대차 - 측면충돌,안전운전불이행,건조,맑음,단일로 - 기타,승용,남,44세,상해없음,원동기,남,49세,경상
2019062700100426,2019년 6월 27일 16시,목요일,충청남도 당진시 읍내리,중상사고,0,1,0,0,차대차 - 측면충돌,안전운전불이행,건조,맑음,교차로 - 교차로안,화물,남,53세,상해없음,이륜,남,38세,중상
2019062700100473,2019년 6월 27일 17시,목요일,충청남도 태안군 태안읍,경상사고,0,0,1,0,차대차 - 측면충돌,직진우회전진행방해,건조,맑음,교차로 - 교차로안,승용,여,61세,상해없음,승용,남,56세,상해없음
2019062700100512,2019년 6월 27일 18시,목요일,충청남도 당진시 송악읍,중상사고,0,1,0,0,차대차 - 추돌,안전운전불이행,건조,맑음,단일로 - 기타,화물,남,74세,상해없음,승용,남,40세,중상
2019062700100513,2019년 6월 27일 18시,목요일,충청남도 태안군 태안읍,중상사고,0,1,0,0,차대사람 - 횡단중,안전운전불이행,건조,맑음,교차로 - 교차로횡단보도내,승용,여,64세,상해없음,보행자,남,81세,중상
2019062700100552,2019년 6월 27일 19시,목요일,충청남도 당진시 시곡리,중상사고,0,1,0,0,차대차 - 측면충돌,신호위반,건조,맑음,교차로 - 교차로안,승용,여,28세,상해없음,이륜,남,36세,중상
2019062700100575,2019년 6월 27일 20시,목요일,충청남도 예산군 예산읍,중상사고,0,1,0,0,차대사람 - 횡단중,보행자보호의무위반,건조,맑음,단일로 - 기타,승용,남,44세,상해없음,보행자,남,24세,중상
2019062700100600,2019년 6월 27일 21시,목요일,충청남도 천안시 서북구 백석동,경상사고,0,0,1,0,차대차 - 측면충돌,안전운전불이행,건조,맑음,교차로 - 교차로안,승용,남,27세,상해없음,승용,남,56세,경상
2019062700100601,2019년 6월 27일 21시,목요일,충청남도 공주시 신관동,중상사고,0,1,0,0,차대차 - 측면충돌,직진우회전진행방해,건조,맑음,교차로 - 교차로안,승용,여,65세,상해없음,이륜,남,63세,중상
2019062700100638,2019년 6월 27일 22시,목요일,충청남도 당진시 읍내리,중상사고,0,1,2,0,차대차 - 추돌,안전운전불이행,건조,맑음,단일로 - 기타,승용,남,40세,상해없음,승용,남,44세,경상
2019062800100031,2019년 6월 28일 00시,금요일,충청남도 천안시 서북구 백석동,경상사고,0,0,2,0,차대차 - 측면충돌,신호위반,건조,맑음,교차로 - 교차로안,이륜,남,27세,상해없음,승용,남,35세,경상
2019062800100060,2019년 6월 28일 03시,금요일,충청남도 아산시 배방읍,중상사고,0,1,1,0,차량단독 - 기타,안전운전불이행,건조,맑음,교차로 - 교차로안,승용,남,55세,경상,,,,
2019062800100085,2019년 6월 28일 06시,금요일,충청남도 논산시 연산면,사망사고,1,0,0,0,차량단독 - 공작물충돌,안전운전불이행,건조,맑음,단일로 - 기타,화물,남,63세,사망,,,,
2019062800100086,2019년 6월 28일 06시,금요일,충청남도 아산시 염치읍,중상사고,0,1,1,0,차대차 - 기타,과속,건조,맑음,단일로 - 기타,승용,남,54세,상해없음,화물,남,76세,경상
2019062800100103,2019년 6월 28일 07시,금요일,충청남도 천안시 동남구 구성동,중상사고,0,1,0,0,차대차 - 기타,신호위반,젖음/습기,흐림,교차로 - 교차로안,이륜,남,49세,중상,화물,남,47세,상해없음
2019062800100135,2019년 6월 28일 08시,금요일,충청남도 서산시 음암면,경상사고,0,0,1,1,차대차 - 측면충돌,직진우회전진행방해,건조,맑음,교차로 - 교차로안,승용,남,78세,경상,승용,여,57세,부상신고
2019062800100136,2019년 6월 28일 08시,금요일,충청남도 논산시 벌곡면,경상사고,0,0,1,0,차대차 - 측면충돌,안전운전불이행,건조,맑음,교차로 - 교차로안,이륜,남,77세,경상,화물,남,67세,상해없음
2019062800100137,2019년 6월 28일 08시,금요일,충청남도 홍성군 홍성읍,경상사고,0,0,1,0,차대차 - 정면충돌,안전운전불이행,건조,맑음,단일로 - 기타,이륜,여,62세,경상,승용,여,32세,상해없음
2019062800100138,2019년 6월 28일 08시,금요일,충청남도 서천군 서천읍,중상사고,0,1,1,0,차대차 - 추돌,안전운전불이행,건조,맑음,단일로 - 기타,승용,남,74세,상해없음,승용,여,62세,상해없음
2019062800100139,2019년 6월 28일 08시,금요일,충청남도 부여군 규암면,중상사고,0,1,0,0,차대차 - 정면충돌,안전운전불이행,건조,맑음,단일로 - 기타,승용,여,45세,상해없음,이륜,남,75세,중상
2019062800100140,2019년 6월 28일 08시,금요일,충청남도 금산군 진산면,경상사고,0,0,1,0,차대차 - 정면충돌,교차로운행방법위반,건조,맑음,교차로 - 교차로안,승용,남,49세,경상,승용,남,75세,기타불명
2019062800100141,2019년 6월 28일 08시,금요일,충청남도 천안시 동남구 원성동,경상사고,0,0,1,0,차대차 - 추돌,안전거리미확보,건조,맑음,단일로 - 기타,승용,남,56세,상해없음,승용,여,45세,경상
2019062800100204,2019년 6월 28일 10시,금요일,충청남도 공주시 금흥동,중상사고,0,1,0,0,차대차 - 측면충돌,직진우회전진행방해,건조,맑음,교차로 - 교차로안,승용,남,35세,상해없음,이륜,여,62세,중상
2019062800100205,2019년 6월 28일 10시,금요일,충청남도 당진시 읍내리,경상사고,0,0,1,0,차대사람 - 횡단중,보행자보호의무위반,건조,맑음,단일로 - 기타,화물,남,51세,상해없음,보행자,여,81세,경상
2019062800100245,2019년 6월 28일 11시,금요일,충청남도 천안시 서북구 불당동,경상사고,0,0,1,0,차대차 - 기타,안전운전불이행,건조,맑음,단일로 - 기타,승용,남,23세,경상,승합,여,38세,상해없음
2019062800100246,2019년 6월 28일 11시,금요일,충청남도 태안군 태안읍,중상사고,0,2,0,0,차대차 - 추돌,안전거리미확보,건조,맑음,교차로 - 교차로부근,화물,남,58세,상해없음,승용,여,24세,중상
2019062800100287,2019년 6월 28일 12시,금요일,충청남도 홍성군 홍성읍,중상사고,0,1,0,0,차대사람 - 기타,안전운전불이행,건조,맑음,단일로 - 기타,승합,남,50세,상해없음,보행자,여,78세,중상
2019062800100288,2019년 6월 28일 12시,금요일,충청남도 아산시 염치읍,중상사고,0,1,0,0,차대차 - 추돌,안전운전불이행,건조,맑음,교차로 - 교차로부근,승용,남,44세,상해없음,화물,남,54세,중상
2019062800100324,2019년 6월 28일 13시,금요일,충청남도 보령시 동대동,중상사고,0,1,0,0,차대차 - 측면충돌,차로위반,건조,맑음,교차로 - 교차로안,승용,여,38세,상해없음,승용,여,49세,중상
2019062800100349,2019년 6월 28일 14시,금요일,충청남도 부여군 내산면,중상사고,0,1,0,0,차대차 - 측면충돌,교차로운행방법위반,건조,맑음,교차로 - 교차로안,화물,남,44세,상해없음,자전거,남,89세,중상
2019062800100350,2019년 6월 28일 14시,금요일,충청남도 천안시 동남구 풍세면,경상사고,0,0,1,0,차대차 - 추돌,안전운전불이행,건조,맑음,단일로 - 기타,화물,남,48세,상해없음,승용,남,53세,경상
2019062800100351,2019년 6월 28일 14시,금요일,충청남도 태안군 근흥면,중상사고,0,1,0,0,차대차 - 측면충돌,신호위반,건조,맑음,교차로 - 교차로안,승용,여,64세,상해없음,화물,남,75세,중상
2019062800100390,2019년 6월 28일 15시,금요일,충청남도 아산시 읍내동,중상사고,0,3,6,1,차대차 - 측면충돌,신호위반,건조,맑음,교차로 - 교차로안,승용,여,57세,상해없음,승합,남,64세,중상
2019062800100391,2019년 6월 28일 15시,금요일,충청남도 예산군 덕산면,경상사고,0,0,3,0,차대차 - 정면충돌,직진우회전진행방해,건조,맑음,교차로 - 교차로안,화물,남,32세,경상,승용,남,26세,경상
2019062800100443,2019년 6월 28일 16시,금요일,충청남도 공주시 산성동,경상사고,0,0,1,0,차대사람 - 횡단중,안전운전불이행,건조,맑음,교차로 - 교차로부근,승용,남,76세,상해없음,보행자,여,49세,경상
2019062800100444,2019년 6월 28일 16시,금요일,충청남도 태안군 태안읍,중상사고,0,2,0,0,차대차 - 측면충돌,안전운전불이행,건조,맑음,교차로 - 교차로안,승용,여,53세,중상,특수,남,54세,상해없음
2019062800100488,2019년 6월 28일 17시,금요일,충청남도 천안시 서북구 성정동,경상사고,0,0,1,0,차대차 - 측면충돌,교차로운행방법위반,건조,맑음,교차로 - 교차로안,승용,남,57세,상해없음,이륜,남,39세,경상
2019062800100529,2019년 6월 28일 18시,금요일,충청남도 천안시 동남구 원성동,경상사고,0,0,1,0,차대사람 - 기타,불법유턴,건조,맑음,단일로 - 기타,화물,남,58세,상해없음,보행자,남,77세,경상
2019062800100530,2019년 6월 28일 18시,금요일,충청남도 천안시 서북구 입장면,경상사고,0,0,1,1,차대차 - 측면충돌,차로위반,건조,맑음,단일로 - 기타,화물,남,23세,상해없음,승용,남,40세,경상
2019062800100568,2019년 6월 28일 19시,금요일,충청남도 천안시 동남구 신방동,중상사고,0,1,0,0,차량단독 - 기타,안전운전불이행,건조,맑음,단일로 - 기타,승합,남,50세,상해없음,,,,