사고번호,사고일시,요일,시군구,사고내용,사망자수,중상자수,경상자수,부상신고자수,사고유형,법규위반,노면상태,기상상태,도로형태,가해운전자 차종,가해운전자 성별,가해운전자 연령,가해운전자 상해정도,피해운전자 차종,피해운전자 성별,피해운전자 연령,피해운전자 상해정도
2019062800100582,2019년 6월 28일 19시,금요일,충청남도 논산시 부적면,경상사고,0,0,1,0,차대사람 - 횡단중,안전운전불이행,건조,맑음,단일로 - 기타,승용,여,56세,상해없음,보행자,남,15세,경상
2019062800100612,2019년 6월 28일 20시,금요일,충청남도 천안시 서북구 직산읍,사망사고,1,0,0,0,차대사람 - 횡단중,안전운전불이행,건조,맑음,단일로 - 기타,승용,남,35세,상해없음,보행자,여,79세,사망
2019062800100613,2019년 6월 28일 20시,금요일,충청남도 아산시 염치읍,경상사고,0,0,1,0,차대차 - 후진중충돌,안전운전불이행,건조,기타,기타 - 기타,화물,남,38세,상해없음,승용,남,44세,경상
2019062800100650,2019년 6월 28일 21시,금요일,충청남도 천안시 서북구 입장면,경상사고,0,0,1,0,차대차 - 측면충돌,안전운전불이행,건조,맑음,교차로 - 교차로부근,승용,남,26세,상해없음,자전거,남,28세,경상
2019062800100651,2019년 6월 28일 21시,금요일,충청남도 공주시 산성동,부상신고사고,0,0,0,1,차대차 - 기타,안전운전불이행,건조,맑음,단일로 - 교량,자전거,남,45세,부상신고,이륜,남,25세,상해없음
2019062800100710,2019년 6월 28일 23시,금요일,충청남도 천안시 서북구 두정동,경상사고,0,0,2,0,차대차 - 측면충돌,안전운전불이행,건조,맑음,단일로 - 기타,승용,여,41세,상해없음,승용,남,37세,경상
2019062800100711,2019년 6월 28일 23시,금요일,충청남도 천안시 서북구 성성동,경상사고,0,0,1,0,차대차 - 측면충돌,안전운전불이행,건조,맑음,단일로 - 기타,승용,여,38세,상해없음,승용,남,57세,경상
2019062900100039,2019년 6월 29일 00시,토요일,충청남도 천안시 서북구 성정동,경상사고,0,0,2,0,차대차 - 추돌,안전운전불이행,젖음/습기,맑음,교차로 - 교차로부근,승용,남,37세,상해없음,승용,남,49세,경상
2019062900100040,2019년 6월 29일 00시,토요일,충청남도 천안시 동남구 성황동,경상사고,0,0,2,0,차대차 - 측면충돌,불법유턴,건조,맑음,단일로 - 기타,승용,여,43세,상해없음,승용,남,59세,경상
2019062900100093,2019년 6월 29일 03시,토요일,충청남도 천안시 서북구 입장면,경상사고,0,0,2,0,차대차 - 측면충돌,신호위반,젖음/습기,비,교차로 - 교차로안,승용,남,69세,상해없음,승용,남,53세,경상
2019062900100094,2019년 6월 29일 03시,토요일,충청남도 천안시 동남구 신부동,부상신고사고,0,0,0,1,차량단독 - 공작물충돌,안전운전불이행,젖음/습기,맑음,단일로 - 고가도로위,승용,남,19세,부상신고,,,,
2019062900100140,2019년 6월 29일 07시,토요일,충청남도 당진시 읍내리,중상사고,0,1,1,0,차량단독 - 공작물충돌,안전운전불이행,젖음/습기,맑음,단일로 - 기타,승용,남,22세,중상,,,,
2019062900100157,2019년 6월 29일 08시,토요일,충청남도 홍성군 홍성읍,중상사고,0,1,0,0,차대차 - 추돌,안전운전불이행,젖음/습기,흐림,단일로 - 기타,승용,남,49세,상해없음,이륜,남,78세,중상
2019062900100158,2019년 6월 29일 08시,토요일,충청남도 아산시 온천동,경상사고,0,0,1,0,차대차 - 기타,안전운전불이행,젖음/습기,흐림,단일로 - 기타,승용,남,58세,상해없음,이륜,남,62세,경상
2019062900100175,2019년 6월 29일 09시,토요일,충청남도 논산시 강경읍,중상사고,0,1,0,0,차대사람 - 횡단중,안전운전불이행,젖음/습기,비,교차로 - 교차로안,승용,여,70세,상해없음,보행자,남,63세,중상
2019062900100176,2019년 6월 29일 09시,토요일,충청남도 태안군 이원면,중상사고,0,1,1,1,차대차 - 측면충돌,직진우회전진행방해,젖음/습기,비,교차로 - 교차로안,승합,남,56세,상해없음,화물,여,51세,중상
2019062900100203,2019년 6월 29일 10시,토요일,충청남도 천안시 서북구 성성동,중상사고,0,1,0,0,차대차 - 측면충돌,교차로운행방법위반,건조,맑음,교차로 - 교차로안,승용,남,49세,상해없음,승용,남,50세,중상
2019062900100204,2019년 6월 29일 10시,토요일,충청남도 예산군 예산읍,중상사고,0,1,1,0,차대사람 - 횡단중,보행자보호의무위반,건조,맑음,단일로 - 기타,이륜,남,56세,경상,보행자,여,76세,중상
2019062900100228,2019년 6월 29일 11시,토요일,충청남도 천안시 서북구 성정동,경상사고,0,0,2,0,차대차 - 추돌,안전운전불이행,건조,맑음,교차로 - 교차로부근,승용,남,31세,상해없음,승용,남,29세,경상
2019062900100259,2019년 6월 29일 12시,토요일,충청남도 천안시 서북구 쌍용동,경상사고,0,0,1,0,차대차 - 측면충돌,교차로운행방법위반,건조,맑음,교차로 - 교차로안,화물,남,52세,상해없음,승용,여,39세,경상
2019062900100260,2019년 6월 29일 12시,토요일,충청남도 아산시 염치읍,부상신고사고,0,0,0,1,차대사람 - 기타,안전운전불이행,건조,맑음,기타 - 기타,화물,남,48세,상해없음,보행자,여,58세,부상신고
2019062900100303,2019년 6월 29일 13시,토요일,충청남도 당진시 수청리,중상사고,0,3,3,0,차대차 - 기타,안전운전불이행,젖음/습기,비,단일로 - 기타,화물,남,40세,상해없음,승용,여,36세,중상
2019062900100341,2019년 6월 29일 14시,토요일,충청남도 당진시 송악읍,중상사고,0,1,2,0,차대차 - 정면충돌,안전운전불이행,젖음/습기,흐림,단일로 - 기타,특수,남,44세,경상,승용,여,39세,중상
2019062900100342,2019년 6월 29일 14시,토요일,충청남도 천안시 동남구 목천읍,경상사고,0,0,1,0,차대차 - 기타,안전운전불이행,건조,맑음,단일로 - 기타,승용,남,77세,상해없음,승용,남,45세,상해없음
2019062900100343,2019년 6월 29일 14시,토요일,충청남도 천안시 동남구 원성동,경상사고,0,0,1,0,차대차 - 측면충돌,신호위반,젖음/습기,비,교차로 - 교차로안,승용,남,50세,상해없음,화물,남,62세,경상
2019062900100388,2019년 6월 29일 15시,토요일,충청남도 천안시 서북구 불당동,경상사고,0,0,1,0,차대차 - 측면충돌,안전거리미확보,건조,맑음,단일로 - 기타,승용,여,37세,상해없음,승용,남,31세,경상
2019062900100590,2019년 6월 29일 21시,토요일,충청남도 천안시 서북구 쌍용동,경상사고,0,0,2,0,차대차 - 측면충돌,신호위반,건조,흐림,교차로 - 교차로안,승용,여,47세,상해없음,승용,여,64세,경상
2019062900100591,2019년 6월 29일 21시,토요일,충청남도 아산시 풍기동,사망사고,1,0,0,0,차대사람 - 횡단중,안전운전불이행,건조,맑음,교차로 - 교차로횡단보도내,화물,여,38세,상해없음,보행자,남,64세,사망
2019062900100624,2019년 6월 29일 22시,토요일,충청남도 천안시 서북구 입장면,경상사고,0,0,4,0,차대차 - 추돌,안전운전불이행,젖음/습기,흐림,단일로 - 기타,승용,남,50세,상해없음,승용,여,44세,경상
2019062900100625,2019년 6월 29일 22시,토요일,충청남도 공주시 신관동,경상사고,0,0,1,0,차대차 - 추돌,안전운전불이행,젖음/습기,비,교차로 - 교차로부근,승용,남,26세,기타불명,승용,남,46세,상해없음
2019063000100027,2019년 6월 30일 00시,일요일,충청남도 예산군 덕산면,중상사고,0,1,0,0,차대사람 - 횡단중,보행자보호의무위반,건조,맑음,교차로 - 교차로부근,승합,남,72세,상해없음,보행자,남,48세,중상
2019063000100050,2019년 6월 30일 02시,일요일,충청남도 아산시 둔포면,중상사고,0,2,1,0,차대차 - 추돌,안전운전불이행,건조,맑음,교차로 - 교차로부근,화물,남,46세,상해없음,승용,남,34세,중상
2019063000100051,2019년 6월 30일 02시,일요일,충청남도 서천군 서천읍,경상사고,0,0,1,0,차량단독 - 공작물충돌,안전운전불이행,건조,맑음,단일로 - 기타,승용,여,25세,경상,,,,
2019063000100062,2019년 6월 30일 03시,일요일,충청남도 천안시 서북구 직산읍,경상사고,0,0,2,0,차량단독 - 공작물충돌,안전운전불이행,건조,맑음,단일로 - 기타,승용,남,20세,상해없음,,,,
2019063000100063,2019년 6월 30일 03시,일요일,충청남도 천안시 서북구 성정동,중상사고,0,1,0,0,차대사람 - 횡단중,안전운전불이행,건조,맑음,단일로 - 기타,승용,남,18세,상해없음,보행자,여,28세,중상
2019063000100074,2019년 6월 30일 04시,일요일,충청남도 태안군 소원면,중상사고,0,1,1,0,차량단독 - 공작물충돌,과속,건조,맑음,단일로 - 기타,승용,남,18세,기타불명,,,,
2019063000100099,2019년 6월 30일 07시,일요일,충청남도 서산시 동문동,중상사고,0,1,0,0,차대차 - 측면충돌,직진우회전진행방해,건조,맑음,교차로 - 교차로안,이륜,남,53세,상해없음,자전거,남,78세,중상
2019063000100125,2019년 6월 30일 09시,일요일,충청남도 당진시 채운동,경상사고,0,0,2,0,차대차 - 측면충돌,안전거리미확보,건조,맑음,단일로 - 기타,승용,남,79세,상해없음,승용,여,50세,경상
2019063000100141,2019년 6월 30일 10시,일요일,충청남도 천안시 서북구 입장면,중상사고,0,4,1,0,차대차 - 측면충돌,신호위반,건조,맑음,교차로 - 교차로안,승용,여,53세,중상,화물,남,47세,경상
2019063000100163,2019년 6월 30일 11시,일요일,충청남도 청양군 정산면,경상사고,0,0,1,0,차대차 - 기타,안전운전불이행,건조,맑음,교차로 - 교차로안,승용,남,55세,기타불명,승용,남,59세,경상
2019063000100246,2019년 6월 30일 14시,일요일,충청남도 천안시 서북구 성정동,중상사고,0,1,0,0,차대사람 - 횡단중,보행자보호의무위반,건조,맑음,교차로 - 교차로안,승용,남,50세,상해없음,보행자,여,58세,중상
2019063000100247,2019년 6월 30일 14시,일요일,충청남도 서천군 장항읍,경상사고,0,0,1,0,차대차 - 후진중충돌,안전운전불이행,건조,맑음,단일로 - 기타,화물,남,70세,상해없음,자전거,남,69세,경상
2019063000100271,2019년 6월 30일 15시,일요일,충청남도 서산시 동문동,중상사고,0,1,0,0,차대사람 - 기타,안전운전불이행,건조,맑음,교차로 - 교차로안,승용,여,56세,상해없음,보행자,여,63세,중상
2019063000100272,2019년 6월 30일 15시,일요일,충청남도 천안시 서북구 두정동,경상사고,0,0,1,0,차대차 - 측면충돌,안전운전불이행,건조,맑음,교차로 - 교차로부근,승용,남,26세,상해없음,승용,남,60세,경상
2019063000100293,2019년 6월 30일 16시,일요일,충청남도 보령시 대천동,경상사고,0,0,1,0,차대차 - 기타,안전운전불이행,건조,맑음,단일로 - 기타,이륜,남,51세,경상,승용,남,72세,상해없음
2019063000100333,2019년 6월 30일 17시,일요일,충청남도 공주시 산성동,경상사고,0,0,3,0,차대차 - 측면충돌,안전운전불이행,건조,맑음,기타 - 기타,승용,남,65세,상해없음,승용,남,37세,경상
2019063000100358,2019년 6월 30일 18시,일요일,충청남도 아산시 선장면,경상사고,0,0,1,0,차량단독 - 기타,안전운전불이행,건조,맑음,단일로 - 기타,이륜,남,51세,경상,,,,
2019063000100359,2019년 6월 30일 18시,일요일,충청남도 공주시 신관동,경상사고,0,0,1,0,차대사람 - 차도통행중,안전운전불이행,건조,맑음,단일로 - 기타,승용,남,58세,상해없음,보행자,여,22세,경상
2019063000100360,2019년 6월 30일 18시,일요일,충청남도 천안시 동남구 봉명동,중상사고,0,1,0,0,차대차 - 측면충돌,교차로운행방법위반,건조,맑음,교차로 - 교차로안,승용,남,30세,상해없음,이륜,남,53세,중상
2019063000100393,2019년 6월 30일 20시,일요일,충청남도 아산시 온천동,중상사고,0,1,0,0,차대사람 - 기타,안전운전불이행,건조,맑음,단일로 - 기타,승용,남,33세,상해없음,보행자,남,58세,중상
2019063000100414,2019년 6월 30일 21시,일요일,충청남도 서산시 예천동,경상사고,0,0,1,1,차대차 - 추돌,안전운전불이행,건조,흐림,교차로 - 교차로부근,승용,여,47세,상해없음,승용,여,32세,부상신고
2019063000100415,2019년 6월 30일 21시,일요일,충청남도 천안시 서북구 불당동,경상사고,0,0,4,0,차대차 - 측면충돌,중앙선침범,건조,맑음,교차로 - 교차로부근,승용,남,24세,상해없음,승합,남,31세,상해없음
2019063000100416,2019년 6월 30일 21시,일요일,충청남도 아산시 신창면,경상사고,0,0,1,0,차대사람 - 기타,안전운전불이행,건조,맑음,기타 - 기타,승용,남,45세,상해없음,보행자,여,25세,경상
2019063000100417,2019년 6월 30일 21시,일요일,충청남도 공주시 반죽동,경상사고,0,0,3,0,차대차 - 측면충돌,교차로운행방법위반,건조,맑음,교차로 - 교차로안,승용,남,65세,상해없음,승용,남,53세,경상
2019070100100054,2019년 7월 1일 03시,월요일,충청남도 천안시 동남구 신방동,경상사고,0,0,1,0,차대차 - 기타,안전운전불이행,건조,맑음,교차로 - 교차로안,승용,남,27세,상해없음,승용,남,37세,경상
2019070100100082,2019년 7월 1일 06시,월요일,충청남도 아산시 배방읍,중상사고,0,1,0,0,차대차 - 측면충돌,신호위반,건조,맑음,교차로 - 교차로안,이륜,남,16세,상해없음,이륜,남,16세,상해없음
2019070100100139,2019년 7월 1일 08시,월요일,충청남도 천안시 서북구 직산읍,중상사고,0,1,1,0,차대차 - 측면충돌,신호위반,건조,맑음,교차로 - 교차로안,승용,여,53세,경상,승용,여,30세,중상
2019070100100140,2019년 7월 1일 08시,월요일,충청남도 당진시 순성면,중상사고,0,1,0,0,차대차 - 정면충돌,안전운전불이행,건조,맑음,단일로 - 기타,승용,여,34세,상해없음,이륜,남,75세,중상
2019070100100141,2019년 7월 1일 08시,월요일,충청남도 천안시 동남구 청수동,경상사고,0,0,1,0,차대차 - 추돌,안전거리미확보,건조,맑음,단일로 - 기타,승용,남,45세,상해없음,자전거,남,80세,경상
2019070100100185,2019년 7월 1일 09시,월요일,충청남도 홍성군 광천읍,경상사고,0,0,1,0,차대차 - 추돌,안전운전불이행,건조,흐림,교차로 - 교차로부근,승용,남,22세,상해없음,승용,여,39세,경상
2019070100100231,2019년 7월 1일 10시,월요일,충청남도 천안시 서북구 백석동,경상사고,0,0,1,0,차대차 - 측면충돌,중앙선침범,건조,맑음,단일로 - 기타,화물,남,26세,상해없음,승용,여,34세,경상
2019070100100327,2019년 7월 1일 13시,월요일,충청남도 홍성군 구항면,중상사고,0,1,0,0,차대차 - 기타,안전운전불이행,건조,맑음,단일로 - 기타,화물,여,66세,상해없음,자전거,여,65세,중상
2019070100100350,2019년 7월 1일 14시,월요일,충청남도 서산시 읍내동,중상사고,0,1,0,0,차대사람 - 기타,안전운전불이행,건조,맑음,주차장 - 주차장,승용,여,52세,상해없음,보행자,여,52세,중상
2019070100100351,2019년 7월 1일 14시,월요일,충청남도 당진시 합덕읍,중상사고,0,1,0,0,차대차 - 기타,기타,건조,맑음,교차로 - 교차로안,화물,남,38세,상해없음,승용,남,40세,중상
2019070100100403,2019년 7월 1일 15시,월요일,충청남도 아산시 배방읍,경상사고,0,0,2,0,차대차 - 기타,안전운전불이행,건조,맑음,교차로 - 교차로부근,승합,남,58세,상해없음,승용,여,35세,경상
2019070100100445,2019년 7월 1일 16시,월요일,충청남도 아산시 배방읍,경상사고,0,0,2,0,차대차 - 기타,안전운전불이행,건조,맑음,교차로 - 교차로안,승용,남,42세,상해없음,승용,여,36세,경상
2019070100100483,2019년 7월 1일 17시,월요일,충청남도 천안시 서북구 불당동,중상사고,0,1,0,0,차대사람 - 기타,안전운전불이행,건조,맑음,교차로 - 교차로안,승용,여,43세,상해없음,보행자,여,36세,중상
2019070100100484,2019년 7월 1일 17시,월요일,충청남도 천안시 서북구 직산읍,경상사고,0,0,1,0,차대차 - 기타,안전운전불이행,건조,맑음,단일로 - 기타,승용,남,38세,상해없음,이륜,남,33세,경상
2019070100100485,2019년 7월 1일 17시,월요일,충청남도 천안시 서북구 쌍용동,경상사고,0,0,1,0,차대차 - 기타,안전거리미확보,건조,맑음,단일로 - 기타,승용,남,41세,상해없음,승용,남,50세,경상
2019070100100530,2019년 7월 1일 18시,월요일,충청남도 공주시 신관동,경상사고,0,0,3,0,차대차 - 측면충돌,안전운전불이행,건조,맑음,교차로 - 교차로안,화물,남,58세,기타불명,승용,남,37세,경상
2019070100100531,2019년 7월 1일 18시,월요일,충청남도 태안군 태안읍,중상사고,0,1,0,0,차대차 - 측면충돌,교차로운행방법위반,건조,맑음,교차로 - 교차로부근,자전거,남,72세,중상,승용,여,50세,상해없음
2019070100100582,2019년 7월 1일 19시,월요일,충청남도 논산시 내동,중상사고,0,1,0,0,차대차 - 정면충돌,중앙선침범,건조,맑음,교차로 - 교차로부근,승용,남,67세,상해없음,승용,여,57세,중상
2019070100100618,2019년 7월 1일 20시,월요일,충청남도 논산시 부적면,사망사고,1,0,0,0,차대차 - 측면충돌,중앙선침범,건조,맑음,교차로 - 교차로부근,화물,남,82세,사망,승용,남,38세,상해없음
2019070100100619,2019년 7월 1일 20시,월요일,충청남도 천안시 동남구 신방동,중상사고,0,1,0,0,차대차 - 측면충돌,안전거리미확보,건조,맑음,단일로 - 기타,승합,남,51세,상해없음,승합,남,55세,중상
2019070100100642,2019년 7월 1일 21시,월요일,충청남도 서산시 예천동,경상사고,0,0,2,0,차대차 - 측면충돌,안전운전불이행,건조,맑음,교차로 - 교차로안,승용,여,63세,상해없음,화물,남,44세,경상
2019070100100656,2019년 7월 1일 22시,월요일,충청남도 아산시 둔포면,경상사고,0,0,1,0,차대차 - 기타,교차로운행방법위반,건조,맑음,교차로 - 교차로안,승용,남,30세,상해없음,승용,남,51세,경상
2019070100100672,2019년 7월 1일 23시,월요일,충청남도 홍성군 홍성읍,경상사고,0,0,1,0,차대차 - 측면충돌,교차로운행방법위반,건조,맑음,교차로 - 교차로안,승용,여,59세,상해없음,이륜,남,39세,경상
2019070100100673,2019년 7월 1일 23시,월요일,충청남도 천안시 동남구 목천읍,경상사고,0,0,1,0,차대차 - 측면충돌,불법유턴,건조,맑음,단일로 - 기타,승용,남,47세,상해없음,화물,여,43세,경상
2019070200100074,2019년 7월 2일 05시,화요일,충청남도 천안시 서북구 성정동,경상사고,0,0,2,0,차대차 - 추돌,안전운전불이행,건조,맑음,단일로 - 기타,승용,남,26세,상해없음,승용,남,51세,경상
2019070200100105,2019년 7월 2일 07시,화요일,충청남도 천안시 동남구 청당동,경상사고,0,0,1,0,차대차 - 추돌,안전거리미확보,건조,맑음,교차로 - 교차로부근,화물,남,72세,상해없음,승용,여,48세,경상
2019070200100140,2019년 7월 2일 08시,화요일,충청남도 천안시 서북구 성거읍,경상사고,0,0,1,0,차대차 - 추돌,안전운전불이행,건조,맑음,교차로 - 교차로부근,화물,남,39세,상해없음,화물,남,51세,경상
2019070200100141,2019년 7월 2일 08시,화요일,충청남도 천안시 서북구 불당동,경상사고,0,0,2,0,차대차 - 기타,안전운전불이행,건조,맑음,교차로 - 교차로안,승용,남,62세,상해없음,승합,남,45세,경상
2019070200100240,2019년 7월 2일 11시,화요일,충청남도 논산시 채운면,경상사고,0,0,3,0,차대차 - 측면충돌,신호위반,건조,맑음,교차로 - 교차로안,승합,여,56세,경상,화물,남,59세,경상
2019070200100241,2019년 7월 2일 11시,화요일,충청남도 공주시 정안면,경상사고,0,0,1,0,차대사람 - 기타,안전운전불이행,건조,맑음,주차장 - 주차장,승용,남,67세,상해없음,보행자,여,82세,경상
2019070200100267,2019년 7월 2일 12시,화요일,충청남도 아산시 권곡동,경상사고,0,0,1,0,차대차 - 측면충돌,신호위반,건조,맑음,교차로 - 교차로안,승용,여,57세,상해없음,원동기,남,36세,경상
2019070200100268,2019년 7월 2일 12시,화요일,충청남도 당진시 용연리,중상사고,0,1,0,0,차량단독 - 기타,안전운전불이행,건조,맑음,단일로 - 기타,승용,여,60세,상해없음,,,,
2019070200100269,2019년 7월 2일 12시,화요일,충청남도 당진시 신평면,경상사고,0,0,1,0,차대차 - 기타,교차로운행방법위반,건조,맑음,교차로 - 교차로안,승용,여,67세,경상,화물,남,37세,상해없음
2019070200100270,2019년 7월 2일 12시,화요일,충청남도 천안시 동남구 다가동,경상사고,0,0,2,0,차대차 - 추돌,안전운전불이행,건조,맑음,단일로 - 기타,승용,남,56세,상해없음,승용,남,74세,경상
2019070200100339,2019년 7월 2일 14시,화요일,충청남도 서산시 음암면,중상사고,0,1,1,0,차대차 - 측면충돌,안전운전불이행,건조,맑음,단일로 - 기타,승용,여,63세,경상,승용,여,34세,중상
2019070200100369,2019년 7월 2일 15시,화요일,충청남도 천안시 동남구 신방동,경상사고,0,0,2,0,차대차 - 추돌,안전거리미확보,건조,맑음,단일로 - 기타,화물,남,60세,상해없음,승용,남,36세,경상
2019070200100407,2019년 7월 2일 16시,화요일,충청남도 천안시 서북구 쌍용동,경상사고,0,0,2,0,차대차 - 측면충돌,교차로운행방법위반,건조,맑음,교차로 - 교차로안,승용,여,35세,상해없음,승용,여,42세,경상
2019070200100408,2019년 7월 2일 16시,화요일,충청남도 아산시 염치읍,경상사고,0,0,2,0,차대차 - 추돌,안전운전불이행,건조,맑음,단일로 - 기타,화물,남,60세,상해없음,화물,남,50세,경상
2019070200100409,2019년 7월 2일 16시,화요일,충청남도 부여군 양화면,중상사고,0,2,0,0,차대차 - 정면충돌,중앙선침범,건조,맑음,교차로 - 교차로부근,화물,남,67세,상해없음,승용,여,57세,중상
2019070200100446,2019년 7월 2일 17시,화요일,충청남도 아산시 배방읍,경상사고,0,0,1,0,차대차 - 기타,안전운전불이행,건조,맑음,단일로 - 기타,이륜,남,18세,상해없음,승용,남,33세,경상
2019070200100489,2019년 7월 2일 18시,화요일,충청남도 아산시 배방읍,경상사고,0,0,1,0,차대차 - 측면충돌,안전운전불이행,건조,맑음,교차로 - 교차로안,승용,여,52세,상해없음,승용,여,36세,경상
2019070200100490,2019년 7월 2일 18시,화요일,충청남도 아산시 신창면,경상사고,0,0,1,0,차대차 - 기타,안전운전불이행,건조,맑음,단일로 - 기타,승용,남,52세,상해없음,승용,남,26세,경상
2019070200100491,2019년 7월 2일 18시,화요일,충청남도 천안시 동남구 청당동,경상사고,0,0,1,0,차대차 - 측면충돌,안전운전불이행,건조,맑음,교차로 - 교차로안,승용,남,66세,상해없음,승용,여,30세,경상
2019070200100536,2019년 7월 2일 19시,화요일,충청남도 당진시 원당리,경상사고,0,0,1,0,차대차 - 기타,안전운전불이행,건조,맑음,기타 - 기타,화물,남,53세,상해없음,이륜,남,17세,경상
2019070200100561,2019년 7월 2일 20시,화요일,충청남도 보령시 명천동,중상사고,0,1,0,0,차대사람 - 횡단중,보행자보호의무위반,건조,맑음,교차로 - 교차로횡단보도내,승용,남,21세,상해없음,보행자,남,65세,중상
2019070200100585,2019년 7월 2일 21시,화요일,충청남도 아산시 배방읍,경상사고,0,0,3,0,차대차 - 추돌,안전운전불이행,건조,맑음,단일로 - 기타,화물,남,58세,상해없음,승용,여,33세,경상
2019070300100027,2019년 7월 3일 00시,수요일,충청남도 보령시 웅천읍,중상사고,0,1,0,0,차대사람 - 횡단중,안전운전불이행,건조,맑음,교차로 - 교차로안,화물,남,60세,상해없음,보행자,남,55세,중상
2019070300100035,2019년 7월 3일 01시,수요일,충청남도 서산시 갈산동,부상신고사고,0,0,0,1,차대차 - 측면충돌,안전운전불이행,건조,맑음,단일로 - 기타,승용,남,26세,부상신고,승용,남,47세,기타불명
2019070300100042,2019년 7월 3일 03시,수요일,충청남도 천안시 서북구 불당동,경상사고,0,0,1,0,차대차 - 추돌,안전운전불이행,건조,맑음,교차로 - 교차로부근,승용,남,26세,상해없음,승용,남,27세,경상
2019070300100047,2019년 7월 3일 04시,수요일,충청남도 천안시 동남구 병천면,중상사고,0,1,0,0,차대차 - 측면충돌,중앙선침범,건조,맑음,단일로 - 기타,승용,남,46세,상해없음,승합,남,38세,중상
2019070300100081,2019년 7월 3일 07시,수요일,충청남도 태안군 태안읍,중상사고,0,1,0,0,차대차 - 추돌,안전거리미확보,건조,맑음,단일로 - 기타,화물,남,69세,상해없음,승용,여,61세,중상
2019070300100122,2019년 7월 3일 08시,수요일,충청남도 공주시 유구읍,중상사고,0,2,1,0,차대차 - 추돌,안전거리미확보,건조,맑음,교차로 - 교차로부근,화물,남,29세,상해없음,승용,남,26세,경상
2019070300100160,2019년 7월 3일 09시,수요일,충청남도 천안시 동남구 다가동,중상사고,0,1,0,0,차대차 - 기타,안전운전불이행,건조,맑음,단일로 - 기타,자전거,남,77세,중상,승용,남,37세,상해없음
2019070300100194,2019년 7월 3일 10시,수요일,충청남도 서산시 동문동,경상사고,0,0,1,0,차대사람 - 기타,안전운전불이행,건조,맑음,단일로 - 기타,승용,여,54세,기타불명,보행자,여,65세,경상
2019070300100195,2019년 7월 3일 10시,수요일,충청남도 논산시 부창동,중상사고,0,1,1,0,차대사람 - 횡단중,안전운전불이행,건조,맑음,단일로 - 기타,이륜,남,20세,상해없음,보행자,여,68세,중상
2019070300100196,2019년 7월 3일 10시,수요일,충청남도 보령시 대천동,중상사고,0,1,0,0,차대차 - 측면충돌,불법유턴,건조,맑음,교차로 - 교차로안,화물,남,41세,상해없음,자전거,남,89세,중상
2019070300100249,2019년 7월 3일 12시,수요일,충청남도 아산시 실옥동,중상사고,0,1,0,0,차대차 - 기타,안전운전불이행,건조,맑음,주차장 - 주차장,승용,여,36세,상해없음,승용,여,23세,중상
2019070300100250,2019년 7월 3일 12시,수요일,충청남도 금산군 금산읍,경상사고,0,0,3,0,차대차 - 추돌,안전운전불이행,건조,맑음,단일로 - 기타,승용,남,44세,경상,승용,남,48세,경상
2019070300100280,2019년 7월 3일 13시,수요일,충청남도 서산시 해미면,경상사고,0,0,2,0,차대차 - 측면충돌,안전운전불이행,건조,맑음,단일로 - 기타,화물,남,54세,경상,화물,남,36세,경상
2019070300100317,2019년 7월 3일 14시,수요일,충청남도 천안시 서북구 성정동,경상사고,0,0,1,0,차대차 - 측면충돌,안전운전불이행,건조,맑음,교차로 - 교차로안,승용,여,43세,경상,승용,여,25세,상해없음
2019070300100318,2019년 7월 3일 14시,수요일,충청남도 논산시 내동,경상사고,0,0,1,0,차대차 - 정면충돌,안전운전불이행,건조,맑음,기타 - 기타,승용,남,36세,기타불명,이륜,남,19세,경상
2019070300100352,2019년 7월 3일 15시,수요일,충청남도 홍성군 홍북읍,중상사고,0,1,0,0,차대차 - 측면충돌,중앙선침범,건조,맑음,단일로 - 기타,화물,남,54세,상해없음,이륜,남,66세,중상
2019070300100353,2019년 7월 3일 15시,수요일,충청남도 천안시 동남구 봉명동,경상사고,0,0,1,0,차대차 - 후진중충돌,안전운전불이행,건조,맑음,교차로 - 교차로부근,화물,남,36세,상해없음,승용,남,35세,경상
2019070300100389,2019년 7월 3일 16시,수요일,충청남도 서산시 성연면,중상사고,0,1,0,0,차대차 - 측면충돌,신호위반,건조,맑음,교차로 - 교차로안,화물,남,67세,상해없음,화물,남,27세,중상
2019070300100390,2019년 7월 3일 16시,수요일,충청남도 천안시 서북구 쌍용동,경상사고,0,0,1,0,차대차 - 추돌,안전운전불이행,건조,맑음,단일로 - 기타,승용,여,46세,상해없음,승용,여,47세,경상
2019070300100437,2019년 7월 3일 17시,수요일,충청남도 공주시 탄천면,경상사고,0,0,1,0,차대차 - 측면충돌,안전운전불이행,건조,맑음,기타 - 기타,이륜,여,72세,경상,승용,남,60세,상해없음
2019070300100438,2019년 7월 3일 17시,수요일,충청남도 천안시 동남구 다가동,경상사고,0,0,1,0,차대차 - 후진중충돌,안전운전불이행,건조,맑음,단일로 - 기타,승용,남,65세,상해없음,승용,남,36세,경상
2019070300100494,2019년 7월 3일 18시,수요일,충청남도 아산시 배방읍,중상사고,0,1,0,0,차대차 - 기타,중앙선침범,건조,맑음,단일로 - 기타,승합,여,52세,상해없음,이륜,남,57세,중상
2019070300100495,2019년 7월 3일 18시,수요일,충청남도 공주시 금성동,중상사고,0,1,0,0,차대차 - 기타,안전운전불이행,건조,맑음,단일로 - 기타,승용,남,36세,상해없음,자전거,남,19세,중상