사고번호,사고일시,요일,시군구,사고내용,사망자수,중상자수,경상자수,부상신고자수,사고유형,법규위반,노면상태,기상상태,도로형태,가해운전자 차종,가해운전자 성별,가해운전자 연령,가해운전자 상해정도,피해운전자 차종,피해운전자 성별,피해운전자 연령,피해운전자 상해정도
2019070300100516,2019년 7월 3일 19시,수요일,충청남도 태안군 태안읍,중상사고,0,1,0,0,차대차 - 추돌,안전거리미확보,건조,맑음,교차로 - 교차로부근,승용,남,52세,상해없음,승용,여,63세,중상
2019070300100539,2019년 7월 3일 20시,수요일,충청남도 천안시 서북구 쌍용동,중상사고,0,1,0,0,차대차 - 측면충돌,교차로운행방법위반,건조,맑음,교차로 - 교차로안,승용,남,20세,상해없음,이륜,남,32세,중상
2019070300100540,2019년 7월 3일 20시,수요일,충청남도 아산시 온천동,경상사고,0,0,2,0,차대차 - 기타,안전운전불이행,건조,맑음,교차로 - 교차로부근,승합,남,51세,상해없음,승용,남,50세,경상
2019070300100575,2019년 7월 3일 21시,수요일,충청남도 아산시 모종동,경상사고,0,0,1,0,차대사람 - 기타,안전운전불이행,건조,맑음,단일로 - 기타,승용,남,31세,상해없음,보행자,남,23세,경상
2019070300100599,2019년 7월 3일 22시,수요일,충청남도 천안시 서북구 입장면,경상사고,0,0,1,0,차대사람 - 차도통행중,안전운전불이행,건조,맑음,단일로 - 기타,승용,남,34세,상해없음,보행자,남,59세,경상
2019070300100617,2019년 7월 3일 23시,수요일,충청남도 청양군 청양읍,경상사고,0,0,2,0,차대사람 - 기타,안전운전불이행,건조,맑음,단일로 - 기타,이륜,남,58세,상해없음,보행자,남,29세,경상
2019070400100057,2019년 7월 4일 04시,목요일,충청남도 태안군 근흥면,중상사고,0,1,0,0,차대차 - 추돌,안전거리미확보,건조,흐림,단일로 - 기타,특수,남,22세,상해없음,이륜,남,85세,중상
2019070400100065,2019년 7월 4일 05시,목요일,충청남도 당진시 채운동,경상사고,0,0,1,0,차대차 - 측면충돌,교차로운행방법위반,건조,맑음,교차로 - 교차로안,화물,남,53세,경상,건설기계,남,46세,상해없음
2019070400100075,2019년 7월 4일 06시,목요일,충청남도 태안군 태안읍,중상사고,0,1,0,0,차대차 - 측면충돌,안전운전불이행,젖음/습기,안개,단일로 - 기타,승합,남,50세,상해없음,승용,남,33세,중상
2019070400100096,2019년 7월 4일 07시,목요일,충청남도 서천군 장항읍,중상사고,0,1,2,0,차대차 - 정면충돌,교차로운행방법위반,건조,맑음,교차로 - 교차로안,승용,남,67세,경상,승용,남,58세,경상
2019070400100137,2019년 7월 4일 08시,목요일,충청남도 천안시 서북구 성정동,중상사고,0,1,0,0,차대사람 - 횡단중,안전운전불이행,건조,맑음,교차로 - 교차로안,승용,여,44세,상해없음,보행자,여,30세,중상
2019070400100138,2019년 7월 4일 08시,목요일,충청남도 천안시 서북구 성정동,경상사고,0,0,1,0,차대사람 - 횡단중,안전운전불이행,건조,맑음,단일로 - 기타,승용,여,51세,상해없음,보행자,여,12세,경상
2019070400100139,2019년 7월 4일 08시,목요일,충청남도 아산시 신창면,경상사고,0,0,1,0,차량단독 - 기타,안전운전불이행,건조,맑음,단일로 - 기타,이륜,남,76세,경상,,,,
2019070400100140,2019년 7월 4일 08시,목요일,충청남도 공주시 금성동,경상사고,0,0,1,0,차대차 - 기타,보행자보호의무위반,건조,맑음,교차로 - 교차로안,이륜,남,60세,상해없음,자전거,여,30세,경상
2019070400100141,2019년 7월 4일 08시,목요일,충청남도 부여군 규암면,경상사고,0,0,1,0,차대사람 - 기타,안전운전불이행,건조,맑음,단일로 - 기타,화물,남,62세,상해없음,보행자,남,53세,경상
2019070400100142,2019년 7월 4일 08시,목요일,충청남도 천안시 동남구 목천읍,경상사고,0,0,1,0,차대차 - 측면충돌,안전거리미확보,건조,맑음,단일로 - 기타,특수,남,44세,상해없음,승용,여,36세,경상
2019070400100197,2019년 7월 4일 09시,목요일,충청남도 천안시 서북구 직산읍,경상사고,0,0,1,0,차대차 - 기타,교차로운행방법위반,건조,맑음,교차로 - 교차로안,승용,남,59세,경상,화물,남,50세,기타불명
2019070400100198,2019년 7월 4일 09시,목요일,충청남도 예산군 삽교읍,중상사고,0,2,4,0,차대차 - 측면충돌,신호위반,건조,맑음,교차로 - 교차로안,승용,여,41세,경상,승용,남,27세,중상
2019070400100199,2019년 7월 4일 09시,목요일,충청남도 부여군 규암면,경상사고,0,0,1,0,차대차 - 측면충돌,신호위반,건조,맑음,교차로 - 교차로안,승용,남,30세,상해없음,승용,여,40세,경상
2019070400100227,2019년 7월 4일 10시,목요일,충청남도 논산시 화지동,중상사고,0,1,0,0,차대사람 - 기타,안전운전불이행,건조,맑음,단일로 - 기타,화물,남,60세,상해없음,보행자,여,47세,중상
2019070400100228,2019년 7월 4일 10시,목요일,충청남도 당진시 읍내리,경상사고,0,0,2,0,차대차 - 추돌,교차로운행방법위반,건조,맑음,교차로 - 교차로안,화물,남,50세,상해없음,승용,남,32세,경상
2019070400100229,2019년 7월 4일 10시,목요일,충청남도 천안시 동남구 영성동,경상사고,0,0,1,0,차대차 - 측면충돌,중앙선침범,건조,맑음,단일로 - 기타,자전거,남,47세,경상,승합,남,57세,상해없음
2019070400100283,2019년 7월 4일 12시,목요일,충청남도 아산시 풍기동,경상사고,0,0,1,0,차대차 - 기타,신호위반,건조,맑음,단일로 - 기타,승용,여,49세,상해없음,승용,여,45세,경상
2019070400100325,2019년 7월 4일 13시,목요일,충청남도 서산시 석림동,경상사고,0,0,3,0,차대차 - 측면충돌,직진우회전진행방해,건조,맑음,교차로 - 교차로안,승용,여,39세,경상,승용,남,72세,경상
2019070400100326,2019년 7월 4일 13시,목요일,충청남도 서산시 운산면,경상사고,0,0,1,0,차대차 - 측면충돌,직진우회전진행방해,건조,맑음,교차로 - 교차로안,승용,남,53세,상해없음,사륜오토바이(ATV),남,79세,경상
2019070400100327,2019년 7월 4일 13시,목요일,충청남도 보령시 오천면,경상사고,0,0,1,0,차대차 - 기타,안전운전불이행,건조,맑음,단일로 - 기타,화물,남,62세,상해없음,사륜오토바이(ATV),여,54세,경상
2019070400100429,2019년 7월 4일 16시,목요일,충청남도 아산시 음봉면,중상사고,0,1,0,0,차대차 - 추돌,안전운전불이행,건조,맑음,교차로 - 교차로부근,화물,남,61세,상해없음,승용,남,45세,중상
2019070400100430,2019년 7월 4일 16시,목요일,충청남도 공주시 유구읍,중상사고,0,4,1,0,차대차 - 측면충돌,중앙선침범,건조,맑음,단일로 - 기타,승용,여,64세,중상,승용,남,60세,중상
2019070400100431,2019년 7월 4일 16시,목요일,충청남도 당진시 읍내리,중상사고,0,1,0,0,차대사람 - 차도통행중,안전운전불이행,건조,맑음,단일로 - 기타,승용,여,37세,상해없음,보행자,여,6세,중상
2019070400100479,2019년 7월 4일 17시,목요일,충청남도 서산시 성연면,중상사고,0,1,0,0,차대차 - 측면충돌,안전운전불이행,건조,맑음,단일로 - 기타,승용,여,29세,상해없음,이륜,남,60세,중상
2019070400100480,2019년 7월 4일 17시,목요일,충청남도 예산군 예산읍,경상사고,0,0,2,0,차대차 - 정면충돌,안전운전불이행,건조,맑음,교차로 - 교차로부근,승용,여,57세,상해없음,화물,남,70세,경상
2019070400100526,2019년 7월 4일 18시,목요일,충청남도 예산군 덕산면,경상사고,0,0,2,0,차대차 - 추돌,안전운전불이행,건조,맑음,교차로 - 교차로부근,승용,남,69세,상해없음,승용,남,52세,경상
2019070400100562,2019년 7월 4일 19시,목요일,충청남도 보령시 대천동,중상사고,0,1,0,0,차대차 - 측면충돌,신호위반,기타,맑음,단일로 - 교량,승용,남,32세,상해없음,자전거,남,37세,중상
2019070400100585,2019년 7월 4일 20시,목요일,충청남도 천안시 서북구 성환읍,중상사고,0,1,1,0,차대차 - 정면충돌,안전운전불이행,건조,맑음,교차로 - 교차로안,승용,여,46세,상해없음,승용,여,37세,중상
2019070400100586,2019년 7월 4일 20시,목요일,충청남도 논산시 취암동,중상사고,0,1,0,0,차대차 - 정면충돌,안전운전불이행,건조,맑음,단일로 - 기타,승용,남,29세,상해없음,승용,여,54세,중상
2019070400100608,2019년 7월 4일 21시,목요일,충청남도 서산시 지곡면,중상사고,0,1,0,0,차대차 - 측면충돌,신호위반,건조,맑음,교차로 - 교차로부근,화물,남,43세,상해없음,화물,남,57세,중상
2019070500100075,2019년 7월 5일 05시,금요일,충청남도 천안시 서북구 백석동,경상사고,0,0,2,0,차대차 - 추돌,안전운전불이행,건조,맑음,교차로 - 교차로부근,승용,남,37세,상해없음,승용,여,66세,경상
2019070500100103,2019년 7월 5일 07시,금요일,충청남도 천안시 서북구 직산읍,경상사고,0,0,1,0,차대차 - 측면충돌,교차로운행방법위반,건조,맑음,단일로 - 기타,승용,남,41세,상해없음,승용,남,38세,경상
2019070500100145,2019년 7월 5일 08시,금요일,충청남도 계룡시 엄사면,중상사고,0,1,0,0,차대차 - 측면충돌,신호위반,건조,맑음,교차로 - 교차로안,승용,여,42세,상해없음,승용,여,42세,중상
2019070500100146,2019년 7월 5일 08시,금요일,충청남도 아산시 신창면,경상사고,0,0,1,0,차대사람 - 횡단중,안전운전불이행,건조,맑음,단일로 - 기타,승용,여,38세,상해없음,보행자,여,9세,경상
2019070500100147,2019년 7월 5일 08시,금요일,충청남도 태안군 태안읍,중상사고,0,1,0,0,차대차 - 측면충돌,안전운전불이행,건조,맑음,교차로 - 교차로안,승용,여,43세,상해없음,자전거,남,11세,중상
2019070500100191,2019년 7월 5일 09시,금요일,충청남도 공주시 신풍면,경상사고,0,0,1,0,차대차 - 정면충돌,중앙선침범,건조,맑음,단일로 - 기타,화물,남,62세,상해없음,승용,여,62세,경상
2019070500100219,2019년 7월 5일 10시,금요일,충청남도 서천군 서천읍,중상사고,0,1,0,0,차대차 - 측면충돌,신호위반,건조,맑음,교차로 - 교차로안,이륜,남,79세,중상,승용,남,47세,상해없음
2019070500100283,2019년 7월 5일 12시,금요일,충청남도 천안시 서북구 신당동,중상사고,0,1,0,0,차대차 - 측면충돌,신호위반,건조,맑음,교차로 - 교차로안,원동기,남,16세,중상,승용,남,30세,상해없음
2019070500100284,2019년 7월 5일 12시,금요일,충청남도 보령시 동대동,경상사고,0,0,1,0,차대사람 - 기타,안전운전불이행,건조,맑음,단일로 - 기타,승용,남,42세,상해없음,보행자,남,47세,경상
2019070500100285,2019년 7월 5일 12시,금요일,충청남도 천안시 동남구 다가동,경상사고,0,0,1,0,차대차 - 추돌,중앙선침범,건조,맑음,단일로 - 기타,승용,남,63세,상해없음,승용,남,38세,경상
2019070500100286,2019년 7월 5일 12시,금요일,충청남도 태안군 원북면,중상사고,0,2,1,0,차대차 - 추돌,안전운전불이행,건조,맑음,단일로 - 기타,이륜,여,71세,경상,이륜,남,68세,중상
2019070500100319,2019년 7월 5일 13시,금요일,충청남도 논산시 부창동,경상사고,0,0,1,0,차대차 - 측면충돌,안전운전불이행,건조,맑음,단일로 - 기타,이륜,남,35세,경상,승용,남,39세,상해없음
2019070500100353,2019년 7월 5일 14시,금요일,충청남도 천안시 동남구 신부동,중상사고,0,1,1,0,차대차 - 측면충돌,안전거리미확보,건조,맑음,단일로 - 기타,이륜,남,25세,상해없음,이륜,남,37세,중상
2019070500100386,2019년 7월 5일 15시,금요일,충청남도 천안시 서북구 성정동,중상사고,0,2,0,0,차대사람 - 기타,신호위반,건조,맑음,교차로 - 교차로횡단보도내,승용,여,26세,상해없음,보행자,여,41세,중상
2019070500100387,2019년 7월 5일 15시,금요일,충청남도 천안시 서북구 두정동,경상사고,0,0,1,0,차대사람 - 횡단중,안전운전불이행,건조,맑음,단일로 - 기타,기타불명,기타불명,미분류,기타불명,보행자,남,52세,경상
2019070500100388,2019년 7월 5일 15시,금요일,충청남도 천안시 동남구 신방동,경상사고,0,0,3,0,차대차 - 기타,신호위반,건조,맑음,교차로 - 교차로안,승용,남,72세,상해없음,승용,여,33세,경상
2019070500100438,2019년 7월 5일 16시,금요일,충청남도 서산시 해미면,중상사고,0,2,0,0,차량단독 - 공작물충돌,과속,건조,맑음,단일로 - 기타,승용,남,43세,중상,,,,
2019070500100439,2019년 7월 5일 16시,금요일,충청남도 홍성군 홍성읍,중상사고,0,3,0,0,차대차 - 측면충돌,교차로운행방법위반,건조,맑음,교차로 - 교차로안,승용,여,42세,상해없음,승용,여,43세,중상
2019070500100440,2019년 7월 5일 16시,금요일,충청남도 예산군 삽교읍,중상사고,0,1,0,0,차대사람 - 횡단중,보행자보호의무위반,건조,맑음,교차로 - 교차로안,승용,남,58세,상해없음,보행자,여,74세,중상
2019070500100441,2019년 7월 5일 16시,금요일,충청남도 당진시 읍내리,중상사고,0,1,0,0,차대차 - 측면충돌,직진우회전진행방해,건조,맑음,교차로 - 교차로안,이륜,남,72세,중상,승용,남,39세,상해없음
2019070500100442,2019년 7월 5일 16시,금요일,충청남도 청양군 청양읍,경상사고,0,0,1,0,차대차 - 측면충돌,신호위반,건조,맑음,교차로 - 교차로안,특수,남,43세,상해없음,화물,남,52세,경상
2019070500100483,2019년 7월 5일 17시,금요일,충청남도 천안시 서북구 성정동,경상사고,0,0,1,0,차대차 - 기타,안전운전불이행,건조,맑음,교차로 - 교차로부근,자전거,남,10세,경상,승합,여,39세,상해없음
2019070500100484,2019년 7월 5일 17시,금요일,충청남도 천안시 서북구 두정동,부상신고사고,0,0,0,1,차대차 - 측면충돌,안전거리미확보,건조,맑음,교차로 - 교차로부근,이륜,남,31세,부상신고,승용,여,31세,상해없음
2019070500100485,2019년 7월 5일 17시,금요일,충청남도 아산시 배방읍,경상사고,0,0,1,0,차대차 - 기타,안전운전불이행,건조,맑음,교차로 - 교차로부근,승용,여,55세,기타불명,승합,남,68세,기타불명
2019070500100486,2019년 7월 5일 17시,금요일,충청남도 당진시 읍내리,경상사고,0,0,2,0,차대차 - 추돌,차로위반,건조,맑음,단일로 - 기타,이륜,남,79세,상해없음,승용,남,39세,경상
2019070500100487,2019년 7월 5일 17시,금요일,충청남도 태안군 안면읍,부상신고사고,0,0,0,1,차대차 - 기타,안전운전불이행,건조,맑음,단일로 - 기타,농기계,남,81세,상해없음,승용,여,44세,상해없음
2019070500100538,2019년 7월 5일 18시,금요일,충청남도 보령시 주교면,경상사고,0,0,2,0,차대차 - 측면충돌,과속,건조,맑음,교차로 - 교차로안,승용,남,23세,상해없음,승용,여,57세,경상
2019070500100539,2019년 7월 5일 18시,금요일,충청남도 공주시 신관동,경상사고,0,0,1,0,차대차 - 측면충돌,안전운전불이행,건조,맑음,교차로 - 교차로안,승용,남,48세,상해없음,자전거,남,11세,경상
2019070500100540,2019년 7월 5일 18시,금요일,충청남도 부여군 부여읍,중상사고,0,1,0,0,차대사람 - 기타,안전운전불이행,건조,맑음,교차로 - 교차로안,화물,남,53세,상해없음,보행자,여,83세,중상
2019070500100541,2019년 7월 5일 18시,금요일,충청남도 당진시 행정리,경상사고,0,0,1,0,차대차 - 기타,안전운전불이행,건조,맑음,단일로 - 기타,승용,여,59세,상해없음,자전거,남,54세,경상
2019070500100589,2019년 7월 5일 19시,금요일,충청남도 당진시 송악읍,경상사고,0,0,1,0,차대차 - 추돌,안전운전불이행,건조,맑음,기타 - 기타,승용,남,40세,상해없음,자전거,남,27세,경상
2019070500100673,2019년 7월 5일 22시,금요일,충청남도 아산시 둔포면,중상사고,0,1,0,0,차대차 - 기타,안전운전불이행,건조,맑음,교차로 - 교차로안,승용,남,33세,상해없음,원동기,남,50세,중상
2019070500100694,2019년 7월 5일 23시,금요일,충청남도 서산시 성연면,경상사고,0,0,1,0,차대차 - 추돌,안전운전불이행,건조,맑음,교차로 - 교차로부근,승용,남,26세,상해없음,승용,남,70세,경상
2019070600100040,2019년 7월 6일 00시,토요일,충청남도 천안시 서북구 두정동,경상사고,0,0,1,0,차대사람 - 횡단중,보행자보호의무위반,건조,맑음,교차로 - 교차로횡단보도내,승용,남,47세,상해없음,보행자,남,35세,경상
2019070600100041,2019년 7월 6일 00시,토요일,충청남도 천안시 동남구 신방동,경상사고,0,0,2,0,차대차 - 기타,안전운전불이행,건조,맑음,교차로 - 교차로안,승용,남,43세,상해없음,승용,남,59세,경상
2019070600100072,2019년 7월 6일 02시,토요일,충청남도 천안시 서북구 쌍용동,부상신고사고,0,0,0,1,차대사람 - 기타,안전운전불이행,건조,맑음,교차로 - 교차로부근,승용,남,67세,상해없음,보행자,남,26세,부상신고
2019070600100073,2019년 7월 6일 02시,토요일,충청남도 홍성군 홍북읍,경상사고,0,0,2,0,차대차 - 측면충돌,신호위반,건조,맑음,교차로 - 교차로안,승용,남,41세,상해없음,승용,남,35세,경상
2019070600100084,2019년 7월 6일 03시,토요일,충청남도 천안시 동남구 목천읍,사망사고,1,0,0,0,차대차 - 추돌,안전운전불이행,건조,맑음,단일로 - 기타,승용,남,37세,상해없음,화물,남,57세,상해없음
2019070600100085,2019년 7월 6일 03시,토요일,충청남도 공주시 의당면,중상사고,0,1,0,0,차량단독 - 기타,과속,건조,맑음,단일로 - 기타,승용,남,25세,상해없음,,,,
2019070600100127,2019년 7월 6일 06시,토요일,충청남도 공주시 반포면,경상사고,0,0,1,0,차대차 - 측면충돌,안전운전불이행,건조,맑음,교차로 - 교차로부근,승용,남,75세,상해없음,승용,남,38세,경상
2019070600100146,2019년 7월 6일 07시,토요일,충청남도 천안시 서북구 불당동,경상사고,0,0,2,0,차대차 - 측면충돌,교차로운행방법위반,건조,맑음,교차로 - 교차로부근,승용,남,76세,상해없음,승용,남,58세,경상
2019070600100172,2019년 7월 6일 08시,토요일,충청남도 천안시 서북구 두정동,경상사고,0,0,1,0,차대차 - 측면충돌,안전운전불이행,건조,맑음,교차로 - 교차로횡단보도내,화물,남,47세,상해없음,이륜,남,35세,경상
2019070600100173,2019년 7월 6일 08시,토요일,충청남도 논산시 성동면,중상사고,0,1,0,0,차대사람 - 기타,안전운전불이행,건조,맑음,교차로 - 교차로부근,승용,남,48세,상해없음,보행자,남,86세,중상
2019070600100174,2019년 7월 6일 08시,토요일,충청남도 예산군 덕산면,경상사고,0,0,1,0,차대차 - 기타,중앙선침범,건조,맑음,단일로 - 기타,화물,남,67세,상해없음,승용,남,55세,경상
2019070600100191,2019년 7월 6일 09시,토요일,충청남도 보령시 주교면,경상사고,0,0,1,0,차대차 - 측면충돌,중앙선침범,건조,맑음,단일로 - 기타,이륜,남,75세,상해없음,승용,여,54세,경상
2019070600100192,2019년 7월 6일 09시,토요일,충청남도 예산군 오가면,사망사고,1,0,0,0,차대차 - 측면충돌,신호위반,건조,맑음,교차로 - 교차로안,이륜,남,75세,사망,화물,남,80세,상해없음
2019070600100225,2019년 7월 6일 10시,토요일,충청남도 당진시 고대면,중상사고,0,1,6,3,차대차 - 추돌,안전운전불이행,건조,맑음,단일로 - 기타,승용,남,49세,상해없음,승합,남,58세,경상
2019070600100315,2019년 7월 6일 12시,토요일,충청남도 천안시 서북구 성거읍,중상사고,0,1,0,0,차대사람 - 차도통행중,안전운전불이행,건조,맑음,단일로 - 기타,승용,남,28세,상해없음,보행자,여,70세,중상
2019070600100316,2019년 7월 6일 12시,토요일,충청남도 천안시 서북구 백석동,중상사고,0,1,1,0,차대차 - 측면충돌,직진우회전진행방해,건조,맑음,교차로 - 교차로안,승용,남,29세,기타불명,승합,남,57세,경상
2019070600100317,2019년 7월 6일 12시,토요일,충청남도 예산군 예산읍,중상사고,0,1,0,0,차대차 - 측면충돌,직진우회전진행방해,건조,맑음,교차로 - 교차로안,승용,여,48세,상해없음,승용,여,52세,중상
2019070600100318,2019년 7월 6일 12시,토요일,충청남도 당진시 신평면,중상사고,0,1,0,0,차대사람 - 기타,안전운전불이행,건조,맑음,기타 - 기타,승용,남,60세,상해없음,보행자,여,50세,중상
2019070600100361,2019년 7월 6일 13시,토요일,충청남도 천안시 서북구 쌍용동,경상사고,0,0,2,0,차대차 - 측면충돌,교차로운행방법위반,건조,맑음,교차로 - 교차로안,이륜,남,50세,상해없음,승용,여,56세,경상
2019070600100362,2019년 7월 6일 13시,토요일,충청남도 천안시 동남구 용곡동,경상사고,0,0,2,0,차대차 - 측면충돌,신호위반,건조,맑음,교차로 - 교차로안,승용,여,32세,경상,승용,남,48세,경상
2019070600100402,2019년 7월 6일 14시,토요일,충청남도 서산시 대산읍,중상사고,0,1,0,0,차대사람 - 기타,보행자보호의무위반,건조,맑음,교차로 - 교차로횡단보도내,화물,남,46세,상해없음,보행자,남,51세,중상
2019070600100403,2019년 7월 6일 14시,토요일,충청남도 아산시 선장면,경상사고,0,0,1,0,차대차 - 기타,안전운전불이행,건조,맑음,단일로 - 기타,승용,남,62세,상해없음,승용,남,64세,경상
2019070600100442,2019년 7월 6일 15시,토요일,충청남도 아산시 도고면,중상사고,0,1,1,0,차대차 - 추돌,안전운전불이행,건조,맑음,교차로 - 교차로부근,승용,여,64세,상해없음,승용,남,59세,경상
2019070600100443,2019년 7월 6일 15시,토요일,충청남도 보령시 신흑동,중상사고,0,1,0,0,차대사람 - 횡단중,안전운전불이행,건조,맑음,단일로 - 기타,승용,여,23세,상해없음,보행자,여,57세,중상
2019070600100486,2019년 7월 6일 16시,토요일,충청남도 천안시 동남구 풍세면,경상사고,0,0,4,0,차대차 - 추돌,안전운전불이행,건조,맑음,단일로 - 기타,승용,남,55세,상해없음,승합,남,58세,상해없음
2019070600100487,2019년 7월 6일 16시,토요일,충청남도 천안시 동남구 광덕면,경상사고,0,0,2,0,차대차 - 추돌,안전운전불이행,건조,맑음,기타 - 기타,승용,남,64세,상해없음,승용,남,56세,경상
2019070600100527,2019년 7월 6일 17시,토요일,충청남도 아산시 배방읍,경상사고,0,0,1,0,차대차 - 기타,안전운전불이행,건조,맑음,교차로 - 교차로안,승용,남,26세,상해없음,이륜,남,55세,경상
2019070600100528,2019년 7월 6일 17시,토요일,충청남도 천안시 동남구 청수동,경상사고,0,0,1,0,차대차 - 기타,안전운전불이행,건조,맑음,교차로 - 교차로안,승용,남,62세,상해없음,승합,남,45세,경상
2019070600100566,2019년 7월 6일 18시,토요일,충청남도 아산시 배방읍,경상사고,0,0,1,0,차대차 - 기타,신호위반,건조,맑음,교차로 - 교차로안,승용,여,35세,상해없음,승용,여,48세,경상
2019070600100567,2019년 7월 6일 18시,토요일,충청남도 예산군 예산읍,중상사고,0,1,0,0,차대사람 - 기타,안전운전불이행,건조,맑음,단일로 - 기타,승용,남,37세,상해없음,보행자,여,6세,중상
2019070600100597,2019년 7월 6일 19시,토요일,충청남도 청양군 화성면,중상사고,0,2,6,0,차대차 - 측면충돌,중앙선침범,건조,맑음,기타 - 기타,승용,여,28세,경상,승용,남,29세,경상
2019070600100620,2019년 7월 6일 20시,토요일,충청남도 논산시 벌곡면,경상사고,0,0,1,0,차대사람 - 길가장자리구역통행중,안전운전불이행,건조,맑음,단일로 - 기타,기타불명,기타불명,미분류,기타불명,보행자,여,61세,경상
2019070600100621,2019년 7월 6일 20시,토요일,충청남도 공주시 봉황동,경상사고,0,0,1,0,차대차 - 추돌,안전운전불이행,건조,맑음,교차로 - 교차로부근,승용,남,28세,상해없음,이륜,남,19세,경상
2019070600100666,2019년 7월 6일 21시,토요일,충청남도 홍성군 홍성읍,중상사고,0,1,0,0,차대차 - 기타,안전운전불이행,건조,맑음,교차로 - 교차로안,승용,남,60세,상해없음,이륜,남,17세,중상
2019070600100667,2019년 7월 6일 21시,토요일,충청남도 당진시 송악읍,경상사고,0,0,1,0,차대사람 - 차도통행중,안전운전불이행,건조,맑음,교차로 - 교차로안,승용,남,38세,상해없음,보행자,남,4세,경상
2019070600100695,2019년 7월 6일 22시,토요일,충청남도 보령시 대천동,경상사고,0,0,1,0,차대차 - 측면충돌,직진우회전진행방해,건조,맑음,교차로 - 교차로안,승용,남,19세,상해없음,승용,여,24세,경상
2019070600100717,2019년 7월 6일 23시,토요일,충청남도 천안시 서북구 성정동,경상사고,0,0,1,0,차대차 - 기타,중앙선침범,건조,맑음,교차로 - 교차로부근,승용,남,22세,상해없음,승용,남,50세,상해없음
2019070600100718,2019년 7월 6일 23시,토요일,충청남도 서천군 화양면,중상사고,0,2,1,0,차량단독 - 공작물충돌,안전운전불이행,건조,맑음,교차로 - 교차로안,승용,여,24세,경상,,,,
2019070600100719,2019년 7월 6일 23시,토요일,충청남도 금산군 군북면,경상사고,0,0,1,0,차량단독 - 공작물충돌,안전운전불이행,건조,맑음,단일로 - 기타,화물,여,53세,경상,,,,
2019070700100041,2019년 7월 7일 01시,일요일,충청남도 논산시 지산동,중상사고,0,1,0,0,차량단독 - 도로외이탈 - 기타,안전운전불이행,건조,맑음,교차로 - 교차로부근,승용,남,44세,중상,,,,
2019070700100098,2019년 7월 7일 07시,일요일,충청남도 천안시 동남구 수신면,사망사고,1,0,0,0,차대차 - 기타,안전운전불이행,건조,맑음,단일로 - 기타,승용,남,56세,상해없음,승용,남,56세,사망
2019070700100127,2019년 7월 7일 09시,일요일,충청남도 청양군 청양읍,경상사고,0,0,1,0,차대차 - 기타,안전운전불이행,건조,맑음,교차로 - 교차로횡단보도내,자전거,남,82세,경상,승용,남,73세,상해없음
2019070700100146,2019년 7월 7일 10시,일요일,충청남도 당진시 행정리,중상사고,0,2,0,0,차대차 - 정면충돌,중앙선침범,건조,맑음,단일로 - 기타,승용,남,52세,상해없음,승용,남,76세,중상
2019070700100147,2019년 7월 7일 10시,일요일,충청남도 태안군 태안읍,중상사고,0,2,0,0,차대차 - 추돌,안전운전불이행,건조,맑음,교차로 - 교차로부근,화물,남,58세,상해없음,승용,여,39세,중상
2019070700100193,2019년 7월 7일 12시,일요일,충청남도 논산시 취암동,경상사고,0,0,2,0,차대차 - 측면충돌,안전거리미확보,건조,맑음,단일로 - 기타,승용,여,56세,상해없음,승용,남,25세,경상
2019070700100194,2019년 7월 7일 12시,일요일,충청남도 아산시 방축동,중상사고,0,1,0,0,차량단독 - 기타,안전운전불이행,건조,맑음,단일로 - 터널,이륜,남,79세,중상,,,,
2019070700100195,2019년 7월 7일 12시,일요일,충청남도 서천군 서천읍,중상사고,0,1,0,0,차량단독 - 전도전복 - 전도,안전운전불이행,건조,맑음,교차로 - 교차로안,이륜,남,52세,중상,,,,
2019070700100265,2019년 7월 7일 14시,일요일,충청남도 천안시 동남구 수신면,경상사고,0,0,2,0,차대차 - 추돌,안전운전불이행,건조,맑음,단일로 - 기타,승용,여,60세,상해없음,승용,여,34세,경상
2019070700100337,2019년 7월 7일 16시,일요일,충청남도 보령시 동대동,중상사고,0,1,0,0,차대차 - 측면충돌,신호위반,건조,맑음,교차로 - 교차로안,승용,남,39세,상해없음,이륜,남,23세,중상
2019070700100338,2019년 7월 7일 16시,일요일,충청남도 공주시 정안면,중상사고,0,1,0,0,차대차 - 측면충돌,신호위반,건조,맑음,교차로 - 교차로안,승용,남,52세,상해없음,승용,여,60세,중상
2019070700100339,2019년 7월 7일 16시,일요일,충청남도 금산군 금산읍,중상사고,0,1,0,0,차대차 - 정면충돌,중앙선침범,건조,맑음,단일로 - 기타,화물,남,59세,상해없음,승용,남,51세,중상
2019070700100376,2019년 7월 7일 17시,일요일,충청남도 공주시 신관동,경상사고,0,0,1,0,차대차 - 측면충돌,안전운전불이행,건조,맑음,교차로 - 교차로안,승용,남,22세,상해없음,이륜,남,25세,경상
2019070700100377,2019년 7월 7일 17시,일요일,충청남도 천안시 동남구 구성동,중상사고,0,1,0,0,차대사람 - 횡단중,신호위반,건조,맑음,단일로 - 기타,화물,남,43세,상해없음,보행자,여,74세,중상
2019070700100426,2019년 7월 7일 19시,일요일,충청남도 천안시 서북구 성정동,경상사고,0,0,5,0,차대차 - 추돌,안전운전불이행,건조,맑음,교차로 - 교차로부근,승용,남,27세,상해없음,승용,남,35세,경상