사고번호,사고일시,요일,시군구,사고내용,사망자수,중상자수,경상자수,부상신고자수,사고유형,법규위반,노면상태,기상상태,도로형태,가해운전자 차종,가해운전자 성별,가해운전자 연령,가해운전자 상해정도,피해운전자 차종,피해운전자 성별,피해운전자 연령,피해운전자 상해정도
2019071700100626,2019년 7월 17일 22시,수요일,충청남도 아산시 배방읍,경상사고,0,0,1,0,차량단독 - 공작물충돌,안전운전불이행,건조,맑음,단일로 - 기타,승용,여,32세,상해없음,,,,
2019071700100627,2019년 7월 17일 22시,수요일,충청남도 태안군 안면읍,사망사고,1,2,1,0,차대차 - 정면충돌,안전운전불이행,건조,흐림,교차로 - 교차로안,승용,남,28세,경상,승용,남,52세,중상
2019071700100654,2019년 7월 17일 23시,수요일,충청남도 금산군 금성면,경상사고,0,0,1,0,차량단독 - 공작물충돌,안전운전불이행,젖음/습기,비,교차로 - 교차로안,이륜,남,55세,경상,,,,
2019071800100022,2019년 7월 18일 00시,목요일,충청남도 예산군 오가면,중상사고,0,1,0,0,차량단독 - 공작물충돌,안전운전불이행,젖음/습기,흐림,단일로 - 기타,승용,남,74세,중상,,,,
2019071800100031,2019년 7월 18일 01시,목요일,충청남도 아산시 탕정면,중상사고,0,1,0,0,차대차 - 기타,신호위반,젖음/습기,비,교차로 - 교차로안,승용,남,71세,상해없음,승용,남,69세,상해없음
2019071800100032,2019년 7월 18일 01시,목요일,충청남도 아산시 배방읍,경상사고,0,0,1,0,차대차 - 기타,신호위반,건조,맑음,교차로 - 교차로안,승용,여,31세,상해없음,승용,남,25세,경상
2019071800100086,2019년 7월 18일 07시,목요일,충청남도 천안시 서북구 성정동,경상사고,0,0,1,0,차대차 - 측면충돌,안전운전불이행,건조,맑음,단일로 - 기타,승용,남,30세,상해없음,승용,남,25세,경상
2019071800100114,2019년 7월 18일 08시,목요일,충청남도 서산시 읍내동,경상사고,0,0,1,0,차대차 - 측면충돌,안전거리미확보,건조,맑음,교차로 - 교차로부근,승용,남,33세,상해없음,승용,여,31세,경상
2019071800100115,2019년 7월 18일 08시,목요일,충청남도 천안시 동남구 목천읍,경상사고,0,0,1,0,차대차 - 측면충돌,안전운전불이행,건조,맑음,단일로 - 기타,승용,여,43세,상해없음,원동기,남,41세,경상
2019071800100116,2019년 7월 18일 08시,목요일,충청남도 태안군 태안읍,경상사고,0,0,1,0,차대차 - 측면충돌,교차로운행방법위반,건조,맑음,교차로 - 교차로안,화물,남,76세,상해없음,승용,남,63세,경상
2019071800100149,2019년 7월 18일 09시,목요일,충청남도 천안시 동남구 목천읍,경상사고,0,0,3,0,차대차 - 측면충돌,안전운전불이행,건조,맑음,교차로 - 교차로안,승용,남,32세,경상,화물,남,34세,경상
2019071800100185,2019년 7월 18일 10시,목요일,충청남도 당진시 면천면,경상사고,0,0,1,0,차대차 - 측면충돌,안전운전불이행,건조,맑음,단일로 - 기타,화물,남,43세,상해없음,승용,여,57세,경상
2019071800100244,2019년 7월 18일 12시,목요일,충청남도 서산시 운산면,경상사고,0,0,1,0,차대차 - 추돌,안전운전불이행,건조,맑음,단일로 - 기타,승용,여,62세,상해없음,승용,남,58세,경상
2019071800100245,2019년 7월 18일 12시,목요일,충청남도 공주시 유구읍,경상사고,0,0,1,0,차량단독 - 전도전복 - 전도,안전운전불이행,건조,맑음,단일로 - 기타,이륜,남,90세 이상,경상,,,,
2019071800100246,2019년 7월 18일 12시,목요일,충청남도 천안시 동남구 영성동,중상사고,0,1,0,0,차대사람 - 횡단중,보행자보호의무위반,건조,맑음,단일로 - 기타,승용,여,30세,상해없음,보행자,여,75세,중상
2019071800100277,2019년 7월 18일 13시,목요일,충청남도 서천군 서천읍,중상사고,0,1,0,0,차대사람 - 횡단중,안전운전불이행,건조,맑음,단일로 - 기타,승용,남,46세,상해없음,보행자,여,68세,중상
2019071800100278,2019년 7월 18일 13시,목요일,충청남도 예산군 예산읍,경상사고,0,0,1,0,차대차 - 추돌,안전운전불이행,건조,맑음,단일로 - 기타,승용,남,76세,상해없음,승용,여,32세,경상
2019071800100279,2019년 7월 18일 13시,목요일,충청남도 천안시 동남구 원성동,경상사고,0,0,4,0,차대차 - 측면충돌,차로위반,건조,맑음,교차로 - 교차로안,건설기계,남,58세,상해없음,승용,여,70세,경상
2019071800100304,2019년 7월 18일 14시,목요일,충청남도 태안군 태안읍,경상사고,0,0,1,0,차대차 - 측면충돌,안전운전불이행,건조,맑음,교차로 - 교차로안,승용,남,72세,상해없음,원동기,남,74세,경상
2019071800100343,2019년 7월 18일 15시,목요일,충청남도 공주시 반포면,경상사고,0,0,1,0,차대사람 - 길가장자리구역통행중,안전운전불이행,건조,맑음,단일로 - 기타,승용,남,74세,기타불명,보행자,여,58세,경상
2019071800100381,2019년 7월 18일 16시,목요일,충청남도 공주시 계룡면,경상사고,0,0,2,0,차대차 - 측면충돌,안전운전불이행,건조,맑음,단일로 - 기타,화물,남,50세,상해없음,승용,남,59세,경상
2019071800100460,2019년 7월 18일 18시,목요일,충청남도 천안시 서북구 불당동,경상사고,0,0,1,0,차대차 - 측면충돌,안전운전불이행,건조,맑음,교차로 - 교차로부근,승용,여,39세,상해없음,승용,남,62세,경상
2019071800100461,2019년 7월 18일 18시,목요일,충청남도 서천군 서면,경상사고,0,0,2,0,차대차 - 측면충돌,직진우회전진행방해,건조,맑음,교차로 - 교차로안,승용,여,70세,경상,화물,남,53세,경상
2019071800100496,2019년 7월 18일 19시,목요일,충청남도 천안시 서북구 성거읍,경상사고,0,0,2,0,차대차 - 추돌,안전거리미확보,건조,맑음,단일로 - 기타,승용,남,44세,상해없음,승용,남,52세,경상
2019071800100534,2019년 7월 18일 20시,목요일,충청남도 서산시 해미면,경상사고,0,0,1,0,차대차 - 측면충돌,신호위반,건조,맑음,교차로 - 교차로안,승용,여,70세,상해없음,승용,여,42세,경상
2019071800100535,2019년 7월 18일 20시,목요일,충청남도 예산군 대술면,경상사고,0,0,1,0,차대사람 - 차도통행중,안전운전불이행,건조,맑음,단일로 - 기타,이륜,남,72세,상해없음,보행자,남,68세,경상
2019071800100536,2019년 7월 18일 20시,목요일,충청남도 당진시 읍내리,경상사고,0,0,1,0,차대차 - 측면충돌,안전거리미확보,건조,맑음,교차로 - 교차로부근,승용,남,34세,상해없음,승용,남,46세,경상
2019071800100567,2019년 7월 18일 21시,목요일,충청남도 서산시 예천동,경상사고,0,0,1,0,차대차 - 기타,안전운전불이행,건조,맑음,교차로 - 교차로안,승용,남,40세,상해없음,승용,여,28세,경상
2019071800100619,2019년 7월 18일 23시,목요일,충청남도 천안시 서북구 성정동,경상사고,0,0,1,0,차대차 - 측면충돌,교차로운행방법위반,건조,맑음,교차로 - 교차로안,승용,남,46세,상해없음,승용,남,46세,상해없음
2019071900100062,2019년 7월 19일 02시,금요일,충청남도 천안시 서북구 성정동,경상사고,0,0,1,0,차대사람 - 차도통행중,안전운전불이행,건조,맑음,단일로 - 기타,승용,남,31세,상해없음,보행자,남,27세,경상
2019071900100068,2019년 7월 19일 03시,금요일,충청남도 천안시 서북구 두정동,경상사고,0,0,1,0,차대사람 - 기타,안전운전불이행,건조,맑음,단일로 - 기타,승용,남,26세,상해없음,보행자,남,39세,경상
2019071900100100,2019년 7월 19일 06시,금요일,충청남도 천안시 서북구 성성동,중상사고,0,1,1,0,차대차 - 측면충돌,신호위반,건조,맑음,교차로 - 교차로안,승용,남,33세,경상,승합,남,55세,중상
2019071900100101,2019년 7월 19일 06시,금요일,충청남도 부여군 부여읍,중상사고,0,1,0,0,차대차 - 측면충돌,안전운전불이행,건조,맑음,교차로 - 교차로안,승합,여,32세,상해없음,이륜,남,72세,중상
2019071900100115,2019년 7월 19일 07시,금요일,충청남도 논산시 강경읍,중상사고,0,1,0,0,차대차 - 측면충돌,안전운전불이행,건조,맑음,교차로 - 교차로부근,승용,남,61세,상해없음,자전거,여,69세,중상
2019071900100156,2019년 7월 19일 08시,금요일,충청남도 아산시 권곡동,경상사고,0,0,1,0,차대차 - 기타,안전운전불이행,건조,맑음,교차로 - 교차로안,승용,여,23세,상해없음,승용,여,64세,경상
2019071900100193,2019년 7월 19일 09시,금요일,충청남도 서산시 양대동,경상사고,0,0,1,0,차대차 - 측면충돌,안전운전불이행,건조,맑음,단일로 - 기타,건설기계,남,65세,상해없음,자전거,남,72세,경상
2019071900100194,2019년 7월 19일 09시,금요일,충청남도 홍성군 금마면,중상사고,0,1,1,0,차대차 - 측면충돌,중앙선침범,건조,맑음,단일로 - 기타,승용,남,74세,상해없음,승용,남,67세,경상
2019071900100195,2019년 7월 19일 09시,금요일,충청남도 아산시 배방읍,경상사고,0,0,5,0,차대차 - 추돌,안전운전불이행,건조,맑음,기타 - 기타,승용,여,51세,상해없음,승용,남,31세,경상
2019071900100234,2019년 7월 19일 10시,금요일,충청남도 보령시 신흑동,경상사고,0,0,1,0,차대차 - 측면충돌,안전운전불이행,건조,맑음,단일로 - 기타,승용,여,48세,상해없음,이륜,남,65세,경상
2019071900100235,2019년 7월 19일 10시,금요일,충청남도 공주시 계룡면,경상사고,0,0,1,0,차대차 - 측면충돌,안전운전불이행,건조,맑음,교차로 - 교차로안,이륜,남,62세,경상,승용,남,52세,상해없음
2019071900100268,2019년 7월 19일 11시,금요일,충청남도 천안시 서북구 성환읍,경상사고,0,0,1,0,차대차 - 측면충돌,교차로운행방법위반,건조,맑음,교차로 - 교차로부근,화물,여,62세,상해없음,화물,남,56세,경상
2019071900100269,2019년 7월 19일 11시,금요일,충청남도 천안시 서북구 쌍용동,경상사고,0,0,3,0,차대차 - 측면충돌,안전거리미확보,건조,맑음,단일로 - 기타,건설기계,남,43세,상해없음,승용,여,31세,경상
2019071900100313,2019년 7월 19일 12시,금요일,충청남도 아산시 음봉면,경상사고,0,0,1,0,차대차 - 측면충돌,안전운전불이행,건조,맑음,단일로 - 기타,승용,여,29세,상해없음,승용,남,53세,경상
2019071900100314,2019년 7월 19일 12시,금요일,충청남도 공주시 금성동,중상사고,0,1,0,0,차대차 - 측면충돌,안전운전불이행,건조,맑음,교차로 - 교차로안,승용,여,32세,상해없음,이륜,남,55세,중상
2019071900100315,2019년 7월 19일 12시,금요일,충청남도 천안시 동남구 수신면,부상신고사고,0,0,0,1,차대차 - 측면충돌,직진우회전진행방해,건조,맑음,교차로 - 교차로안,이륜,남,84세,부상신고,화물,남,43세,상해없음
2019071900100316,2019년 7월 19일 12시,금요일,충청남도 천안시 동남구 광덕면,중상사고,0,2,5,0,차대차 - 추돌,안전운전불이행,건조,맑음,단일로 - 기타,화물,남,62세,기타불명,화물,남,55세,경상
2019071900100358,2019년 7월 19일 13시,금요일,충청남도 예산군 예산읍,중상사고,0,1,0,0,차대차 - 측면충돌,직진우회전진행방해,건조,맑음,교차로 - 교차로안,승용,여,69세,상해없음,원동기,남,73세,중상
2019071900100390,2019년 7월 19일 14시,금요일,충청남도 천안시 서북구 성정동,경상사고,0,0,3,0,차대차 - 측면충돌,교차로운행방법위반,건조,맑음,교차로 - 교차로안,승용,여,26세,경상,승용,남,41세,경상
2019071900100391,2019년 7월 19일 14시,금요일,충청남도 예산군 예산읍,경상사고,0,0,1,0,차대차 - 측면충돌,안전거리미확보,건조,맑음,단일로 - 기타,승용,남,50세,상해없음,승용,남,57세,경상
2019071900100392,2019년 7월 19일 14시,금요일,충청남도 당진시 신평면,부상신고사고,0,0,0,1,차대차 - 기타,안전운전불이행,건조,흐림,단일로 - 기타,이륜,남,29세,부상신고,건설기계,남,35세,상해없음
2019071900100421,2019년 7월 19일 15시,금요일,충청남도 천안시 서북구 쌍용동,경상사고,0,0,1,0,차대차 - 측면충돌,불법유턴,건조,맑음,교차로 - 교차로부근,자전거,남,77세,경상,승용,남,86세,상해없음
2019071900100465,2019년 7월 19일 16시,금요일,충청남도 아산시 배방읍,경상사고,0,0,1,0,차대차 - 기타,신호위반,건조,맑음,교차로 - 교차로안,승용,남,70세,상해없음,승용,여,40세,경상
2019071900100466,2019년 7월 19일 16시,금요일,충청남도 당진시 신평면,중상사고,0,1,1,0,차대차 - 측면충돌,신호위반,건조,흐림,교차로 - 교차로안,승합,남,62세,상해없음,화물,남,47세,경상
2019071900100507,2019년 7월 19일 17시,금요일,충청남도 아산시 용화동,중상사고,0,1,0,0,차대차 - 기타,안전운전불이행,건조,맑음,단일로 - 기타,이륜,남,16세,중상,승용,남,27세,기타불명
2019071900100508,2019년 7월 19일 17시,금요일,충청남도 당진시 송악읍,중상사고,0,1,0,0,차대차 - 측면충돌,교차로운행방법위반,건조,맑음,교차로 - 교차로안,이륜,여,70세,중상,승용,여,27세,상해없음
2019071900100509,2019년 7월 19일 17시,금요일,충청남도 당진시 합덕읍,경상사고,0,0,1,0,차대차 - 측면충돌,직진우회전진행방해,젖음/습기,흐림,교차로 - 교차로안,승용,남,66세,상해없음,이륜,남,40세,경상
2019071900100596,2019년 7월 19일 19시,금요일,충청남도 천안시 동남구 원성동,경상사고,0,0,2,0,차대차 - 기타,안전운전불이행,건조,맑음,교차로 - 교차로안,승용,남,56세,상해없음,화물,남,38세,경상
2019071900100632,2019년 7월 19일 20시,금요일,충청남도 천안시 서북구 쌍용동,중상사고,0,1,0,0,차대차 - 기타,신호위반,건조,맑음,교차로 - 교차로안,승용,남,48세,상해없음,이륜,남,17세,중상
2019071900100633,2019년 7월 19일 20시,금요일,충청남도 천안시 서북구 두정동,경상사고,0,0,3,0,차대차 - 기타,안전거리미확보,건조,맑음,단일로 - 기타,승용,남,58세,상해없음,승용,남,55세,경상
2019071900100634,2019년 7월 19일 20시,금요일,충청남도 공주시 정안면,사망사고,1,0,0,0,차대사람 - 횡단중,안전운전불이행,건조,맑음,단일로 - 기타,승합,남,76세,상해없음,보행자,여,88세,사망
2019071900100635,2019년 7월 19일 20시,금요일,충청남도 금산군 복수면,경상사고,0,0,2,0,차대차 - 측면충돌,중앙선침범,건조,맑음,단일로 - 기타,승용,남,27세,경상,승용,여,70세,경상
2019071900100670,2019년 7월 19일 21시,금요일,충청남도 천안시 서북구 쌍용동,경상사고,0,0,2,0,차대차 - 기타,교차로운행방법위반,건조,맑음,교차로 - 교차로부근,승용,여,26세,상해없음,승용,남,23세,경상
2019071900100671,2019년 7월 19일 21시,금요일,충청남도 아산시 탕정면,경상사고,0,0,3,0,차대차 - 추돌,안전운전불이행,건조,맑음,단일로 - 기타,승용,남,25세,상해없음,승용,여,41세,경상
2019071900100672,2019년 7월 19일 21시,금요일,충청남도 태안군 근흥면,경상사고,0,0,1,0,차대차 - 측면충돌,교차로운행방법위반,건조,흐림,교차로 - 교차로부근,승용,남,46세,상해없음,승용,남,50세,상해없음
2019071900100705,2019년 7월 19일 22시,금요일,충청남도 천안시 서북구 두정동,경상사고,0,0,1,0,차대차 - 추돌,안전운전불이행,건조,맑음,단일로 - 기타,승용,남,36세,상해없음,승용,남,20세,경상
2019071900100735,2019년 7월 19일 23시,금요일,충청남도 서산시 해미면,중상사고,0,2,0,0,차대차 - 측면충돌,안전운전불이행,건조,맑음,단일로 - 기타,화물,남,44세,상해없음,승용,남,25세,중상
2019071900100736,2019년 7월 19일 23시,금요일,충청남도 보령시 동대동,중상사고,0,1,2,0,차대차 - 측면충돌,직진우회전진행방해,건조,맑음,교차로 - 교차로안,승용,남,57세,경상,승용,남,39세,경상
2019072000100034,2019년 7월 20일 00시,토요일,충청남도 천안시 서북구 성환읍,경상사고,0,0,1,0,차대사람 - 기타,안전운전불이행,건조,맑음,단일로 - 기타,승용,남,39세,상해없음,보행자,남,48세,경상
2019072000100073,2019년 7월 20일 02시,토요일,충청남도 천안시 서북구 두정동,경상사고,0,0,1,0,차대차 - 측면충돌,안전거리미확보,젖음/습기,비,단일로 - 기타,승용,남,59세,상해없음,승용,남,19세,경상
2019072000100115,2019년 7월 20일 06시,토요일,충청남도 당진시 송산면,중상사고,0,2,0,0,차대차 - 측면충돌,신호위반,젖음/습기,비,교차로 - 교차로안,승용,남,63세,상해없음,승용,남,42세,중상
2019072000100133,2019년 7월 20일 08시,토요일,충청남도 천안시 서북구 차암동,경상사고,0,0,2,0,차대차 - 정면충돌,직진우회전진행방해,건조,맑음,교차로 - 교차로안,화물,남,67세,경상,승용,여,33세,경상
2019072000100134,2019년 7월 20일 08시,토요일,충청남도 공주시 신관동,중상사고,0,1,1,0,차대차 - 추돌,직진우회전진행방해,젖음/습기,흐림,교차로 - 교차로안,승용,남,38세,경상,승용,여,27세,중상
2019072000100211,2019년 7월 20일 11시,토요일,충청남도 공주시 소학동,경상사고,0,0,1,0,차대차 - 추돌,안전운전불이행,젖음/습기,비,단일로 - 기타,특수,남,25세,기타불명,화물,남,52세,경상
2019072000100253,2019년 7월 20일 12시,토요일,충청남도 천안시 서북구 쌍용동,경상사고,0,0,1,0,차대차 - 측면충돌,신호위반,건조,맑음,교차로 - 교차로안,승용,남,32세,상해없음,이륜,남,45세,경상
2019072000100254,2019년 7월 20일 12시,토요일,충청남도 태안군 고남면,중상사고,0,1,0,0,차대사람 - 횡단중,안전운전불이행,건조,맑음,단일로 - 기타,승용,여,43세,상해없음,보행자,여,85세,중상
2019072000100334,2019년 7월 20일 14시,토요일,충청남도 천안시 동남구 광덕면,경상사고,0,0,3,0,차대차 - 기타,안전운전불이행,건조,맑음,단일로 - 기타,승용,남,56세,상해없음,승용,남,50세,경상
2019072000100368,2019년 7월 20일 15시,토요일,충청남도 서산시 석림동,중상사고,0,1,0,0,차대차 - 측면충돌,신호위반,건조,흐림,교차로 - 교차로안,승용,여,56세,상해없음,승용,여,44세,중상
2019072000100397,2019년 7월 20일 16시,토요일,충청남도 청양군 정산면,중상사고,0,1,0,0,차대차 - 추돌,안전운전불이행,젖음/습기,비,기타 - 기타,승용,남,44세,상해없음,승용,여,60세,중상
2019072000100423,2019년 7월 20일 17시,토요일,충청남도 서산시 갈산동,중상사고,0,2,0,0,차대차 - 추돌,안전거리미확보,젖음/습기,비,단일로 - 기타,승용,남,69세,상해없음,화물,남,39세,중상
2019072000100424,2019년 7월 20일 17시,토요일,충청남도 공주시 의당면,중상사고,0,2,0,0,차대차 - 측면충돌,신호위반,젖음/습기,비,교차로 - 교차로안,승용,남,30세,상해없음,이륜,남,58세,중상
2019072000100454,2019년 7월 20일 18시,토요일,충청남도 논산시 반월동,중상사고,0,2,0,0,차대차 - 측면충돌,교차로운행방법위반,젖음/습기,비,교차로 - 교차로안,승용,남,24세,상해없음,이륜,남,62세,중상
2019072000100455,2019년 7월 20일 18시,토요일,충청남도 아산시 음봉면,경상사고,0,0,1,0,차대차 - 기타,안전운전불이행,젖음/습기,비,단일로 - 기타,승용,여,30세,상해없음,이륜,남,43세,경상
2019072000100456,2019년 7월 20일 18시,토요일,충청남도 당진시 시곡리,경상사고,0,0,1,0,차대차 - 기타,안전운전불이행,젖음/습기,흐림,단일로 - 기타,승용,남,40세,상해없음,승용,남,58세,경상
2019072000100485,2019년 7월 20일 19시,토요일,충청남도 천안시 서북구 두정동,경상사고,0,0,1,0,차대차 - 측면충돌,안전운전불이행,건조,맑음,교차로 - 교차로안,승용,남,57세,상해없음,승용,여,56세,경상
2019072000100512,2019년 7월 20일 20시,토요일,충청남도 공주시 금흥동,경상사고,0,0,5,0,차대차 - 추돌,안전운전불이행,젖음/습기,비,단일로 - 기타,승용,남,51세,상해없음,승용,남,52세,경상
2019072000100513,2019년 7월 20일 20시,토요일,충청남도 천안시 동남구 신부동,경상사고,0,0,1,0,차대차 - 측면충돌,신호위반,건조,맑음,교차로 - 교차로안,승용,남,61세,상해없음,승용,여,43세,경상
2019072000100552,2019년 7월 20일 21시,토요일,충청남도 천안시 서북구 성정동,경상사고,0,0,1,0,차대차 - 추돌,안전운전불이행,건조,맑음,단일로 - 기타,승용,남,58세,상해없음,승용,남,63세,경상
2019072000100594,2019년 7월 20일 22시,토요일,충청남도 계룡시 금암동,경상사고,0,0,1,0,차대차 - 측면충돌,안전운전불이행,젖음/습기,비,교차로 - 교차로부근,승용,남,25세,상해없음,화물,남,26세,경상
2019072000100595,2019년 7월 20일 22시,토요일,충청남도 공주시 우성면,중상사고,0,1,1,0,차대차 - 측면충돌,안전운전불이행,젖음/습기,비,교차로 - 교차로안,승용,남,52세,경상,승용,남,31세,중상
2019072000100636,2019년 7월 20일 23시,토요일,충청남도 천안시 서북구 불당동,경상사고,0,0,1,0,차대차 - 측면충돌,중앙선침범,젖음/습기,비,교차로 - 교차로부근,승용,여,33세,상해없음,승용,남,31세,경상
2019072100100027,2019년 7월 21일 00시,일요일,충청남도 천안시 서북구 성정동,경상사고,0,0,2,0,차대차 - 측면충돌,안전운전불이행,젖음/습기,비,단일로 - 기타,이륜,남,49세,경상,승용,남,38세,경상
2019072100100028,2019년 7월 21일 00시,일요일,충청남도 천안시 서북구 두정동,경상사고,0,0,1,0,차대사람 - 기타,안전운전불이행,젖음/습기,비,단일로 - 기타,승용,남,34세,상해없음,보행자,남,36세,경상
2019072100100048,2019년 7월 21일 01시,일요일,충청남도 보령시 궁촌동,중상사고,0,2,2,0,차대차 - 측면충돌,신호위반,젖음/습기,비,교차로 - 교차로안,승용,남,24세,상해없음,승용,여,44세,중상
2019072100100118,2019년 7월 21일 06시,일요일,충청남도 보령시 명천동,부상신고사고,0,0,0,1,차대차 - 기타,직진우회전진행방해,건조,맑음,교차로 - 교차로안,화물,남,80세,상해없음,화물,여,61세,부상신고
2019072100100119,2019년 7월 21일 06시,일요일,충청남도 공주시 금흥동,중상사고,0,2,0,0,차대차 - 측면충돌,신호위반,젖음/습기,비,교차로 - 교차로안,승용,남,22세,중상,화물,남,69세,중상
2019072100100189,2019년 7월 21일 11시,일요일,충청남도 아산시 용화동,중상사고,0,1,0,0,차대차 - 측면충돌,신호위반,건조,맑음,교차로 - 교차로안,승용,남,71세,상해없음,이륜,남,39세,중상
2019072100100213,2019년 7월 21일 12시,일요일,충청남도 천안시 서북구 두정동,경상사고,0,0,1,0,차대차 - 측면충돌,안전운전불이행,건조,맑음,교차로 - 교차로부근,승용,여,29세,상해없음,승용,남,24세,경상
2019072100100214,2019년 7월 21일 12시,일요일,충청남도 당진시 송악읍,중상사고,0,2,12,0,차대차 - 추돌,안전운전불이행,건조,흐림,단일로 - 기타,승용,남,57세,중상,승용,여,22세,경상
2019072100100237,2019년 7월 21일 13시,일요일,충청남도 천안시 서북구 불당동,중상사고,0,1,0,1,차대차 - 기타,안전운전불이행,건조,맑음,단일로 - 기타,승용,남,27세,상해없음,승용,여,24세,중상
2019072100100238,2019년 7월 21일 13시,일요일,충청남도 당진시 송악읍,경상사고,0,0,2,0,차대차 - 추돌,안전운전불이행,건조,맑음,단일로 - 기타,승용,남,58세,상해없음,승용,남,41세,경상
2019072100100267,2019년 7월 21일 14시,일요일,충청남도 논산시 부창동,중상사고,0,1,0,0,차대차 - 측면충돌,안전운전불이행,건조,맑음,교차로 - 교차로안,승용,남,63세,상해없음,이륜,남,52세,중상
2019072100100287,2019년 7월 21일 15시,일요일,충청남도 홍성군 홍성읍,경상사고,0,0,1,0,차대사람 - 보도통행중,안전운전불이행,건조,맑음,교차로 - 교차로안,승용,남,69세,상해없음,보행자,여,77세,경상
2019072100100464,2019년 7월 21일 21시,일요일,충청남도 천안시 서북구 두정동,경상사고,0,0,2,0,차대차 - 측면충돌,안전운전불이행,건조,맑음,단일로 - 기타,이륜,남,32세,상해없음,승용,남,34세,경상
2019072200100040,2019년 7월 22일 00시,월요일,충청남도 서산시 석림동,중상사고,0,1,0,0,차대차 - 측면충돌,신호위반,건조,맑음,교차로 - 교차로안,승용,남,30세,상해없음,승용,남,45세,중상
2019072200100056,2019년 7월 22일 03시,월요일,충청남도 보령시 신흑동,경상사고,0,0,1,0,차대차 - 측면충돌,안전운전불이행,건조,맑음,단일로 - 기타,이륜,남,17세,경상,승용,여,24세,기타불명
2019072200100061,2019년 7월 22일 04시,월요일,충청남도 홍성군 구항면,사망사고,1,0,0,0,차대사람 - 기타,안전운전불이행,젖음/습기,비,교차로 - 교차로안,화물,남,35세,상해없음,보행자,여,40세,사망
2019072200100131,2019년 7월 22일 08시,월요일,충청남도 당진시 읍내리,경상사고,0,0,1,0,차대사람 - 횡단중,안전운전불이행,건조,맑음,단일로 - 기타,승용,남,53세,상해없음,보행자,여,29세,경상
2019072200100132,2019년 7월 22일 08시,월요일,충청남도 청양군 청양읍,중상사고,0,1,0,0,차대차 - 후진중충돌,안전운전불이행,건조,맑음,단일로 - 기타,화물,남,31세,상해없음,자전거,남,82세,중상
2019072200100133,2019년 7월 22일 08시,월요일,충청남도 천안시 동남구 병천면,경상사고,0,0,1,0,차량단독 - 전도전복 - 전도,안전운전불이행,건조,맑음,단일로 - 기타,이륜,남,83세,경상,,,,
2019072200100175,2019년 7월 22일 09시,월요일,충청남도 서천군 서천읍,사망사고,1,0,0,0,차대사람 - 횡단중,안전운전불이행,건조,맑음,교차로 - 교차로횡단보도내,승용,남,34세,상해없음,보행자,여,82세,사망
2019072200100207,2019년 7월 22일 10시,월요일,충청남도 천안시 서북구 성환읍,경상사고,0,0,1,0,차량단독 - 기타,안전운전불이행,건조,맑음,단일로 - 기타,승합,남,34세,상해없음,,,,
2019072200100208,2019년 7월 22일 10시,월요일,충청남도 금산군 제원면,중상사고,0,1,1,0,차대차 - 측면충돌,안전운전불이행,건조,맑음,교차로 - 교차로안,화물,여,24세,경상,이륜,남,77세,중상
2019072200100284,2019년 7월 22일 12시,월요일,충청남도 보령시 웅천읍,중상사고,0,1,0,0,차대차 - 측면충돌,안전운전불이행,건조,맑음,단일로 - 기타,화물,여,57세,중상,승합,남,51세,상해없음
2019072200100331,2019년 7월 22일 13시,월요일,충청남도 천안시 동남구 다가동,경상사고,0,0,1,0,차대차 - 기타,기타,건조,맑음,단일로 - 기타,자전거,남,18세,경상,화물,남,39세,상해없음
2019072200100370,2019년 7월 22일 14시,월요일,충청남도 서산시 지곡면,중상사고,0,1,0,0,차대차 - 측면충돌,안전거리미확보,건조,맑음,단일로 - 기타,특수,남,47세,상해없음,승용,여,34세,중상
2019072200100371,2019년 7월 22일 14시,월요일,충청남도 보령시 성주면,경상사고,0,0,1,0,차대사람 - 기타,안전운전불이행,건조,맑음,기타 - 기타,승용,남,47세,상해없음,보행자,남,71세,경상
2019072200100372,2019년 7월 22일 14시,월요일,충청남도 천안시 동남구 목천읍,중상사고,0,1,0,0,차대사람 - 보도통행중,기타,건조,맑음,기타 - 기타,승용,남,47세,상해없음,보행자,여,75세,중상
2019072200100409,2019년 7월 22일 15시,월요일,충청남도 천안시 서북구 불당동,경상사고,0,0,1,0,차대차 - 기타,신호위반,건조,맑음,교차로 - 교차로안,승용,여,22세,상해없음,이륜,남,57세,경상
2019072200100451,2019년 7월 22일 16시,월요일,충청남도 당진시 시곡리,경상사고,0,0,1,0,차대차 - 추돌,안전운전불이행,건조,맑음,단일로 - 기타,승용,남,50세,상해없음,승용,여,41세,경상
2019072200100502,2019년 7월 22일 17시,월요일,충청남도 천안시 서북구 쌍용동,경상사고,0,0,1,0,차대사람 - 기타,안전운전불이행,건조,맑음,단일로 - 기타,기타불명,기타불명,미분류,기타불명,보행자,남,15세,경상
2019072200100503,2019년 7월 22일 17시,월요일,충청남도 예산군 예산읍,경상사고,0,0,3,0,차대차 - 측면충돌,직진우회전진행방해,건조,맑음,교차로 - 교차로안,승용,여,37세,경상,승용,남,26세,경상
2019072200100504,2019년 7월 22일 17시,월요일,충청남도 부여군 은산면,사망사고,1,0,0,0,차량단독 - 도로외이탈 - 추락,안전운전불이행,건조,맑음,교차로 - 교차로부근,농기계,남,69세,사망,,,,
2019072200100560,2019년 7월 22일 18시,월요일,충청남도 부여군 은산면,중상사고,0,1,0,0,차대사람 - 길가장자리구역통행중,안전운전불이행,건조,맑음,단일로 - 기타,승용,여,29세,상해없음,보행자,남,60세,중상