사고번호,사고일시,요일,시군구,사고내용,사망자수,중상자수,경상자수,부상신고자수,사고유형,법규위반,노면상태,기상상태,도로형태,가해운전자 차종,가해운전자 성별,가해운전자 연령,가해운전자 상해정도,피해운전자 차종,피해운전자 성별,피해운전자 연령,피해운전자 상해정도
2019072200100605,2019년 7월 22일 19시,월요일,충청남도 아산시 모종동,경상사고,0,0,1,0,차대사람 - 횡단중,보행자보호의무위반,건조,맑음,교차로 - 교차로횡단보도내,승용,여,48세,상해없음,보행자,남,8세,경상
2019072200100606,2019년 7월 22일 19시,월요일,충청남도 서천군 서천읍,중상사고,0,1,0,0,차대사람 - 횡단중,보행자보호의무위반,건조,맑음,교차로 - 교차로횡단보도내,승용,남,57세,상해없음,보행자,여,27세,중상
2019072200100647,2019년 7월 22일 20시,월요일,충청남도 천안시 서북구 직산읍,중상사고,0,1,0,0,차대차 - 추돌,안전운전불이행,건조,맑음,교차로 - 교차로부근,승용,남,24세,상해없음,이륜,남,48세,중상
2019072200100677,2019년 7월 22일 21시,월요일,충청남도 논산시 취암동,중상사고,0,1,1,0,차대차 - 측면충돌,안전거리미확보,건조,맑음,단일로 - 기타,승용,남,50세,상해없음,이륜,남,33세,중상
2019072200100706,2019년 7월 22일 22시,월요일,충청남도 서산시 읍내동,경상사고,0,0,1,0,차대사람 - 길가장자리구역통행중,안전운전불이행,건조,맑음,단일로 - 기타,승용,남,62세,상해없음,보행자,남,51세,경상
2019072200100707,2019년 7월 22일 22시,월요일,충청남도 서산시 운산면,중상사고,0,1,3,0,차대차 - 측면충돌,중앙선침범,건조,흐림,교차로 - 교차로안,화물,남,38세,상해없음,승용,남,30세,경상
2019072300100057,2019년 7월 23일 02시,화요일,충청남도 서산시 석남동,중상사고,0,3,1,0,차대차 - 측면충돌,직진우회전진행방해,건조,맑음,교차로 - 교차로안,승용,남,47세,상해없음,승용,남,46세,중상
2019072300100058,2019년 7월 23일 02시,화요일,충청남도 서산시 대산읍,중상사고,0,1,0,0,차량단독 - 전도전복 - 전도,안전운전불이행,건조,맑음,단일로 - 기타,이륜,남,17세,중상,,,,
2019072300100082,2019년 7월 23일 05시,화요일,충청남도 계룡시 금암동,중상사고,0,3,0,0,차대차 - 측면충돌,신호위반,건조,맑음,교차로 - 교차로안,승합,남,64세,상해없음,화물,남,55세,중상
2019072300100089,2019년 7월 23일 06시,화요일,충청남도 천안시 서북구 두정동,중상사고,0,1,1,0,차대차 - 측면충돌,교차로운행방법위반,건조,맑음,교차로 - 교차로안,승용,여,44세,중상,승용,남,64세,경상
2019072300100090,2019년 7월 23일 06시,화요일,충청남도 아산시 온천동,중상사고,0,1,0,0,차대차 - 추돌,안전운전불이행,건조,맑음,교차로 - 교차로부근,승용,남,24세,상해없음,승용,여,50세,중상
2019072300100103,2019년 7월 23일 07시,화요일,충청남도 서산시 고북면,경상사고,0,0,1,0,차대차 - 측면충돌,중앙선침범,건조,맑음,단일로 - 기타,승용,남,32세,상해없음,승용,남,47세,경상
2019072300100104,2019년 7월 23일 07시,화요일,충청남도 아산시 온천동,중상사고,0,1,0,0,차대사람 - 차도통행중,안전운전불이행,건조,맑음,단일로 - 기타,승용,남,48세,상해없음,보행자,여,78세,중상
2019072300100105,2019년 7월 23일 07시,화요일,충청남도 공주시 신관동,사망사고,1,0,0,0,차대사람 - 차도통행중,안전운전불이행,건조,흐림,단일로 - 기타,승용,남,51세,상해없음,보행자,남,69세,사망
2019072300100131,2019년 7월 23일 08시,화요일,충청남도 태안군 남면,경상사고,0,0,1,0,차량단독 - 기타,안전운전불이행,건조,맑음,단일로 - 기타,이륜,남,79세,경상,,,,
2019072300100230,2019년 7월 23일 11시,화요일,충청남도 서산시 동문동,경상사고,0,0,1,1,차대차 - 추돌,안전거리미확보,건조,맑음,교차로 - 교차로부근,이륜,여,73세,부상신고,승용,남,24세,경상
2019072300100305,2019년 7월 23일 13시,화요일,충청남도 보령시 대천동,중상사고,0,5,3,0,차대차 - 추돌,안전운전불이행,건조,맑음,단일로 - 기타,승용,남,70세,상해없음,승용,여,51세,중상
2019072300100306,2019년 7월 23일 13시,화요일,충청남도 보령시 주교면,중상사고,0,1,0,0,차대사람 - 횡단중,안전운전불이행,건조,맑음,단일로 - 기타,승용,여,43세,상해없음,보행자,여,10세,중상
2019072300100347,2019년 7월 23일 14시,화요일,충청남도 계룡시 금암동,경상사고,0,0,2,0,차대차 - 측면충돌,신호위반,건조,맑음,교차로 - 교차로안,승용,남,63세,상해없음,승용,남,29세,경상
2019072300100424,2019년 7월 23일 16시,화요일,충청남도 예산군 대술면,중상사고,0,1,0,0,차대차 - 기타,안전운전불이행,건조,맑음,단일로 - 기타,승용,남,44세,상해없음,이륜,여,64세,중상
2019072300100477,2019년 7월 23일 17시,화요일,충청남도 서산시 성연면,중상사고,0,1,0,0,차대차 - 추돌,신호위반,건조,맑음,교차로 - 교차로안,승용,남,23세,상해없음,이륜,남,51세,중상
2019072300100478,2019년 7월 23일 17시,화요일,충청남도 천안시 서북구 직산읍,경상사고,0,0,1,0,차대차 - 측면충돌,안전운전불이행,건조,맑음,단일로 - 기타,승용,남,59세,상해없음,승용,남,51세,경상
2019072300100479,2019년 7월 23일 17시,화요일,충청남도 보령시 웅천읍,중상사고,0,1,0,0,차대차 - 측면충돌,중앙선침범,건조,맑음,단일로 - 교량,승용,남,77세,상해없음,승용,남,57세,중상
2019072300100528,2019년 7월 23일 18시,화요일,충청남도 천안시 서북구 백석동,경상사고,0,0,3,0,차대차 - 추돌,안전거리미확보,건조,맑음,단일로 - 기타,승용,여,54세,경상,승용,남,55세,경상
2019072300100529,2019년 7월 23일 18시,화요일,충청남도 논산시 부창동,중상사고,0,1,2,0,차대차 - 측면충돌,안전운전불이행,건조,맑음,교차로 - 교차로부근,이륜,남,51세,경상,승용,여,36세,중상
2019072300100559,2019년 7월 23일 19시,화요일,충청남도 천안시 동남구 청당동,경상사고,0,0,1,0,차대차 - 측면충돌,불법유턴,건조,맑음,교차로 - 교차로안,승용,남,45세,상해없음,승용,여,57세,경상
2019072300100632,2019년 7월 23일 21시,화요일,충청남도 천안시 서북구 백석동,경상사고,0,0,2,0,차대차 - 기타,안전운전불이행,건조,맑음,교차로 - 교차로부근,화물,남,40세,상해없음,승용,남,38세,경상
2019072300100633,2019년 7월 23일 21시,화요일,충청남도 보령시 신흑동,경상사고,0,0,1,0,차대사람 - 기타,안전운전불이행,건조,맑음,단일로 - 기타,승용,여,47세,상해없음,보행자,남,32세,경상
2019072300100649,2019년 7월 23일 22시,화요일,충청남도 공주시 신관동,경상사고,0,0,1,0,차대차 - 측면충돌,직진우회전진행방해,건조,맑음,교차로 - 교차로안,승용,남,25세,상해없음,승용,여,47세,경상
2019072400100069,2019년 7월 24일 05시,수요일,충청남도 부여군 외산면,사망사고,1,0,1,0,차대차 - 정면충돌,중앙선침범,젖음/습기,비,단일로 - 기타,승합,남,46세,사망,건설기계,남,41세,경상
2019072400100123,2019년 7월 24일 08시,수요일,충청남도 논산시 강산동,경상사고,0,0,2,0,차대차 - 측면충돌,신호위반,건조,맑음,교차로 - 교차로안,이륜,남,58세,경상,승용,여,40세,경상
2019072400100195,2019년 7월 24일 10시,수요일,충청남도 서천군 종천면,경상사고,0,0,2,0,차대차 - 측면충돌,신호위반,건조,맑음,교차로 - 교차로안,승용,남,65세,경상,화물,남,76세,경상
2019072400100226,2019년 7월 24일 11시,수요일,충청남도 보령시 신흑동,경상사고,0,0,1,0,차대사람 - 횡단중,보행자보호의무위반,건조,맑음,교차로 - 교차로부근,승용,남,31세,상해없음,보행자,남,6세,경상
2019072400100266,2019년 7월 24일 12시,수요일,충청남도 천안시 서북구 쌍용동,경상사고,0,0,1,0,차대차 - 측면충돌,신호위반,건조,흐림,교차로 - 교차로안,승용,여,60세,상해없음,승용,여,65세,경상
2019072400100267,2019년 7월 24일 12시,수요일,충청남도 계룡시 두마면,중상사고,0,1,0,0,차대사람 - 횡단중,신호위반,건조,맑음,교차로 - 교차로안,승용,여,33세,상해없음,보행자,여,82세,중상
2019072400100298,2019년 7월 24일 13시,수요일,충청남도 천안시 서북구 성정동,중상사고,0,1,0,0,차대사람 - 횡단중,안전운전불이행,건조,맑음,단일로 - 기타,이륜,남,31세,상해없음,보행자,남,28세,중상
2019072400100336,2019년 7월 24일 14시,수요일,충청남도 천안시 서북구 성정동,경상사고,0,0,1,0,차대사람 - 횡단중,보행자보호의무위반,건조,흐림,교차로 - 교차로횡단보도내,승용,여,47세,상해없음,보행자,남,57세,경상
2019072400100337,2019년 7월 24일 14시,수요일,충청남도 논산시 강경읍,경상사고,0,0,1,0,차대차 - 측면충돌,안전운전불이행,건조,맑음,교차로 - 교차로안,이륜,남,58세,경상,승용,남,65세,상해없음
2019072400100381,2019년 7월 24일 15시,수요일,충청남도 천안시 동남구 쌍용동,경상사고,0,0,1,0,차대차 - 기타,안전거리미확보,젖음/습기,흐림,단일로 - 기타,화물,남,49세,상해없음,승합,남,47세,상해없음
2019072400100478,2019년 7월 24일 17시,수요일,충청남도 천안시 서북구 성성동,경상사고,0,0,5,0,차대차 - 측면충돌,안전운전불이행,건조,맑음,단일로 - 기타,화물,남,30세,경상,승용,남,56세,경상
2019072400100479,2019년 7월 24일 17시,수요일,충청남도 당진시 수청리,중상사고,0,1,0,1,차대차 - 측면충돌,안전운전불이행,건조,맑음,교차로 - 교차로부근,승용,남,21세,부상신고,승용,여,58세,중상
2019072400100529,2019년 7월 24일 18시,수요일,충청남도 아산시 음봉면,경상사고,0,0,4,0,차대차 - 추돌,안전운전불이행,건조,맑음,단일로 - 기타,승용,남,28세,상해없음,승용,남,45세,경상
2019072400100530,2019년 7월 24일 18시,수요일,충청남도 보령시 대천동,중상사고,0,1,0,0,차대차 - 기타,안전운전불이행,건조,맑음,교차로 - 교차로안,승용,남,42세,상해없음,자전거,남,47세,중상
2019072400100531,2019년 7월 24일 18시,수요일,충청남도 천안시 동남구 청당동,중상사고,0,1,1,0,차대차 - 측면충돌,안전운전불이행,건조,맑음,단일로 - 기타,기타불명,기타불명,미분류,기타불명,승용,남,37세,중상
2019072400100574,2019년 7월 24일 19시,수요일,충청남도 논산시 취암동,경상사고,0,0,1,0,차대차 - 측면충돌,직진우회전진행방해,건조,맑음,교차로 - 교차로안,승용,여,50세,상해없음,이륜,남,17세,경상
2019072400100636,2019년 7월 24일 21시,수요일,충청남도 천안시 동남구 원성동,경상사고,0,0,1,0,차대차 - 기타,안전운전불이행,젖음/습기,비,교차로 - 교차로안,승용,남,42세,상해없음,승용,여,36세,경상
2019072400100669,2019년 7월 24일 23시,수요일,충청남도 천안시 서북구 쌍용동,경상사고,0,0,1,1,차대차 - 측면충돌,안전운전불이행,건조,맑음,단일로 - 기타,이륜,남,20세,부상신고,승용,남,45세,경상
2019072500100030,2019년 7월 25일 00시,목요일,충청남도 천안시 동남구 봉명동,사망사고,1,0,0,0,차대차 - 측면충돌,중앙선침범,젖음/습기,비,단일로 - 기타,이륜,남,35세,사망,승용,여,46세,상해없음
2019072500100049,2019년 7월 25일 02시,목요일,충청남도 서산시 석남동,경상사고,0,0,3,0,차대차 - 측면충돌,신호위반,건조,흐림,교차로 - 교차로안,승용,남,62세,상해없음,승용,남,63세,경상
2019072500100050,2019년 7월 25일 02시,목요일,충청남도 천안시 서북구 성정동,경상사고,0,0,4,0,차대차 - 기타,안전운전불이행,젖음/습기,비,교차로 - 교차로안,승용,남,37세,상해없음,승합,남,27세,경상
2019072500100135,2019년 7월 25일 08시,목요일,충청남도 서산시 석림동,부상신고사고,0,0,0,1,차대사람 - 기타,안전운전불이행,젖음/습기,비,기타 - 기타,승용,남,59세,상해없음,보행자,남,21세,부상신고
2019072500100136,2019년 7월 25일 08시,목요일,충청남도 홍성군 홍성읍,경상사고,0,0,1,0,차대사람 - 길가장자리구역통행중,안전운전불이행,젖음/습기,비,단일로 - 기타,승용,여,55세,상해없음,보행자,남,56세,경상
2019072500100175,2019년 7월 25일 09시,목요일,충청남도 서산시 읍내동,부상신고사고,0,0,0,1,차대차 - 기타,안전운전불이행,젖음/습기,비,단일로 - 기타,승용,남,61세,상해없음,이륜,남,26세,부상신고
2019072500100176,2019년 7월 25일 09시,목요일,충청남도 아산시 인주면,중상사고,0,1,0,0,차대사람 - 기타,안전운전불이행,젖음/습기,비,교차로 - 교차로안,승용,여,70세,상해없음,보행자,여,83세,중상
2019072500100202,2019년 7월 25일 10시,목요일,충청남도 천안시 동남구 대흥동,경상사고,0,0,3,0,차대차 - 측면충돌,직진우회전진행방해,건조,맑음,단일로 - 기타,승용,남,54세,경상,승용,남,34세,경상
2019072500100231,2019년 7월 25일 11시,목요일,충청남도 천안시 서북구 두정동,경상사고,0,0,2,0,차대차 - 측면충돌,안전운전불이행,젖음/습기,비,교차로 - 교차로안,이륜,남,45세,경상,승용,남,40세,경상
2019072500100269,2019년 7월 25일 12시,목요일,충청남도 천안시 동남구 청당동,중상사고,0,1,0,0,차대차 - 측면충돌,신호위반,건조,맑음,교차로 - 교차로안,승용,남,48세,상해없음,이륜,남,33세,중상
2019072500100298,2019년 7월 25일 13시,목요일,충청남도 서산시 예천동,경상사고,0,0,1,0,차대차 - 정면충돌,직진우회전진행방해,젖음/습기,비,교차로 - 교차로안,승용,남,52세,상해없음,이륜,남,50세,경상
2019072500100365,2019년 7월 25일 15시,목요일,충청남도 아산시 인주면,중상사고,0,1,0,0,차대차 - 추돌,안전운전불이행,건조,맑음,교차로 - 교차로부근,특수,남,32세,상해없음,승용,남,69세,중상
2019072500100366,2019년 7월 25일 15시,목요일,충청남도 아산시 신창면,경상사고,0,0,1,0,차대차 - 기타,신호위반,젖음/습기,비,교차로 - 교차로안,화물,남,55세,상해없음,승용,남,31세,경상
2019072500100427,2019년 7월 25일 17시,목요일,충청남도 서천군 서천읍,경상사고,0,0,1,0,차대사람 - 횡단중,보행자보호의무위반,젖음/습기,흐림,교차로 - 교차로안,승용,여,35세,상해없음,보행자,여,39세,경상
2019072500100478,2019년 7월 25일 18시,목요일,충청남도 홍성군 금마면,경상사고,0,0,1,0,차대차 - 측면충돌,교차로운행방법위반,건조,맑음,교차로 - 교차로안,승용,남,55세,상해없음,승용,여,34세,경상
2019072500100479,2019년 7월 25일 18시,목요일,충청남도 아산시 배방읍,경상사고,0,0,1,0,차대사람 - 기타,안전운전불이행,건조,맑음,교차로 - 교차로안,승용,여,33세,상해없음,보행자,남,21세,경상
2019072500100519,2019년 7월 25일 19시,목요일,충청남도 서산시 읍내동,경상사고,0,0,1,0,차대차 - 측면충돌,신호위반,젖음/습기,비,교차로 - 교차로안,승용,남,52세,상해없음,승용,남,56세,경상
2019072500100552,2019년 7월 25일 20시,목요일,충청남도 천안시 서북구 입장면,경상사고,0,0,1,2,차대차 - 측면충돌,신호위반,건조,맑음,교차로 - 교차로안,승용,남,27세,상해없음,화물,남,52세,부상신고
2019072500100553,2019년 7월 25일 20시,목요일,충청남도 공주시 신관동,부상신고사고,0,0,0,1,차대사람 - 횡단중,안전운전불이행,젖음/습기,비,교차로 - 교차로안,승용,여,26세,상해없음,보행자,남,42세,부상신고
2019072500100554,2019년 7월 25일 20시,목요일,충청남도 태안군 태안읍,중상사고,0,1,0,0,차대사람 - 횡단중,보행자보호의무위반,젖음/습기,비,교차로 - 교차로횡단보도내,화물,여,62세,상해없음,보행자,남,40세,중상
2019072500100574,2019년 7월 25일 21시,목요일,충청남도 천안시 서북구 쌍용동,사망사고,1,0,0,0,차대사람 - 횡단중,안전운전불이행,젖음/습기,흐림,교차로 - 교차로부근,승용,남,61세,상해없음,보행자,남,66세,사망
2019072500100575,2019년 7월 25일 21시,목요일,충청남도 홍성군 홍성읍,경상사고,0,0,2,0,차대차 - 정면충돌,교차로운행방법위반,건조,맑음,교차로 - 교차로안,승용,남,61세,상해없음,승용,여,61세,경상
2019072500100576,2019년 7월 25일 21시,목요일,충청남도 공주시 정안면,경상사고,0,0,1,0,차대사람 - 기타,안전운전불이행,젖음/습기,흐림,기타 - 기타,승합,남,57세,상해없음,보행자,여,64세,경상
2019072500100601,2019년 7월 25일 22시,목요일,충청남도 서산시 예천동,경상사고,0,0,2,0,차대차 - 추돌,안전운전불이행,젖음/습기,비,교차로 - 교차로부근,승용,여,32세,상해없음,승용,여,46세,경상
2019072500100602,2019년 7월 25일 22시,목요일,충청남도 천안시 서북구 와촌동,경상사고,0,0,2,0,차대차 - 추돌,안전운전불이행,건조,맑음,교차로 - 교차로부근,승용,남,36세,상해없음,승용,남,54세,경상
2019072600100075,2019년 7월 26일 05시,금요일,충청남도 청양군 청양읍,중상사고,0,1,0,0,차대차 - 측면충돌,신호위반,건조,맑음,교차로 - 교차로안,승용,남,60세,상해없음,승용,여,69세,중상
2019072600100103,2019년 7월 26일 07시,금요일,충청남도 천안시 서북구 두정동,경상사고,0,0,2,0,차대차 - 기타,안전거리미확보,젖음/습기,비,단일로 - 기타,승용,여,25세,상해없음,승용,남,30세,경상
2019072600100104,2019년 7월 26일 07시,금요일,충청남도 천안시 동남구 대흥동,경상사고,0,0,1,0,차대차 - 측면충돌,안전운전불이행,건조,맑음,교차로 - 교차로안,자전거,남,69세,경상,승용,남,49세,상해없음
2019072600100129,2019년 7월 26일 08시,금요일,충청남도 논산시 연무읍,사망사고,1,0,0,0,차대사람 - 횡단중,신호위반,건조,흐림,교차로 - 교차로안,화물,남,54세,상해없음,보행자,남,82세,사망
2019072600100158,2019년 7월 26일 09시,금요일,충청남도 아산시 용화동,경상사고,0,0,1,0,차대차 - 기타,안전운전불이행,건조,맑음,교차로 - 교차로안,승용,여,49세,상해없음,승용,남,31세,경상
2019072600100243,2019년 7월 26일 12시,금요일,충청남도 서산시 읍내동,중상사고,0,1,0,0,차대사람 - 횡단중,보행자보호의무위반,젖음/습기,비,교차로 - 교차로안,승용,여,52세,상해없음,보행자,여,76세,중상
2019072600100244,2019년 7월 26일 12시,금요일,충청남도 천안시 동남구 다가동,중상사고,0,1,0,0,차대차 - 측면충돌,중앙선침범,건조,맑음,단일로 - 기타,승용,여,38세,기타불명,이륜,남,73세,중상
2019072600100276,2019년 7월 26일 13시,금요일,충청남도 천안시 동남구 사직동,중상사고,0,1,0,0,차대사람 - 횡단중,안전운전불이행,젖음/습기,비,교차로 - 교차로안,승용,남,61세,상해없음,보행자,여,63세,중상
2019072600100308,2019년 7월 26일 14시,금요일,충청남도 천안시 서북구 와촌동,경상사고,0,0,2,0,차대차 - 기타,안전운전불이행,젖음/습기,비,교차로 - 교차로부근,승용,남,82세,상해없음,승용,남,32세,경상
2019072600100349,2019년 7월 26일 15시,금요일,충청남도 홍성군 홍성읍,경상사고,0,0,1,0,차대차 - 측면충돌,안전운전불이행,건조,맑음,단일로 - 기타,승용,여,53세,상해없음,승용,남,58세,경상
2019072600100350,2019년 7월 26일 15시,금요일,충청남도 청양군 화성면,경상사고,0,0,1,0,차량단독 - 전도전복 - 전도,안전운전불이행,젖음/습기,비,기타 - 기타,이륜,남,53세,경상,,,,
2019072600100389,2019년 7월 26일 16시,금요일,충청남도 예산군 예산읍,경상사고,0,0,1,0,차대차 - 측면충돌,신호위반,젖음/습기,흐림,교차로 - 교차로안,화물,남,67세,상해없음,승용,남,64세,경상
2019072600100390,2019년 7월 26일 16시,금요일,충청남도 천안시 동남구 신방동,경상사고,0,0,2,0,차대차 - 추돌,안전거리미확보,건조,맑음,단일로 - 기타,승용,여,40세,기타불명,승용,남,67세,경상
2019072600100391,2019년 7월 26일 16시,금요일,충청남도 천안시 동남구 광덕면,경상사고,0,0,2,0,차대차 - 기타,안전운전불이행,젖음/습기,비,단일로 - 기타,승용,남,61세,상해없음,승용,여,32세,경상
2019072600100425,2019년 7월 26일 17시,금요일,충청남도 홍성군 홍성읍,경상사고,0,0,1,0,차대차 - 기타,안전운전불이행,건조,맑음,단일로 - 기타,승합,남,64세,상해없음,승용,남,29세,경상
2019072600100426,2019년 7월 26일 17시,금요일,충청남도 보령시 대천동,경상사고,0,0,1,0,차대차 - 기타,차로위반,건조,맑음,교차로 - 교차로안,승용,남,57세,상해없음,승용,남,56세,경상
2019072600100427,2019년 7월 26일 17시,금요일,충청남도 공주시 신관동,중상사고,0,1,0,0,차대사람 - 횡단중,보행자보호의무위반,젖음/습기,흐림,교차로 - 교차로안,이륜,남,41세,상해없음,보행자,여,12세,중상
2019072600100428,2019년 7월 26일 17시,금요일,충청남도 천안시 동남구 동면,경상사고,0,0,1,0,차대차 - 측면충돌,안전운전불이행,건조,맑음,단일로 - 기타,이륜,남,77세,경상,승용,남,72세,상해없음
2019072600100429,2019년 7월 26일 17시,금요일,충청남도 천안시 동남구 봉명동,경상사고,0,0,2,0,차대차 - 측면충돌,직진우회전진행방해,젖음/습기,비,교차로 - 교차로안,승용,남,56세,경상,화물,남,52세,상해없음
2019072600100466,2019년 7월 26일 18시,금요일,충청남도 아산시 배방읍,경상사고,0,0,1,0,차대차 - 기타,안전운전불이행,젖음/습기,흐림,교차로 - 교차로안,승용,여,20세,상해없음,이륜,남,33세,경상
2019072600100467,2019년 7월 26일 18시,금요일,충청남도 천안시 동남구 다가동,경상사고,0,0,1,0,차대차 - 측면충돌,교차로운행방법위반,건조,맑음,교차로 - 교차로안,승용,남,56세,상해없음,승용,남,27세,경상
2019072600100540,2019년 7월 26일 20시,금요일,충청남도 천안시 서북구 입장면,중상사고,0,1,0,0,차대차 - 측면충돌,교차로운행방법위반,젖음/습기,비,교차로 - 교차로부근,승용,남,59세,상해없음,자전거,남,31세,중상
2019072600100541,2019년 7월 26일 20시,금요일,충청남도 천안시 서북구 두정동,경상사고,0,0,1,1,차대차 - 측면충돌,신호위반,젖음/습기,흐림,교차로 - 교차로안,승용,남,26세,경상,이륜,남,28세,부상신고
2019072600100542,2019년 7월 26일 20시,금요일,충청남도 천안시 동남구 신부동,경상사고,0,0,2,0,차대차 - 측면충돌,교차로운행방법위반,건조,맑음,교차로 - 교차로안,승합,남,49세,상해없음,승용,남,28세,경상
2019072600100582,2019년 7월 26일 21시,금요일,충청남도 천안시 동남구 신방동,경상사고,0,0,2,0,차대차 - 추돌,안전거리미확보,건조,맑음,교차로 - 교차로부근,화물,남,68세,상해없음,승용,남,57세,경상
2019072600100609,2019년 7월 26일 22시,금요일,충청남도 천안시 서북구 불당동,경상사고,0,0,1,0,차대차 - 측면충돌,중앙선침범,젖음/습기,비,교차로 - 교차로횡단보도내,승용,남,49세,상해없음,승용,여,36세,경상
2019072600100610,2019년 7월 26일 22시,금요일,충청남도 천안시 서북구 성거읍,중상사고,0,1,0,0,차대차 - 추돌,안전운전불이행,젖음/습기,비,단일로 - 기타,승용,남,50세,상해없음,원동기,남,35세,중상
2019072600100611,2019년 7월 26일 22시,금요일,충청남도 아산시 온천동,경상사고,0,0,1,0,차대차 - 기타,안전운전불이행,젖음/습기,비,교차로 - 교차로안,승용,남,49세,상해없음,승용,여,26세,경상
2019072600100612,2019년 7월 26일 22시,금요일,충청남도 청양군 청양읍,부상신고사고,0,0,0,1,차대차 - 측면충돌,중앙선침범,젖음/습기,비,기타 - 기타,자전거,남,13세,부상신고,승용,남,20세,상해없음
2019072700100039,2019년 7월 27일 00시,토요일,충청남도 천안시 서북구 두정동,경상사고,0,0,1,0,차대사람 - 기타,기타,젖음/습기,비,단일로 - 기타,승용,남,36세,상해없음,보행자,남,25세,경상
2019072700100063,2019년 7월 27일 01시,토요일,충청남도 천안시 동남구 신부동,중상사고,0,1,1,0,차대사람 - 횡단중,안전운전불이행,젖음/습기,비,교차로 - 교차로안,승용,남,58세,상해없음,보행자,여,25세,경상
2019072700100101,2019년 7월 27일 03시,토요일,충청남도 보령시 신흑동,경상사고,0,0,1,0,차대사람 - 기타,안전운전불이행,젖음/습기,비,단일로 - 기타,승용,남,80세,상해없음,보행자,여,49세,경상
2019072700100102,2019년 7월 27일 03시,토요일,충청남도 태안군 소원면,중상사고,0,1,0,0,차량단독 - 도로외이탈 - 추락,안전운전불이행,젖음/습기,안개,기타 - 기타,승용,남,27세,상해없음,,,,
2019072700100137,2019년 7월 27일 06시,토요일,충청남도 공주시 신관동,경상사고,0,0,1,0,차대차 - 측면충돌,안전운전불이행,젖음/습기,흐림,교차로 - 교차로안,승용,남,25세,상해없음,승용,남,62세,경상
2019072700100162,2019년 7월 27일 08시,토요일,충청남도 금산군 제원면,중상사고,0,1,0,0,차대사람 - 기타,안전운전불이행,건조,맑음,단일로 - 기타,승용,여,56세,상해없음,보행자,남,78세,중상
2019072700100190,2019년 7월 27일 09시,토요일,충청남도 천안시 동남구 목천읍,중상사고,0,1,0,0,차대차 - 기타,교차로운행방법위반,건조,맑음,교차로 - 교차로안,승용,남,58세,상해없음,승용,여,49세,중상
2019072700100228,2019년 7월 27일 10시,토요일,충청남도 천안시 서북구 쌍용동,경상사고,0,0,1,0,차대차 - 추돌,안전운전불이행,건조,맑음,단일로 - 기타,승용,남,22세,상해없음,승용,남,25세,경상
2019072700100229,2019년 7월 27일 10시,토요일,충청남도 천안시 서북구 불당동,부상신고사고,0,0,0,1,차량단독 - 공작물충돌,안전운전불이행,건조,맑음,단일로 - 기타,승용,여,59세,부상신고,,,,
2019072700100230,2019년 7월 27일 10시,토요일,충청남도 천안시 서북구 성정동,중상사고,0,1,0,0,차대차 - 추돌,안전운전불이행,건조,맑음,교차로 - 교차로부근,승용,남,27세,상해없음,승용,여,46세,중상
2019072700100292,2019년 7월 27일 12시,토요일,충청남도 당진시 송악읍,경상사고,0,0,1,0,차대차 - 측면충돌,교차로운행방법위반,건조,맑음,교차로 - 교차로안,승용,여,72세,상해없음,화물,남,54세,경상
2019072700100293,2019년 7월 27일 12시,토요일,충청남도 당진시 석문면,중상사고,0,1,1,0,차대차 - 측면충돌,교차로운행방법위반,건조,맑음,주차장 - 주차장,화물,여,41세,상해없음,승용,남,51세,중상
2019072700100294,2019년 7월 27일 12시,토요일,충청남도 천안시 동남구 신부동,경상사고,0,0,6,0,차대차 - 기타,안전운전불이행,건조,맑음,교차로 - 교차로안,승용,남,23세,상해없음,승용,남,70세,경상
2019072700100295,2019년 7월 27일 12시,토요일,충청남도 천안시 동남구 원성동,경상사고,0,0,2,0,차대차 - 측면충돌,신호위반,건조,맑음,교차로 - 교차로안,화물,남,67세,상해없음,승용,남,35세,경상
2019072700100332,2019년 7월 27일 13시,토요일,충청남도 서산시 석림동,중상사고,0,1,0,0,차대차 - 정면충돌,중앙선침범,건조,맑음,교차로 - 교차로안,승용,남,59세,상해없음,이륜,남,49세,중상
2019072700100333,2019년 7월 27일 13시,토요일,충청남도 천안시 서북구 성정동,경상사고,0,0,1,0,차대차 - 기타,안전운전불이행,건조,맑음,교차로 - 교차로안,승합,남,42세,상해없음,승용,남,31세,경상
2019072700100334,2019년 7월 27일 13시,토요일,충청남도 천안시 동남구 원성동,경상사고,0,0,1,0,차대차 - 추돌,안전거리미확보,건조,맑음,교차로 - 교차로부근,승용,남,52세,기타불명,화물,남,37세,경상
2019072700100364,2019년 7월 27일 14시,토요일,충청남도 예산군 삽교읍,경상사고,0,0,1,0,차대차 - 측면충돌,신호위반,건조,맑음,교차로 - 교차로안,승용,남,34세,상해없음,승용,남,69세,경상
2019072700100392,2019년 7월 27일 15시,토요일,충청남도 서산시 예천동,경상사고,0,0,1,0,차대차 - 측면충돌,차로위반,건조,흐림,교차로 - 교차로부근,승용,남,65세,상해없음,승용,남,29세,경상