사고번호,사고일시,요일,시군구,사고내용,사망자수,중상자수,경상자수,부상신고자수,사고유형,법규위반,노면상태,기상상태,도로형태,가해운전자 차종,가해운전자 성별,가해운전자 연령,가해운전자 상해정도,피해운전자 차종,피해운전자 성별,피해운전자 연령,피해운전자 상해정도
2019073100100651,2019년 7월 31일 22시,수요일,충청남도 천안시 서북구 쌍용동,경상사고,0,0,2,0,차대차 - 정면충돌,신호위반,건조,맑음,교차로 - 교차로부근,승용,남,25세,상해없음,승용,남,58세,경상
2019080100100030,2019년 8월 1일 00시,목요일,충청남도 공주시 신관동,경상사고,0,0,1,0,차대차 - 측면충돌,안전운전불이행,건조,맑음,교차로 - 교차로안,승용,남,23세,상해없음,이륜,남,53세,경상
2019080100100048,2019년 8월 1일 01시,목요일,충청남도 홍성군 구항면,경상사고,0,0,1,0,차대차 - 추돌,안전운전불이행,건조,맑음,단일로 - 기타,승용,남,26세,상해없음,승용,남,23세,경상
2019080100100054,2019년 8월 1일 02시,목요일,충청남도 서산시 대산읍,사망사고,2,1,0,1,차대차 - 추돌,과속,젖음/습기,흐림,단일로 - 기타,승용,남,30세,사망,화물,남,53세,부상신고
2019080100100063,2019년 8월 1일 03시,목요일,충청남도 부여군 임천면,경상사고,0,0,1,0,차량단독 - 공작물충돌,안전운전불이행,건조,맑음,교차로 - 교차로부근,승용,여,63세,경상,,,,
2019080100100113,2019년 8월 1일 07시,목요일,충청남도 아산시 음봉면,중상사고,0,1,0,0,차대사람 - 차도통행중,중앙선침범,건조,맑음,단일로 - 기타,승용,남,26세,상해없음,보행자,남,84세,중상
2019080100100139,2019년 8월 1일 08시,목요일,충청남도 천안시 서북구 직산읍,경상사고,0,0,1,1,차대차 - 추돌,안전운전불이행,건조,맑음,단일로 - 기타,승용,남,26세,상해없음,승용,남,33세,부상신고
2019080100100143,2019년 8월 1일 08시,목요일,충청남도 보령시 천북면,사망사고,1,0,1,0,차대차 - 추돌,안전운전불이행,건조,맑음,단일로 - 교량,화물,남,38세,경상,승용,남,37세,사망
2019080100100169,2019년 8월 1일 09시,목요일,충청남도 공주시 금흥동,중상사고,0,1,3,1,차대차 - 정면충돌,안전운전불이행,건조,맑음,교차로 - 교차로안,원동기,남,18세,경상,승용,여,37세,경상
2019080100100207,2019년 8월 1일 10시,목요일,충청남도 논산시 취암동,경상사고,0,0,1,0,차대차 - 후진중충돌,안전운전불이행,건조,맑음,단일로 - 기타,승용,여,39세,상해없음,자전거,남,77세,경상
2019080100100208,2019년 8월 1일 10시,목요일,충청남도 논산시 강경읍,중상사고,0,1,0,0,차대차 - 측면충돌,안전운전불이행,건조,맑음,단일로 - 기타,화물,남,67세,상해없음,자전거,남,80세,중상
2019080100100244,2019년 8월 1일 11시,목요일,충청남도 홍성군 홍성읍,경상사고,0,0,1,0,차대사람 - 횡단중,안전운전불이행,건조,맑음,단일로 - 기타,이륜,여,65세,상해없음,보행자,여,66세,경상
2019080100100245,2019년 8월 1일 11시,목요일,충청남도 예산군 예산읍,경상사고,0,0,1,0,차대차 - 기타,중앙선침범,건조,맑음,교차로 - 교차로부근,승용,남,71세,상해없음,승용,여,32세,상해없음
2019080100100280,2019년 8월 1일 12시,목요일,충청남도 당진시 신평면,중상사고,0,1,0,0,차대사람 - 기타,안전운전불이행,건조,맑음,기타 - 기타,화물,남,30세,상해없음,보행자,여,49세,중상
2019080100100281,2019년 8월 1일 12시,목요일,충청남도 천안시 동남구 오룡동,경상사고,0,0,1,0,차대차 - 측면충돌,안전운전불이행,건조,맑음,교차로 - 교차로안,승용,남,42세,상해없음,승용,여,52세,경상
2019080100100326,2019년 8월 1일 13시,목요일,충청남도 태안군 원북면,중상사고,0,1,0,0,차대사람 - 차도통행중,중앙선침범,건조,맑음,교차로 - 교차로부근,승용,남,65세,상해없음,보행자,남,56세,중상
2019080100100440,2019년 8월 1일 16시,목요일,충청남도 보령시 명천동,중상사고,0,1,1,0,차대차 - 측면충돌,안전운전불이행,건조,맑음,교차로 - 교차로안,승합,남,59세,상해없음,승용,남,26세,중상
2019080100100441,2019년 8월 1일 16시,목요일,충청남도 태안군 태안읍,중상사고,0,1,1,0,차대사람 - 횡단중,보행자보호의무위반,건조,맑음,교차로 - 교차로횡단보도내,화물,남,59세,상해없음,보행자,여,38세,중상
2019080100100562,2019년 8월 1일 19시,목요일,충청남도 논산시 연무읍,중상사고,0,1,0,0,차대사람 - 길가장자리구역통행중,안전운전불이행,건조,맑음,단일로 - 기타,화물,남,66세,상해없음,보행자,여,71세,중상
2019080100100598,2019년 8월 1일 20시,목요일,충청남도 예산군 덕산면,경상사고,0,0,1,0,차대차 - 추돌,안전운전불이행,건조,맑음,교차로 - 교차로부근,승용,남,54세,상해없음,승용,남,44세,상해없음
2019080100100599,2019년 8월 1일 20시,목요일,충청남도 공주시 정안면,경상사고,0,0,2,0,차대차 - 추돌,차로위반,건조,맑음,단일로 - 기타,승용,남,34세,상해없음,승용,남,57세,경상
2019080100100634,2019년 8월 1일 21시,목요일,충청남도 아산시 온천동,경상사고,0,0,1,0,차대차 - 후진중충돌,안전운전불이행,건조,맑음,교차로 - 교차로부근,화물,남,62세,상해없음,승용,남,41세,경상
2019080100100661,2019년 8월 1일 22시,목요일,충청남도 천안시 동남구 수신면,중상사고,0,1,1,1,차대차 - 추돌,안전운전불이행,건조,맑음,단일로 - 기타,승용,남,28세,상해없음,승용,여,50세,중상
2019080200100032,2019년 8월 2일 00시,금요일,충청남도 천안시 서북구 두정동,경상사고,0,0,1,0,차대사람 - 차도통행중,안전운전불이행,건조,맑음,교차로 - 교차로안,승용,여,29세,상해없음,보행자,여,25세,경상
2019080200100033,2019년 8월 2일 00시,금요일,충청남도 당진시 정미면,중상사고,0,2,2,0,차대차 - 기타,안전운전불이행,건조,맑음,단일로 - 기타,승용,남,21세,상해없음,승용,남,33세,경상
2019080200100048,2019년 8월 2일 01시,금요일,충청남도 천안시 동남구 병천면,중상사고,0,1,0,0,차대차 - 정면충돌,중앙선침범,건조,맑음,단일로 - 기타,승용,남,29세,상해없음,화물,남,60세,중상
2019080200100069,2019년 8월 2일 04시,금요일,충청남도 보령시 대천동,중상사고,0,1,0,0,차대차 - 측면충돌,직진우회전진행방해,건조,맑음,교차로 - 교차로안,승용,남,46세,상해없음,화물,남,71세,중상
2019080200100078,2019년 8월 2일 05시,금요일,충청남도 청양군 청양읍,중상사고,0,1,0,0,차대차 - 측면충돌,안전운전불이행,건조,맑음,교차로 - 교차로안,승합,여,51세,상해없음,자전거,남,63세,중상
2019080200100143,2019년 8월 2일 09시,금요일,충청남도 서산시 예천동,중상사고,0,2,0,0,차대차 - 기타,안전운전불이행,건조,맑음,교차로 - 교차로부근,승용,남,54세,상해없음,승용,남,36세,중상
2019080200100144,2019년 8월 2일 09시,금요일,충청남도 천안시 서북구 차암동,부상신고사고,0,0,0,1,차대차 - 측면충돌,직진우회전진행방해,건조,맑음,교차로 - 교차로안,화물,남,26세,상해없음,승용,남,26세,부상신고
2019080200100145,2019년 8월 2일 09시,금요일,충청남도 논산시 채운면,경상사고,0,0,1,0,차대차 - 측면충돌,신호위반,건조,맑음,교차로 - 교차로안,이륜,남,61세,경상,승용,남,58세,상해없음
2019080200100177,2019년 8월 2일 10시,금요일,충청남도 서산시 대산읍,중상사고,0,1,0,0,차대차 - 기타,안전운전불이행,건조,맑음,단일로 - 터널,건설기계,남,49세,상해없음,건설기계,남,60세,중상
2019080200100178,2019년 8월 2일 10시,금요일,충청남도 태안군 태안읍,중상사고,0,1,0,0,차대사람 - 보도통행중,기타,건조,맑음,교차로 - 교차로부근,화물,여,46세,상해없음,보행자,여,64세,중상
2019080200100217,2019년 8월 2일 11시,금요일,충청남도 보령시 천북면,중상사고,0,1,0,0,차대차 - 기타,안전운전불이행,건조,맑음,단일로 - 기타,화물,남,71세,상해없음,이륜,남,61세,중상
2019080200100218,2019년 8월 2일 11시,금요일,충청남도 당진시 송악읍,경상사고,0,0,1,0,차대차 - 후진중충돌,불법유턴,건조,맑음,교차로 - 교차로부근,특수,남,54세,상해없음,승용,남,30세,경상
2019080200100291,2019년 8월 2일 13시,금요일,충청남도 천안시 동남구 수신면,경상사고,0,0,1,0,차대차 - 추돌,안전운전불이행,건조,맑음,단일로 - 기타,승용,남,56세,기타불명,승용,남,45세,경상
2019080200100343,2019년 8월 2일 14시,금요일,충청남도 아산시 염치읍,중상사고,0,2,1,0,차대차 - 기타,안전운전불이행,건조,맑음,교차로 - 교차로부근,승용,여,55세,상해없음,승용,여,50세,중상
2019080200100570,2019년 8월 2일 19시,금요일,충청남도 서산시 온석동,중상사고,0,1,0,0,차대사람 - 기타,안전운전불이행,건조,맑음,단일로 - 기타,승용,남,34세,상해없음,보행자,여,59세,중상
2019080200100571,2019년 8월 2일 19시,금요일,충청남도 천안시 동남구 안서동,중상사고,0,1,0,0,차대사람 - 기타,안전운전불이행,건조,맑음,교차로 - 교차로안,승용,남,57세,상해없음,보행자,남,46세,중상
2019080200100572,2019년 8월 2일 19시,금요일,충청남도 천안시 동남구 병천면,경상사고,0,0,1,0,차량단독 - 기타,안전운전불이행,건조,맑음,단일로 - 기타,승합,남,57세,상해없음,,,,
2019080200100610,2019년 8월 2일 20시,금요일,충청남도 서산시 동문동,부상신고사고,0,0,0,1,차대사람 - 보도통행중,보행자보호의무위반,건조,맑음,교차로 - 교차로안,승용,여,31세,상해없음,보행자,여,71세,부상신고
2019080200100611,2019년 8월 2일 20시,금요일,충청남도 논산시 광석면,부상신고사고,0,0,0,1,차량단독 - 전도전복 - 전도,안전운전불이행,건조,맑음,교차로 - 교차로안,이륜,남,62세,부상신고,,,,
2019080200100612,2019년 8월 2일 20시,금요일,충청남도 청양군 청양읍,경상사고,0,0,1,0,차대사람 - 횡단중,안전운전불이행,건조,맑음,기타 - 기타,승용,남,19세,상해없음,보행자,여,50세,경상
2019080200100641,2019년 8월 2일 21시,금요일,충청남도 천안시 서북구 백석동,부상신고사고,0,0,0,1,차대차 - 추돌,안전운전불이행,건조,맑음,단일로 - 기타,승용,남,57세,부상신고,화물,남,63세,기타불명
2019080200100642,2019년 8월 2일 21시,금요일,충청남도 당진시 읍내리,경상사고,0,0,2,0,차대차 - 정면충돌,교차로운행방법위반,건조,맑음,교차로 - 교차로안,승용,남,27세,상해없음,승용,남,24세,경상
2019080200100702,2019년 8월 2일 23시,금요일,충청남도 보령시 동대동,경상사고,0,0,1,0,차대차 - 기타,안전운전불이행,건조,맑음,단일로 - 기타,승용,남,30세,상해없음,승용,여,39세,상해없음
2019080300100042,2019년 8월 3일 01시,토요일,충청남도 서산시 석림동,경상사고,0,0,1,0,차대차 - 기타,신호위반,건조,맑음,교차로 - 교차로안,화물,남,50세,상해없음,승용,남,55세,경상
2019080300100043,2019년 8월 3일 01시,토요일,충청남도 태안군 소원면,중상사고,0,1,0,0,차량단독 - 공작물충돌,안전운전불이행,건조,맑음,교차로 - 교차로안,이륜,남,52세,중상,,,,
2019080300100062,2019년 8월 3일 03시,토요일,충청남도 보령시 대천동,중상사고,0,1,0,0,차대사람 - 횡단중,안전운전불이행,건조,맑음,교차로 - 교차로안,승용,남,28세,상해없음,보행자,남,44세,중상
2019080300100086,2019년 8월 3일 06시,토요일,충청남도 청양군 남양면,경상사고,0,0,1,0,차량단독 - 도로외이탈 - 기타,안전운전불이행,건조,맑음,단일로 - 기타,화물,남,20세,경상,,,,
2019080300100196,2019년 8월 3일 11시,토요일,충청남도 홍성군 갈산면,중상사고,0,2,3,0,차대차 - 추돌,안전운전불이행,건조,맑음,단일로 - 기타,승용,남,27세,경상,승용,여,62세,상해없음
2019080300100197,2019년 8월 3일 11시,토요일,충청남도 천안시 서북구 성거읍,경상사고,0,0,1,0,차대차 - 추돌,안전거리미확보,건조,맑음,단일로 - 기타,승용,남,31세,상해없음,승용,남,34세,경상
2019080300100237,2019년 8월 3일 12시,토요일,충청남도 천안시 서북구 성정동,중상사고,0,1,1,0,차대차 - 측면충돌,직진우회전진행방해,건조,맑음,교차로 - 교차로안,승용,여,55세,상해없음,승용,여,60세,경상
2019080300100269,2019년 8월 3일 13시,토요일,충청남도 보령시 동대동,중상사고,0,1,0,0,차대차 - 기타,안전운전불이행,건조,맑음,단일로 - 기타,승용,남,57세,상해없음,승합,여,53세,중상
2019080300100270,2019년 8월 3일 13시,토요일,충청남도 천안시 동남구 수신면,경상사고,0,0,1,0,차대차 - 측면충돌,안전운전불이행,건조,맑음,교차로 - 교차로부근,승용,남,25세,상해없음,승용,여,53세,상해없음
2019080300100271,2019년 8월 3일 13시,토요일,충청남도 태안군 안면읍,중상사고,0,1,2,0,차대차 - 정면충돌,중앙선침범,건조,맑음,단일로 - 기타,승용,여,66세,중상,승용,남,33세,경상
2019080300100299,2019년 8월 3일 14시,토요일,충청남도 천안시 서북구 두정동,경상사고,0,0,1,0,차대차 - 기타,중앙선침범,건조,맑음,교차로 - 교차로안,개인형이동수단(PM),여,20세,상해없음,이륜,남,33세,경상
2019080300100300,2019년 8월 3일 14시,토요일,충청남도 천안시 서북구 불당동,경상사고,0,0,1,0,차대차 - 측면충돌,안전운전불이행,건조,맑음,교차로 - 교차로안,승용,남,44세,상해없음,이륜,남,41세,경상
2019080300100329,2019년 8월 3일 15시,토요일,충청남도 아산시 배방읍,경상사고,0,0,5,0,차대차 - 측면충돌,안전운전불이행,건조,맑음,교차로 - 교차로부근,승용,남,37세,상해없음,승용,남,38세,경상
2019080300100330,2019년 8월 3일 15시,토요일,충청남도 당진시 송악읍,경상사고,0,0,1,0,차대차 - 측면충돌,교차로운행방법위반,건조,맑음,교차로 - 교차로안,승용,여,48세,상해없음,승용,남,36세,경상
2019080300100366,2019년 8월 3일 16시,토요일,충청남도 공주시 송선동,중상사고,0,1,0,0,차량단독 - 전도전복 - 전도,안전운전불이행,젖음/습기,비,단일로 - 기타,이륜,남,31세,중상,,,,
2019080300100394,2019년 8월 3일 17시,토요일,충청남도 서산시 운산면,경상사고,0,0,1,0,차대차 - 측면충돌,안전운전불이행,건조,맑음,교차로 - 교차로안,이륜,남,42세,경상,화물,남,45세,상해없음
2019080300100432,2019년 8월 3일 18시,토요일,충청남도 천안시 동남구 성남면,경상사고,0,0,2,0,차대차 - 측면충돌,안전운전불이행,건조,맑음,단일로 - 기타,승합,남,24세,경상,승용,남,60세,경상
2019080300100477,2019년 8월 3일 20시,토요일,충청남도 천안시 서북구 성정동,경상사고,0,0,2,0,차대차 - 기타,교차로운행방법위반,건조,맑음,교차로 - 교차로안,승용,남,21세,상해없음,승용,여,24세,경상
2019080300100478,2019년 8월 3일 20시,토요일,충청남도 천안시 서북구 불당동,경상사고,0,0,1,0,차대차 - 기타,안전운전불이행,건조,맑음,교차로 - 교차로부근,승용,남,30세,기타불명,승용,여,46세,경상
2019080300100479,2019년 8월 3일 20시,토요일,충청남도 보령시 신흑동,중상사고,0,1,0,0,차대사람 - 횡단중,보행자보호의무위반,건조,맑음,교차로 - 교차로안,화물,남,52세,상해없음,보행자,남,43세,중상
2019080300100480,2019년 8월 3일 20시,토요일,충청남도 천안시 동남구 청당동,경상사고,0,0,1,0,차대차 - 측면충돌,신호위반,건조,맑음,단일로 - 기타,승용,여,43세,상해없음,개인형이동수단(PM),남,29세,경상
2019080300100560,2019년 8월 3일 23시,토요일,충청남도 당진시 원당리,경상사고,0,0,1,0,차량단독 - 공작물충돌,안전운전불이행,건조,맑음,단일로 - 기타,승용,여,28세,상해없음,,,,
2019080400100031,2019년 8월 4일 00시,일요일,충청남도 천안시 서북구 두정동,경상사고,0,0,1,0,차대차 - 기타,중앙선침범,건조,맑음,단일로 - 기타,승용,남,26세,상해없음,원동기,남,26세,경상
2019080400100032,2019년 8월 4일 00시,일요일,충청남도 아산시 둔포면,중상사고,0,1,0,0,차대차 - 기타,안전운전불이행,건조,맑음,단일로 - 기타,승용,남,49세,중상,승합,남,33세,상해없음
2019080400100033,2019년 8월 4일 00시,일요일,충청남도 보령시 신흑동,경상사고,0,0,3,0,차대차 - 추돌,안전운전불이행,건조,맑음,교차로 - 교차로부근,승용,남,66세,상해없음,승용,여,50세,경상
2019080400100046,2019년 8월 4일 01시,일요일,충청남도 천안시 서북구 불당동,중상사고,0,1,1,0,차대차 - 측면충돌,신호위반,건조,맑음,교차로 - 교차로안,승용,남,34세,상해없음,승용,남,50세,경상
2019080400100092,2019년 8월 4일 05시,일요일,충청남도 청양군 화성면,경상사고,0,0,2,0,차대차 - 추돌,안전운전불이행,건조,맑음,교차로 - 교차로부근,승용,남,30세,상해없음,화물,남,60세,경상
2019080400100093,2019년 8월 4일 05시,일요일,충청남도 천안시 동남구 다가동,부상신고사고,0,0,0,1,차대차 - 추돌,안전운전불이행,건조,맑음,단일로 - 기타,승용,남,22세,부상신고,화물,남,52세,상해없음
2019080400100101,2019년 8월 4일 06시,일요일,충청남도 당진시 대호지면,중상사고,0,1,0,0,차대차 - 정면충돌,교차로운행방법위반,건조,맑음,교차로 - 교차로안,승합,남,44세,상해없음,자전거,남,34세,중상
2019080400100125,2019년 8월 4일 08시,일요일,충청남도 예산군 덕산면,경상사고,0,0,2,0,차대차 - 측면충돌,직진우회전진행방해,건조,맑음,교차로 - 교차로안,승용,여,56세,경상,승용,여,61세,경상
2019080400100156,2019년 8월 4일 10시,일요일,충청남도 서천군 서면,경상사고,0,0,1,0,차대사람 - 횡단중,안전운전불이행,건조,맑음,단일로 - 기타,승용,남,53세,상해없음,보행자,남,7세,경상
2019080400100181,2019년 8월 4일 11시,일요일,충청남도 천안시 동남구 병천면,경상사고,0,0,1,0,차대사람 - 기타,안전운전불이행,건조,맑음,단일로 - 기타,승합,남,64세,상해없음,보행자,남,45세,경상
2019080400100246,2019년 8월 4일 13시,일요일,충청남도 천안시 서북구 입장면,부상신고사고,0,0,0,1,차량단독 - 전도전복 - 전도,안전운전불이행,건조,맑음,단일로 - 기타,건설기계,남,50세,부상신고,,,,
2019080400100247,2019년 8월 4일 13시,일요일,충청남도 공주시 정안면,경상사고,0,0,2,0,차대차 - 기타,안전운전불이행,건조,맑음,기타 - 기타,승용,남,63세,상해없음,승용,남,54세,경상
2019080400100274,2019년 8월 4일 14시,일요일,충청남도 당진시 신평면,경상사고,0,0,1,0,차대사람 - 차도통행중,안전운전불이행,건조,맑음,단일로 - 기타,승용,남,76세,상해없음,보행자,여,16세,경상
2019080400100304,2019년 8월 4일 15시,일요일,충청남도 당진시 신평면,경상사고,0,0,3,0,차대차 - 후진중충돌,안전운전불이행,건조,맑음,기타 - 기타,승용,남,51세,상해없음,승용,여,40세,경상
2019080400100362,2019년 8월 4일 17시,일요일,충청남도 천안시 서북구 성정동,부상신고사고,0,0,0,1,차대차 - 측면충돌,교차로운행방법위반,건조,맑음,교차로 - 교차로안,이륜,남,26세,상해없음,이륜,남,51세,부상신고
2019080400100363,2019년 8월 4일 17시,일요일,충청남도 천안시 서북구 쌍용동,경상사고,0,0,1,1,차대차 - 측면충돌,신호위반,건조,맑음,교차로 - 교차로안,이륜,남,18세,부상신고,승용,남,60세,경상
2019080400100406,2019년 8월 4일 18시,일요일,충청남도 천안시 서북구 두정동,경상사고,0,0,1,0,차대차 - 측면충돌,기타,건조,맑음,단일로 - 기타,이륜,남,47세,경상,승용,남,31세,상해없음
2019080400100407,2019년 8월 4일 18시,일요일,충청남도 천안시 서북구 불당동,경상사고,0,0,3,0,차대차 - 후진중충돌,안전운전불이행,건조,맑음,단일로 - 기타,승용,여,41세,경상,승용,여,27세,경상
2019080400100408,2019년 8월 4일 18시,일요일,충청남도 당진시 신평면,중상사고,0,1,0,0,차대사람 - 기타,안전운전불이행,건조,맑음,기타 - 기타,승용,여,58세,상해없음,보행자,여,48세,중상
2019080400100409,2019년 8월 4일 18시,일요일,충청남도 태안군 근흥면,중상사고,0,1,0,0,차량단독 - 전도전복 - 전도,안전거리미확보,건조,맑음,단일로 - 기타,사륜오토바이(ATV),남,82세,중상,,,,
2019080400100438,2019년 8월 4일 19시,일요일,충청남도 태안군 고남면,중상사고,0,1,0,0,차대차 - 추돌,안전운전불이행,건조,맑음,교차로 - 교차로부근,승용,남,72세,상해없음,사륜오토바이(ATV),여,71세,중상
2019080400100464,2019년 8월 4일 20시,일요일,충청남도 당진시 우강면,경상사고,0,0,2,0,차대차 - 측면충돌,안전운전불이행,건조,맑음,교차로 - 교차로안,승용,여,25세,경상,화물,남,47세,경상
2019080400100503,2019년 8월 4일 22시,일요일,충청남도 천안시 서북구 성정동,경상사고,0,0,1,0,차대차 - 측면충돌,안전거리미확보,건조,맑음,단일로 - 기타,승용,여,27세,상해없음,이륜,남,21세,경상
2019080500100059,2019년 8월 5일 05시,월요일,충청남도 태안군 남면,경상사고,0,0,1,0,차대차 - 측면충돌,안전운전불이행,건조,맑음,단일로 - 기타,사륜오토바이(ATV),남,78세,경상,승용,남,47세,상해없음
2019080500100117,2019년 8월 5일 08시,월요일,충청남도 서천군 서천읍,경상사고,0,0,1,0,차대차 - 추돌,안전운전불이행,건조,맑음,교차로 - 교차로안,이륜,여,70세,경상,승용,남,57세,상해없음
2019080500100150,2019년 8월 5일 09시,월요일,충청남도 서산시 읍내동,중상사고,0,1,1,0,차대차 - 측면충돌,교차로운행방법위반,건조,맑음,교차로 - 교차로안,이륜,남,73세,중상,승용,여,51세,경상
2019080500100151,2019년 8월 5일 09시,월요일,충청남도 천안시 서북구 성정동,경상사고,0,0,1,1,차대차 - 측면충돌,직진우회전진행방해,건조,맑음,교차로 - 교차로안,승용,여,57세,부상신고,승용,여,35세,경상
2019080500100152,2019년 8월 5일 09시,월요일,충청남도 천안시 서북구 불당동,경상사고,0,0,1,0,차대사람 - 횡단중,보행자보호의무위반,건조,맑음,교차로 - 교차로안,승합,여,47세,상해없음,보행자,남,15세,경상
2019080500100191,2019년 8월 5일 10시,월요일,충청남도 보령시 명천동,중상사고,0,1,0,0,차대차 - 기타,안전운전불이행,건조,맑음,교차로 - 교차로안,승용,여,49세,상해없음,승용,여,42세,중상
2019080500100229,2019년 8월 5일 11시,월요일,충청남도 천안시 서북구 성정동,중상사고,0,1,0,0,차대사람 - 기타,안전운전불이행,건조,맑음,기타 - 기타,자전거,기타불명,미분류,기타불명,보행자,남,63세,중상
2019080500100230,2019년 8월 5일 11시,월요일,충청남도 서천군 서면,경상사고,0,0,1,0,차대사람 - 기타,안전운전불이행,건조,맑음,단일로 - 기타,승용,여,70세,상해없음,보행자,남,3세,경상
2019080500100231,2019년 8월 5일 11시,월요일,충청남도 부여군 규암면,중상사고,0,1,0,0,차대차 - 측면충돌,안전운전불이행,건조,맑음,교차로 - 교차로안,이륜,남,56세,중상,승용,여,40세,상해없음
2019080500100280,2019년 8월 5일 12시,월요일,충청남도 논산시 취암동,경상사고,0,0,1,0,차대차 - 측면충돌,신호위반,건조,맑음,교차로 - 교차로안,이륜,남,73세,상해없음,승용,여,60세,경상
2019080500100281,2019년 8월 5일 12시,월요일,충청남도 당진시 채운동,경상사고,0,0,2,0,차대차 - 측면충돌,안전운전불이행,건조,맑음,교차로 - 교차로부근,승용,여,57세,경상,승용,여,52세,경상
2019080500100324,2019년 8월 5일 13시,월요일,충청남도 당진시 수청리,경상사고,0,0,1,0,차대차 - 측면충돌,신호위반,건조,맑음,교차로 - 교차로안,승용,남,60세,상해없음,승용,여,40세,경상
2019080500100325,2019년 8월 5일 13시,월요일,충청남도 금산군 추부면,경상사고,0,0,1,0,차대차 - 추돌,안전운전불이행,건조,맑음,단일로 - 기타,승용,남,46세,상해없음,승용,남,32세,상해없음
2019080500100358,2019년 8월 5일 14시,월요일,충청남도 천안시 서북구 직산읍,중상사고,0,1,1,0,차대차 - 추돌,안전운전불이행,건조,맑음,단일로 - 기타,건설기계,남,53세,상해없음,화물,남,60세,중상
2019080500100359,2019년 8월 5일 14시,월요일,충청남도 아산시 둔포면,경상사고,0,0,1,0,차대차 - 기타,안전운전불이행,건조,맑음,단일로 - 기타,화물,남,71세,상해없음,승용,남,34세,경상
2019080500100360,2019년 8월 5일 14시,월요일,충청남도 보령시 신흑동,경상사고,0,0,1,0,차대차 - 기타,안전운전불이행,건조,맑음,기타 - 기타,화물,남,29세,상해없음,승용,여,31세,경상
2019080500100361,2019년 8월 5일 14시,월요일,충청남도 당진시 수청리,경상사고,0,0,3,0,차대차 - 측면충돌,직진우회전진행방해,건조,맑음,교차로 - 교차로안,승용,남,53세,상해없음,승용,남,59세,상해없음
2019080500100400,2019년 8월 5일 15시,월요일,충청남도 서천군 문산면,중상사고,0,1,0,0,차대사람 - 차도통행중,안전운전불이행,건조,맑음,단일로 - 기타,화물,남,56세,상해없음,보행자,여,87세,중상
2019080500100401,2019년 8월 5일 15시,월요일,충청남도 청양군 청양읍,경상사고,0,0,1,0,차대차 - 측면충돌,안전운전불이행,건조,맑음,교차로 - 교차로안,승합,여,36세,상해없음,화물,남,70세,경상
2019080500100441,2019년 8월 5일 16시,월요일,충청남도 천안시 서북구 성정동,경상사고,0,0,2,0,차대차 - 측면충돌,중앙선침범,건조,맑음,교차로 - 교차로안,승용,여,75세,경상,이륜,남,51세,경상
2019080500100442,2019년 8월 5일 16시,월요일,충청남도 천안시 동남구 사직동,중상사고,0,1,0,0,차대차 - 측면충돌,안전운전불이행,건조,맑음,단일로 - 기타,승용,여,56세,중상,승용,여,56세,상해없음
2019080500100488,2019년 8월 5일 17시,월요일,충청남도 천안시 서북구 성정동,부상신고사고,0,0,0,1,차대차 - 측면충돌,안전운전불이행,건조,맑음,단일로 - 기타,승용,남,37세,상해없음,이륜,남,19세,부상신고
2019080500100489,2019년 8월 5일 17시,월요일,충청남도 보령시 대천동,중상사고,0,1,0,0,차대차 - 기타,직진우회전진행방해,건조,맑음,교차로 - 교차로안,승용,남,26세,상해없음,이륜,남,65세,중상
2019080500100490,2019년 8월 5일 17시,월요일,충청남도 당진시 합덕읍,경상사고,0,0,2,0,차대차 - 정면충돌,중앙선침범,건조,맑음,단일로 - 기타,승용,여,35세,경상,건설기계,남,45세,경상
2019080500100491,2019년 8월 5일 17시,월요일,충청남도 천안시 동남구 원성동,경상사고,0,0,1,0,차대차 - 기타,차로위반,건조,맑음,단일로 - 기타,승용,남,63세,상해없음,승용,여,27세,경상
2019080500100528,2019년 8월 5일 18시,월요일,충청남도 천안시 서북구 백석동,경상사고,0,0,2,0,차대차 - 측면충돌,안전운전불이행,건조,맑음,교차로 - 교차로안,승용,남,26세,상해없음,승용,여,26세,경상
2019080500100529,2019년 8월 5일 18시,월요일,충청남도 홍성군 홍동면,경상사고,0,0,2,0,차대차 - 측면충돌,신호위반,건조,흐림,교차로 - 교차로안,승용,남,26세,상해없음,승용,남,72세,경상
2019080500100530,2019년 8월 5일 18시,월요일,충청남도 부여군 홍산면,중상사고,0,1,0,0,차대차 - 측면충돌,신호위반,젖음/습기,비,단일로 - 기타,이륜,남,47세,상해없음,이륜,남,71세,중상
2019080500100531,2019년 8월 5일 18시,월요일,충청남도 청양군 청양읍,경상사고,0,0,3,0,차대차 - 측면충돌,중앙선침범,건조,맑음,단일로 - 기타,화물,남,56세,상해없음,승용,남,36세,경상
2019080500100532,2019년 8월 5일 18시,월요일,충청남도 천안시 동남구 용곡동,중상사고,0,1,0,0,차대차 - 측면충돌,교차로운행방법위반,건조,맑음,교차로 - 교차로안,화물,남,77세,상해없음,이륜,남,20세,중상
2019080500100566,2019년 8월 5일 19시,월요일,충청남도 보령시 신흑동,부상신고사고,0,0,0,1,차대사람 - 횡단중,안전운전불이행,젖음/습기,비,단일로 - 기타,승용,남,46세,상해없음,보행자,남,17세,부상신고