사고번호,사고일시,요일,시군구,사고내용,사망자수,중상자수,경상자수,부상신고자수,사고유형,법규위반,노면상태,기상상태,도로형태,가해운전자 차종,가해운전자 성별,가해운전자 연령,가해운전자 상해정도,피해운전자 차종,피해운전자 성별,피해운전자 연령,피해운전자 상해정도
2019082400100415,2019년 8월 24일 16시,토요일,충청남도 천안시 동남구 목천읍,중상사고,0,1,0,0,차대사람 - 기타,안전운전불이행,건조,맑음,단일로 - 기타,승용,남,56세,상해없음,보행자,여,39세,중상
2019082400100458,2019년 8월 24일 17시,토요일,충청남도 아산시 인주면,중상사고,0,1,0,0,차대차 - 기타,안전운전불이행,건조,맑음,단일로 - 기타,자전거,남,12세,중상,자전거,남,11세,상해없음
2019082400100459,2019년 8월 24일 17시,토요일,충청남도 아산시 실옥동,경상사고,0,0,2,0,차대차 - 기타,안전운전불이행,건조,맑음,교차로 - 교차로부근,승용,남,48세,상해없음,승합,남,36세,경상
2019082400100491,2019년 8월 24일 18시,토요일,충청남도 예산군 예산읍,중상사고,0,1,0,0,차량단독 - 기타,안전운전불이행,건조,맑음,단일로 - 기타,이륜,남,52세,중상,,,,
2019082400100525,2019년 8월 24일 19시,토요일,충청남도 홍성군 광천읍,중상사고,0,1,0,0,차대차 - 추돌,안전운전불이행,건조,맑음,단일로 - 기타,자전거,남,55세,중상,화물,남,53세,상해없음
2019082400100526,2019년 8월 24일 19시,토요일,충청남도 아산시 염치읍,중상사고,0,2,0,0,차대차 - 정면충돌,교차로운행방법위반,건조,맑음,교차로 - 교차로안,승용,여,57세,상해없음,이륜,남,81세,중상
2019082400100556,2019년 8월 24일 20시,토요일,충청남도 당진시 신평면,경상사고,0,0,1,0,차대차 - 측면충돌,안전운전불이행,건조,맑음,단일로 - 기타,화물,남,22세,상해없음,이륜,남,21세,경상
2019082400100557,2019년 8월 24일 20시,토요일,충청남도 당진시 우강면,경상사고,0,0,4,0,차대차 - 측면충돌,교차로운행방법위반,건조,맑음,교차로 - 교차로안,화물,남,63세,상해없음,승용,남,39세,경상
2019082400100593,2019년 8월 24일 21시,토요일,충청남도 서산시 대산읍,경상사고,0,0,1,0,차대차 - 측면충돌,안전운전불이행,건조,맑음,단일로 - 기타,승용,남,61세,상해없음,승용,남,41세,경상
2019082400100594,2019년 8월 24일 21시,토요일,충청남도 천안시 서북구 성정동,중상사고,0,1,0,0,차대차 - 기타,안전거리미확보,건조,맑음,교차로 - 교차로부근,이륜,남,29세,상해없음,이륜,남,25세,중상
2019082400100595,2019년 8월 24일 21시,토요일,충청남도 예산군 고덕면,경상사고,0,0,1,0,차대차 - 기타,신호위반,건조,맑음,교차로 - 교차로안,화물,여,63세,상해없음,승용,여,35세,경상
2019082400100628,2019년 8월 24일 22시,토요일,충청남도 천안시 서북구 불당동,경상사고,0,0,1,0,차대사람 - 기타,안전운전불이행,건조,맑음,단일로 - 기타,승용,남,27세,상해없음,보행자,남,7세,경상
2019082500100056,2019년 8월 25일 03시,일요일,충청남도 천안시 서북구 불당동,중상사고,0,1,1,0,차대사람 - 횡단중,안전운전불이행,건조,맑음,교차로 - 교차로부근,승용,여,58세,상해없음,보행자,남,31세,중상
2019082500100086,2019년 8월 25일 06시,일요일,충청남도 아산시 둔포면,경상사고,0,0,1,0,차대차 - 측면충돌,신호위반,건조,맑음,교차로 - 교차로안,승용,남,65세,상해없음,승용,남,41세,경상
2019082500100093,2019년 8월 25일 07시,일요일,충청남도 천안시 서북구 불당동,중상사고,0,1,0,0,차대차 - 추돌,안전운전불이행,건조,맑음,교차로 - 교차로부근,건설기계,남,52세,상해없음,승용,여,35세,중상
2019082500100094,2019년 8월 25일 07시,일요일,충청남도 서천군 장항읍,경상사고,0,0,1,0,차대차 - 측면충돌,신호위반,건조,맑음,교차로 - 교차로안,건설기계,남,56세,상해없음,승용,남,71세,경상
2019082500100120,2019년 8월 25일 09시,일요일,충청남도 천안시 동남구 신부동,경상사고,0,0,1,0,차대차 - 측면충돌,안전운전불이행,건조,맑음,단일로 - 기타,승용,남,39세,경상,승합,남,40세,상해없음
2019082500100142,2019년 8월 25일 10시,일요일,충청남도 부여군 석성면,사망사고,1,0,0,0,차량단독 - 기타,안전운전불이행,건조,맑음,기타 - 기타,이륜,남,71세,사망,,,,
2019082500100166,2019년 8월 25일 11시,일요일,충청남도 천안시 동남구 북면,중상사고,0,1,0,0,차대사람 - 기타,안전운전불이행,건조,맑음,단일로 - 기타,승용,여,60세,상해없음,보행자,남,84세,중상
2019082500100197,2019년 8월 25일 12시,일요일,충청남도 태안군 안면읍,경상사고,0,0,4,0,차대차 - 추돌,안전운전불이행,건조,맑음,단일로 - 기타,승용,여,42세,상해없음,승용,남,66세,경상
2019082500100233,2019년 8월 25일 13시,일요일,충청남도 예산군 광시면,경상사고,0,0,1,0,차대사람 - 횡단중,안전운전불이행,건조,맑음,단일로 - 기타,승용,남,51세,상해없음,보행자,남,7세,경상
2019082500100266,2019년 8월 25일 14시,일요일,충청남도 공주시 신관동,경상사고,0,0,1,0,차대차 - 측면충돌,안전운전불이행,건조,맑음,교차로 - 교차로안,승용,남,85세,상해없음,자전거,여,10세,경상
2019082500100297,2019년 8월 25일 15시,일요일,충청남도 천안시 서북구 성환읍,경상사고,0,0,1,0,차대차 - 정면충돌,중앙선침범,건조,맑음,단일로 - 기타,승용,여,41세,상해없음,화물,남,63세,경상
2019082500100298,2019년 8월 25일 15시,일요일,충청남도 천안시 서북구 두정동,경상사고,0,0,1,0,차대차 - 기타,차로위반,건조,맑음,단일로 - 기타,승용,남,56세,상해없음,승용,여,52세,경상
2019082500100338,2019년 8월 25일 16시,일요일,충청남도 서천군 문산면,경상사고,0,0,1,0,차량단독 - 도로외이탈 - 기타,안전운전불이행,건조,맑음,교차로 - 교차로부근,승용,여,58세,경상,,,,
2019082500100339,2019년 8월 25일 16시,일요일,충청남도 보령시 동대동,경상사고,0,0,2,0,차대차 - 측면충돌,안전운전불이행,건조,맑음,교차로 - 교차로부근,승용,남,51세,상해없음,승용,남,24세,경상
2019082500100363,2019년 8월 25일 17시,일요일,충청남도 아산시 배방읍,경상사고,0,0,1,0,차량단독 - 기타,안전운전불이행,건조,맑음,단일로 - 기타,승합,남,52세,상해없음,,,,
2019082500100364,2019년 8월 25일 17시,일요일,충청남도 공주시 계룡면,경상사고,0,0,1,1,차대차 - 측면충돌,안전운전불이행,건조,맑음,단일로 - 기타,승용,남,77세,상해없음,승용,여,33세,경상
2019082500100365,2019년 8월 25일 17시,일요일,충청남도 천안시 동남구 청수동,경상사고,0,0,3,0,차대차 - 측면충돌,차로위반,건조,맑음,단일로 - 기타,승용,여,24세,상해없음,승용,남,25세,경상
2019082500100397,2019년 8월 25일 18시,일요일,충청남도 서산시 읍내동,경상사고,0,0,1,0,차대차 - 측면충돌,기타,건조,맑음,교차로 - 교차로부근,승용,남,52세,기타불명,자전거,남,30세,경상
2019082500100398,2019년 8월 25일 18시,일요일,충청남도 천안시 서북구 성정동,경상사고,0,0,1,0,차대차 - 추돌,안전운전불이행,건조,맑음,교차로 - 교차로안,승용,남,35세,상해없음,승용,남,29세,경상
2019082500100399,2019년 8월 25일 18시,일요일,충청남도 아산시 배방읍,사망사고,1,0,0,0,차량단독 - 전도전복 - 전도,안전운전불이행,건조,맑음,기타 - 기타,자전거,남,68세,사망,,,,
2019082500100437,2019년 8월 25일 19시,일요일,충청남도 서산시 동문동,경상사고,0,0,1,0,차대사람 - 기타,안전운전불이행,건조,맑음,교차로 - 교차로부근,승용,남,60세,상해없음,보행자,여,72세,경상
2019082500100438,2019년 8월 25일 19시,일요일,충청남도 홍성군 홍성읍,경상사고,0,0,2,0,차대차 - 측면충돌,안전운전불이행,건조,맑음,교차로 - 교차로안,승용,남,55세,상해없음,승용,남,48세,경상
2019082500100471,2019년 8월 25일 20시,일요일,충청남도 서산시 동문동,중상사고,0,1,0,0,차대사람 - 길가장자리구역통행중,신호위반,건조,맑음,단일로 - 기타,승용,남,32세,상해없음,보행자,남,50세,중상
2019082500100472,2019년 8월 25일 20시,일요일,충청남도 천안시 서북구 성정동,사망사고,1,0,1,0,차대사람 - 횡단중,보행자보호의무위반,건조,맑음,단일로 - 기타,승용,남,58세,상해없음,보행자,남,64세,사망
2019082500100473,2019년 8월 25일 20시,일요일,충청남도 부여군 부여읍,경상사고,0,0,1,0,차대차 - 기타,기타,건조,맑음,기타 - 기타,자전거,여,67세,경상,화물,남,80세,상해없음
2019082500100532,2019년 8월 25일 23시,일요일,충청남도 당진시 읍내리,경상사고,0,0,1,0,차대차 - 측면충돌,안전거리미확보,건조,맑음,교차로 - 교차로안,승용,남,44세,상해없음,승용,남,23세,경상
2019082600100036,2019년 8월 26일 00시,월요일,충청남도 서산시 석남동,경상사고,0,0,1,0,차량단독 - 공작물충돌,안전운전불이행,건조,맑음,교차로 - 교차로부근,원동기,남,44세,경상,,,,
2019082600100037,2019년 8월 26일 00시,월요일,충청남도 천안시 서북구 성정동,중상사고,0,1,0,0,차대차 - 측면충돌,안전거리미확보,건조,맑음,단일로 - 기타,승용,남,68세,상해없음,이륜,남,24세,중상
2019082600100038,2019년 8월 26일 00시,월요일,충청남도 계룡시 두마면,경상사고,0,0,1,0,차대차 - 추돌,안전운전불이행,건조,맑음,단일로 - 기타,승용,남,26세,경상,승용,남,77세,상해없음
2019082600100062,2019년 8월 26일 04시,월요일,충청남도 천안시 서북구 불당동,경상사고,0,0,2,0,차대차 - 기타,안전운전불이행,건조,맑음,교차로 - 교차로부근,승용,남,25세,상해없음,승용,남,32세,경상
2019082600100072,2019년 8월 26일 05시,월요일,충청남도 태안군 태안읍,경상사고,0,0,2,0,차대차 - 정면충돌,중앙선침범,건조,맑음,교차로 - 교차로부근,승용,남,68세,경상,화물,남,43세,경상
2019082600100089,2019년 8월 26일 06시,월요일,충청남도 서산시 해미면,경상사고,0,0,1,0,차대차 - 측면충돌,안전거리미확보,건조,맑음,교차로 - 교차로안,승용,남,66세,상해없음,자전거,남,66세,경상
2019082600100090,2019년 8월 26일 06시,월요일,충청남도 서천군 서천읍,경상사고,0,0,1,0,차대차 - 측면충돌,안전거리미확보,건조,맑음,단일로 - 기타,건설기계,남,54세,상해없음,승용,여,42세,경상
2019082600100122,2019년 8월 26일 07시,월요일,충청남도 공주시 반포면,중상사고,0,1,0,0,차량단독 - 공작물충돌,안전운전불이행,건조,맑음,단일로 - 터널,승용,남,64세,중상,,,,
2019082600100123,2019년 8월 26일 07시,월요일,충청남도 천안시 동남구 신방동,중상사고,0,1,0,0,차대차 - 측면충돌,교차로운행방법위반,건조,맑음,교차로 - 교차로부근,승합,여,57세,상해없음,이륜,남,34세,중상
2019082600100155,2019년 8월 26일 08시,월요일,충청남도 아산시 배방읍,중상사고,0,1,0,0,차대차 - 기타,안전운전불이행,건조,맑음,교차로 - 교차로안,승용,여,40세,기타불명,원동기,남,38세,중상
2019082600100195,2019년 8월 26일 09시,월요일,충청남도 천안시 동남구 청수동,경상사고,0,0,1,0,차대차 - 추돌,안전운전불이행,건조,맑음,교차로 - 교차로부근,승용,남,58세,상해없음,승용,여,31세,경상
2019082600100196,2019년 8월 26일 09시,월요일,충청남도 태안군 안면읍,중상사고,0,1,0,0,차대차 - 측면충돌,안전운전불이행,건조,맑음,교차로 - 교차로부근,화물,남,78세,상해없음,이륜,남,77세,중상
2019082600100277,2019년 8월 26일 11시,월요일,충청남도 천안시 서북구 두정동,중상사고,0,1,0,0,차대사람 - 기타,안전운전불이행,건조,맑음,교차로 - 교차로안,승용,여,44세,상해없음,보행자,여,90세 이상,중상
2019082600100318,2019년 8월 26일 12시,월요일,충청남도 서산시 예천동,중상사고,0,1,0,0,차대차 - 측면충돌,안전운전불이행,건조,맑음,단일로 - 기타,승용,여,21세,상해없음,원동기,남,40세,중상
2019082600100319,2019년 8월 26일 12시,월요일,충청남도 당진시 신평면,중상사고,0,1,0,0,차대차 - 측면충돌,교차로운행방법위반,건조,맑음,교차로 - 교차로안,화물,남,61세,상해없음,사륜오토바이(ATV),남,78세,중상
2019082600100349,2019년 8월 26일 13시,월요일,충청남도 서산시 대산읍,부상신고사고,0,0,0,1,차량단독 - 공작물충돌,안전운전불이행,건조,맑음,단일로 - 기타,농기계,남,79세,부상신고,,,,
2019082600100428,2019년 8월 26일 15시,월요일,충청남도 서산시 예천동,경상사고,0,0,1,0,차대차 - 추돌,안전거리미확보,건조,맑음,교차로 - 교차로안,승용,남,61세,상해없음,승용,여,34세,경상
2019082600100473,2019년 8월 26일 16시,월요일,충청남도 태안군 안면읍,사망사고,1,5,0,0,차대차 - 정면충돌,중앙선침범,건조,맑음,기타 - 기타,승용,남,68세,사망,승용,남,48세,중상
2019082600100600,2019년 8월 26일 19시,월요일,충청남도 서산시 대산읍,중상사고,0,1,0,0,차대차 - 추돌,안전운전불이행,건조,맑음,단일로 - 기타,승용,남,66세,상해없음,농기계,남,69세,중상
2019082600100601,2019년 8월 26일 19시,월요일,충청남도 홍성군 홍북읍,중상사고,0,1,0,0,차대차 - 측면충돌,신호위반,건조,맑음,교차로 - 교차로안,승합,남,35세,상해없음,이륜,남,35세,중상
2019082600100602,2019년 8월 26일 19시,월요일,충청남도 보령시 남포면,중상사고,0,1,0,0,차대사람 - 횡단중,안전운전불이행,건조,맑음,단일로 - 기타,승용,여,64세,상해없음,보행자,여,79세,중상
2019082600100637,2019년 8월 26일 20시,월요일,충청남도 서산시 읍내동,중상사고,0,1,0,0,차대사람 - 길가장자리구역통행중,안전운전불이행,건조,맑음,단일로 - 기타,승용,여,44세,기타불명,보행자,남,7세,중상
2019082600100638,2019년 8월 26일 20시,월요일,충청남도 천안시 서북구 두정동,중상사고,0,1,0,0,차대차 - 측면충돌,신호위반,건조,맑음,교차로 - 교차로안,자전거,남,14세,중상,승용,남,40세,상해없음
2019082600100685,2019년 8월 26일 22시,월요일,충청남도 천안시 동남구 신부동,경상사고,0,0,1,0,차대차 - 기타,차로위반,건조,맑음,단일로 - 기타,승용,여,21세,상해없음,승용,남,49세,상해없음
2019082600100717,2019년 8월 26일 23시,월요일,충청남도 천안시 서북구 성정동,경상사고,0,0,3,0,차대차 - 추돌,안전운전불이행,건조,맑음,단일로 - 기타,승용,남,58세,상해없음,승용,남,56세,경상
2019082700100059,2019년 8월 27일 02시,화요일,충청남도 천안시 서북구 불당동,중상사고,0,1,0,0,차대사람 - 기타,안전운전불이행,건조,맑음,단일로 - 기타,승용,여,58세,상해없음,보행자,남,26세,중상
2019082700100097,2019년 8월 27일 06시,화요일,충청남도 천안시 서북구 백석동,중상사고,0,2,9,0,차대차 - 측면충돌,신호위반,젖음/습기,비,교차로 - 교차로안,승합,남,52세,상해없음,승용,남,49세,경상
2019082700100159,2019년 8월 27일 08시,화요일,충청남도 당진시 송산면,경상사고,0,0,1,0,차대차 - 측면충돌,중앙선침범,건조,맑음,단일로 - 기타,승용,남,42세,상해없음,승용,남,28세,경상
2019082700100204,2019년 8월 27일 09시,화요일,충청남도 서산시 성연면,경상사고,0,0,1,0,차대차 - 추돌,안전운전불이행,건조,맑음,교차로 - 교차로부근,화물,남,59세,상해없음,승용,남,49세,상해없음
2019082700100205,2019년 8월 27일 09시,화요일,충청남도 천안시 서북구 직산읍,경상사고,0,0,1,0,차대차 - 기타,신호위반,젖음/습기,비,교차로 - 교차로안,승용,여,63세,상해없음,승용,남,43세,경상
2019082700100206,2019년 8월 27일 09시,화요일,충청남도 청양군 청양읍,경상사고,0,0,1,0,차대차 - 측면충돌,안전운전불이행,건조,맑음,기타 - 기타,승용,여,50세,상해없음,이륜,남,67세,경상
2019082700100235,2019년 8월 27일 10시,화요일,충청남도 홍성군 홍성읍,중상사고,0,1,0,0,차대차 - 측면충돌,교차로운행방법위반,건조,맑음,교차로 - 교차로안,승용,남,52세,상해없음,이륜,남,63세,중상
2019082700100236,2019년 8월 27일 10시,화요일,충청남도 아산시 둔포면,경상사고,0,0,1,0,차대차 - 기타,신호위반,건조,맑음,교차로 - 교차로안,승용,남,25세,상해없음,승용,남,24세,경상
2019082700100237,2019년 8월 27일 10시,화요일,충청남도 태안군 원북면,중상사고,0,1,0,0,차량단독 - 기타,안전운전불이행,건조,맑음,단일로 - 기타,승합,남,35세,상해없음,,,,
2019082700100265,2019년 8월 27일 11시,화요일,충청남도 논산시 연산면,경상사고,0,0,1,0,차대차 - 정면충돌,교차로운행방법위반,건조,맑음,교차로 - 교차로안,원동기,여,71세,경상,승용,여,62세,상해없음
2019082700100294,2019년 8월 27일 12시,화요일,충청남도 서산시 성연면,경상사고,0,0,6,0,차대차 - 추돌,안전거리미확보,건조,맑음,교차로 - 교차로부근,화물,남,58세,상해없음,승용,남,40세,경상
2019082700100295,2019년 8월 27일 12시,화요일,충청남도 천안시 서북구 쌍용동,경상사고,0,0,5,0,차대차 - 추돌,안전운전불이행,건조,맑음,교차로 - 교차로안,화물,남,57세,상해없음,화물,남,62세,경상
2019082700100296,2019년 8월 27일 12시,화요일,충청남도 천안시 동남구 병천면,경상사고,0,0,1,0,차대차 - 측면충돌,직진우회전진행방해,건조,맑음,교차로 - 교차로안,승용,남,61세,상해없음,승용,여,24세,경상
2019082700100316,2019년 8월 27일 13시,화요일,충청남도 서산시 석남동,중상사고,0,2,0,0,차대차 - 추돌,안전운전불이행,건조,맑음,교차로 - 교차로부근,승용,남,57세,상해없음,승용,남,65세,중상
2019082700100317,2019년 8월 27일 13시,화요일,충청남도 당진시 신평면,중상사고,0,2,0,0,차대차 - 정면충돌,신호위반,건조,맑음,교차로 - 교차로안,승용,여,36세,기타불명,승용,여,46세,중상
2019082700100358,2019년 8월 27일 14시,화요일,충청남도 아산시 인주면,경상사고,0,0,1,0,차대차 - 후진중충돌,중앙선침범,건조,맑음,단일로 - 기타,승용,남,50세,상해없음,승용,남,73세,경상
2019082700100399,2019년 8월 27일 15시,화요일,충청남도 천안시 서북구 백석동,경상사고,0,0,1,0,차대차 - 기타,안전운전불이행,건조,맑음,교차로 - 교차로부근,건설기계,남,67세,상해없음,승용,남,27세,경상
2019082700100400,2019년 8월 27일 15시,화요일,충청남도 아산시 영인면,경상사고,0,0,1,0,차대차 - 정면충돌,안전운전불이행,건조,맑음,단일로 - 기타,화물,남,59세,상해없음,승용,남,65세,경상
2019082700100430,2019년 8월 27일 16시,화요일,충청남도 천안시 서북구 성정동,경상사고,0,0,1,0,차대차 - 기타,교차로운행방법위반,건조,맑음,교차로 - 교차로안,승용,여,60세,상해없음,승용,여,27세,경상
2019082700100431,2019년 8월 27일 16시,화요일,충청남도 당진시 송산면,중상사고,0,1,0,0,차대사람 - 차도통행중,안전운전불이행,건조,맑음,단일로 - 기타,승용,남,63세,상해없음,보행자,남,64세,중상
2019082700100474,2019년 8월 27일 17시,화요일,충청남도 천안시 서북구 쌍용동,경상사고,0,0,1,0,차대사람 - 횡단중,안전운전불이행,건조,맑음,단일로 - 기타,승합,남,60세,상해없음,보행자,남,7세,경상
2019082700100475,2019년 8월 27일 17시,화요일,충청남도 논산시 연무읍,경상사고,0,0,1,0,차대차 - 측면충돌,중앙선침범,건조,맑음,교차로 - 교차로부근,원동기,남,80세,경상,승용,남,27세,상해없음
2019082700100476,2019년 8월 27일 17시,화요일,충청남도 아산시 음봉면,경상사고,0,0,1,0,차대차 - 정면충돌,안전운전불이행,건조,맑음,교차로 - 교차로안,승용,남,23세,상해없음,승용,남,40세,경상
2019082700100477,2019년 8월 27일 17시,화요일,충청남도 태안군 남면,중상사고,0,1,0,0,차대차 - 측면충돌,신호위반,건조,맑음,교차로 - 교차로안,건설기계,남,56세,상해없음,승용,여,65세,중상
2019082700100514,2019년 8월 27일 18시,화요일,충청남도 천안시 서북구 불당동,경상사고,0,0,2,0,차대차 - 추돌,안전운전불이행,건조,맑음,교차로 - 교차로안,승용,여,45세,경상,이륜,남,29세,경상
2019082700100515,2019년 8월 27일 18시,화요일,충청남도 공주시 신관동,경상사고,0,0,1,0,차대차 - 추돌,안전운전불이행,건조,맑음,교차로 - 교차로부근,승용,여,36세,상해없음,승용,여,28세,경상
2019082700100552,2019년 8월 27일 19시,화요일,충청남도 서산시 동문동,경상사고,0,0,2,0,차대차 - 측면충돌,직진우회전진행방해,건조,맑음,교차로 - 교차로안,이륜,여,62세,경상,승용,여,59세,경상
2019082700100553,2019년 8월 27일 19시,화요일,충청남도 서산시 운산면,경상사고,0,0,1,0,차량단독 - 전도전복 - 전도,안전운전불이행,건조,맑음,단일로 - 기타,이륜,남,69세,경상,,,,
2019082700100554,2019년 8월 27일 19시,화요일,충청남도 천안시 동남구 청수동,경상사고,0,0,5,0,차대차 - 추돌,신호위반,건조,맑음,교차로 - 교차로안,승용,여,65세,상해없음,승용,남,24세,경상
2019082700100555,2019년 8월 27일 19시,화요일,충청남도 천안시 동남구 신부동,경상사고,0,0,1,0,차대차 - 추돌,안전운전불이행,건조,맑음,단일로 - 기타,승용,남,66세,상해없음,승용,남,35세,경상
2019082700100597,2019년 8월 27일 20시,화요일,충청남도 공주시 산성동,경상사고,0,0,2,0,차대사람 - 횡단중,보행자보호의무위반,건조,맑음,교차로 - 교차로횡단보도내,승용,여,60세,경상,보행자,여,15세,경상
2019082700100627,2019년 8월 27일 21시,화요일,충청남도 천안시 서북구 성환읍,경상사고,0,0,1,0,차대차 - 추돌,안전운전불이행,건조,맑음,교차로 - 교차로부근,승용,남,46세,상해없음,승용,여,68세,경상
2019082700100628,2019년 8월 27일 21시,화요일,충청남도 아산시 권곡동,경상사고,0,0,1,0,차대사람 - 기타,안전운전불이행,건조,맑음,교차로 - 교차로부근,승용,여,38세,상해없음,보행자,여,81세,경상
2019082700100643,2019년 8월 27일 22시,화요일,충청남도 천안시 서북구 두정동,경상사고,0,0,1,0,차대사람 - 기타,안전운전불이행,건조,맑음,교차로 - 교차로횡단보도내,승용,남,61세,상해없음,보행자,남,31세,경상
2019082700100644,2019년 8월 27일 22시,화요일,충청남도 아산시 영인면,경상사고,0,0,1,1,차대차 - 추돌,안전운전불이행,건조,맑음,단일로 - 기타,승용,남,40세,부상신고,화물,남,38세,경상
2019082700100663,2019년 8월 27일 23시,화요일,충청남도 천안시 서북구 성정동,중상사고,0,3,0,0,차대차 - 정면충돌,직진우회전진행방해,건조,맑음,교차로 - 교차로안,이륜,남,30세,중상,이륜,남,33세,중상
2019082700100664,2019년 8월 27일 23시,화요일,충청남도 아산시 남동,경상사고,0,0,1,0,차대차 - 추돌,안전운전불이행,건조,맑음,단일로 - 기타,승용,남,29세,상해없음,승용,여,63세,경상
2019082800100031,2019년 8월 28일 00시,수요일,충청남도 천안시 동남구 풍세면,사망사고,1,0,0,0,차대사람 - 기타,안전운전불이행,건조,맑음,단일로 - 기타,승용,남,51세,상해없음,보행자,여,50세,사망
2019082800100041,2019년 8월 28일 01시,수요일,충청남도 논산시 광석면,부상신고사고,0,0,0,1,차대차 - 측면충돌,신호위반,건조,맑음,교차로 - 교차로안,승용,여,54세,부상신고,승용,남,61세,상해없음
2019082800100042,2019년 8월 28일 01시,수요일,충청남도 홍성군 홍북읍,경상사고,0,0,5,0,차대차 - 측면충돌,신호위반,건조,맑음,교차로 - 교차로안,승용,여,37세,경상,승용,남,31세,경상
2019082800100056,2019년 8월 28일 03시,수요일,충청남도 천안시 동남구 원성동,중상사고,0,1,0,0,차대차 - 측면충돌,교차로운행방법위반,건조,맑음,교차로 - 교차로안,승용,남,70세,상해없음,이륜,남,22세,중상
2019082800100100,2019년 8월 28일 07시,수요일,충청남도 천안시 서북구 성거읍,중상사고,0,1,0,0,차량단독 - 기타,안전운전불이행,건조,맑음,기타 - 기타,특수,남,47세,중상,,,,
2019082800100211,2019년 8월 28일 10시,수요일,충청남도 당진시 채운동,중상사고,0,1,0,0,차대사람 - 차도통행중,보행자보호의무위반,건조,맑음,단일로 - 기타,화물,남,69세,상해없음,보행자,여,66세,중상
2019082800100244,2019년 8월 28일 11시,수요일,충청남도 청양군 화성면,중상사고,0,1,0,0,차대사람 - 차도통행중,안전운전불이행,건조,맑음,교차로 - 교차로부근,승용,여,57세,상해없음,보행자,여,78세,중상
2019082800100271,2019년 8월 28일 12시,수요일,충청남도 천안시 동남구 청당동,경상사고,0,0,2,0,차대차 - 추돌,안전운전불이행,건조,맑음,단일로 - 기타,화물,남,37세,상해없음,승용,남,69세,경상
2019082800100302,2019년 8월 28일 13시,수요일,충청남도 보령시 신흑동,경상사고,0,0,1,0,차대차 - 측면충돌,신호위반,건조,맑음,교차로 - 교차로안,승합,남,38세,상해없음,승용,남,44세,경상
2019082800100303,2019년 8월 28일 13시,수요일,충청남도 천안시 동남구 다가동,부상신고사고,0,0,0,1,차량단독 - 기타,안전운전불이행,건조,맑음,교차로 - 교차로안,승용,남,46세,상해없음,,,,
2019082800100336,2019년 8월 28일 14시,수요일,충청남도 서산시 예천동,중상사고,0,1,1,0,차대차 - 추돌,교차로운행방법위반,건조,맑음,교차로 - 교차로안,승용,남,59세,상해없음,승용,남,53세,경상
2019082800100407,2019년 8월 28일 16시,수요일,충청남도 천안시 동남구 신부동,경상사고,0,0,1,0,차대차 - 측면충돌,안전운전불이행,건조,맑음,단일로 - 기타,승용,남,25세,경상,화물,남,57세,상해없음
2019082800100443,2019년 8월 28일 17시,수요일,충청남도 천안시 서북구 두정동,경상사고,0,0,1,0,차대차 - 측면충돌,신호위반,건조,맑음,교차로 - 교차로부근,승용,남,27세,상해없음,이륜,남,47세,경상
2019082800100444,2019년 8월 28일 17시,수요일,충청남도 아산시 인주면,경상사고,0,0,1,0,차대차 - 기타,안전운전불이행,건조,맑음,교차로 - 교차로부근,화물,남,35세,상해없음,이륜,남,78세,경상
2019082800100445,2019년 8월 28일 17시,수요일,충청남도 아산시 온천동,경상사고,0,0,1,0,차대사람 - 길가장자리구역통행중,안전운전불이행,건조,맑음,단일로 - 기타,기타불명,기타불명,미분류,기타불명,보행자,여,52세,경상
2019082800100446,2019년 8월 28일 17시,수요일,충청남도 예산군 삽교읍,경상사고,0,0,1,0,차대차 - 측면충돌,직진우회전진행방해,건조,맑음,교차로 - 교차로안,화물,여,59세,상해없음,이륜,남,19세,경상
2019082800100489,2019년 8월 28일 18시,수요일,충청남도 서산시 예천동,부상신고사고,0,0,0,1,차대차 - 기타,안전운전불이행,건조,맑음,교차로 - 교차로부근,자전거,남,9세,부상신고,승용,남,48세,상해없음
2019082800100490,2019년 8월 28일 18시,수요일,충청남도 예산군 예산읍,중상사고,0,1,2,0,차대차 - 정면충돌,직진우회전진행방해,건조,맑음,교차로 - 교차로안,승용,남,31세,상해없음,승용,여,60세,중상
2019082800100491,2019년 8월 28일 18시,수요일,충청남도 예산군 고덕면,중상사고,0,1,0,0,차대차 - 정면충돌,중앙선침범,건조,맑음,교차로 - 교차로부근,승용,남,51세,상해없음,승용,남,61세,중상
2019082800100540,2019년 8월 28일 19시,수요일,충청남도 천안시 서북구 성정동,경상사고,0,0,2,0,차대차 - 추돌,신호위반,건조,맑음,교차로 - 교차로안,승용,여,62세,상해없음,승용,남,42세,경상
2019082800100541,2019년 8월 28일 19시,수요일,충청남도 공주시 우성면,경상사고,0,0,2,0,차대차 - 측면충돌,안전운전불이행,건조,맑음,단일로 - 기타,화물,남,59세,상해없음,승용,남,58세,경상
2019082800100595,2019년 8월 28일 21시,수요일,충청남도 공주시 검상동,중상사고,0,1,0,0,차량단독 - 전도전복 - 전도,안전운전불이행,건조,맑음,단일로 - 기타,이륜,남,72세,중상,,,,