사고번호,사고일시,요일,시군구,사고내용,사망자수,중상자수,경상자수,부상신고자수,사고유형,법규위반,노면상태,기상상태,도로형태,가해운전자 차종,가해운전자 성별,가해운전자 연령,가해운전자 상해정도,피해운전자 차종,피해운전자 성별,피해운전자 연령,피해운전자 상해정도
2019090200100193,2019년 9월 2일 09시,월요일,충청남도 서산시 대산읍,경상사고,0,0,1,0,차대차 - 측면충돌,신호위반,건조,맑음,교차로 - 교차로안,특수,남,61세,상해없음,화물,남,44세,경상
2019090200100233,2019년 9월 2일 10시,월요일,충청남도 공주시 정안면,중상사고,0,1,5,0,차대차 - 추돌,안전운전불이행,건조,맑음,단일로 - 기타,화물,남,37세,상해없음,승용,남,24세,경상
2019090200100265,2019년 9월 2일 11시,월요일,충청남도 천안시 서북구 성정동,경상사고,0,0,1,0,차대차 - 측면충돌,교차로운행방법위반,건조,맑음,교차로 - 교차로안,이륜,남,54세,경상,승용,남,58세,상해없음
2019090200100266,2019년 9월 2일 11시,월요일,충청남도 공주시 금성동,경상사고,0,0,1,0,차대사람 - 기타,안전운전불이행,건조,맑음,기타 - 기타,승용,여,62세,상해없음,보행자,남,58세,경상
2019090200100308,2019년 9월 2일 12시,월요일,충청남도 천안시 서북구 성환읍,경상사고,0,0,1,0,차대차 - 측면충돌,안전운전불이행,건조,맑음,교차로 - 교차로부근,승용,남,63세,상해없음,이륜,남,31세,경상
2019090200100344,2019년 9월 2일 13시,월요일,충청남도 서산시 해미면,중상사고,0,3,0,0,차대차 - 측면충돌,직진우회전진행방해,건조,맑음,교차로 - 교차로안,승용,남,79세,중상,화물,남,70세,중상
2019090200100345,2019년 9월 2일 13시,월요일,충청남도 천안시 서북구 직산읍,경상사고,0,0,2,0,차대차 - 측면충돌,교차로운행방법위반,건조,맑음,교차로 - 교차로안,특수,남,46세,경상,화물,남,53세,경상
2019090200100346,2019년 9월 2일 13시,월요일,충청남도 예산군 예산읍,사망사고,1,0,4,0,차대차 - 기타,중앙선침범,건조,흐림,교차로 - 교차로부근,승용,남,71세,사망,승용,여,57세,경상
2019090200100386,2019년 9월 2일 14시,월요일,충청남도 천안시 서북구 두정동,경상사고,0,0,2,1,차대차 - 측면충돌,교차로운행방법위반,건조,맑음,교차로 - 교차로안,승용,여,23세,상해없음,승용,남,40세,경상
2019090200100415,2019년 9월 2일 15시,월요일,충청남도 천안시 서북구 성환읍,경상사고,0,0,1,0,차대차 - 추돌,안전운전불이행,건조,맑음,단일로 - 기타,승용,남,40세,상해없음,자전거,남,26세,경상
2019090200100416,2019년 9월 2일 15시,월요일,충청남도 계룡시 엄사면,경상사고,0,0,2,1,차대차 - 측면충돌,신호위반,건조,맑음,교차로 - 교차로안,승용,남,58세,부상신고,승용,남,81세,경상
2019090200100417,2019년 9월 2일 15시,월요일,충청남도 천안시 동남구 수신면,경상사고,0,0,1,0,차대차 - 측면충돌,안전거리미확보,건조,맑음,단일로 - 기타,이륜,남,84세,경상,승용,여,29세,상해없음
2019090200100453,2019년 9월 2일 16시,월요일,충청남도 서산시 성연면,경상사고,0,0,5,0,차대차 - 추돌,안전운전불이행,건조,맑음,단일로 - 기타,승합,남,71세,상해없음,승합,남,56세,상해없음
2019090200100454,2019년 9월 2일 16시,월요일,충청남도 당진시 대덕리,중상사고,0,1,0,0,차대사람 - 기타,안전운전불이행,건조,맑음,단일로 - 기타,승용,여,56세,상해없음,보행자,남,10세,중상
2019090200100455,2019년 9월 2일 16시,월요일,충청남도 천안시 동남구 광덕면,경상사고,0,0,1,0,차대차 - 기타,안전운전불이행,건조,맑음,단일로 - 기타,승용,남,56세,상해없음,승용,남,45세,경상
2019090200100484,2019년 9월 2일 17시,월요일,충청남도 천안시 서북구 불당동,경상사고,0,0,1,0,차대차 - 기타,안전운전불이행,건조,맑음,교차로 - 교차로횡단보도내,기타불명,기타불명,미분류,기타불명,자전거,남,12세,경상
2019090200100485,2019년 9월 2일 17시,월요일,충청남도 서천군 서면,중상사고,0,1,0,0,차대차 - 측면충돌,교차로운행방법위반,건조,맑음,교차로 - 교차로안,이륜,남,71세,중상,화물,남,64세,상해없음
2019090200100533,2019년 9월 2일 18시,월요일,충청남도 보령시 동대동,경상사고,0,0,1,0,차대차 - 측면충돌,직진우회전진행방해,건조,흐림,교차로 - 교차로안,승용,남,58세,상해없음,승용,여,41세,경상
2019090200100586,2019년 9월 2일 19시,월요일,충청남도 서산시 석남동,경상사고,0,0,1,0,차대차 - 측면충돌,중앙선침범,건조,맑음,단일로 - 기타,승용,남,35세,상해없음,이륜,남,28세,경상
2019090200100587,2019년 9월 2일 19시,월요일,충청남도 아산시 음봉면,경상사고,0,0,1,0,차대차 - 추돌,안전운전불이행,건조,맑음,교차로 - 교차로부근,이륜,남,36세,상해없음,승용,남,45세,경상
2019090200100588,2019년 9월 2일 19시,월요일,충청남도 천안시 동남구 목천읍,중상사고,0,1,0,0,차대차 - 추돌,안전운전불이행,건조,맑음,단일로 - 기타,승용,남,27세,상해없음,승용,남,47세,중상
2019090200100589,2019년 9월 2일 19시,월요일,충청남도 태안군 안면읍,사망사고,1,0,0,0,차량단독 - 공작물충돌,안전운전불이행,건조,맑음,기타 - 기타,화물,남,75세,사망,,,,
2019090200100647,2019년 9월 2일 20시,월요일,충청남도 아산시 배방읍,경상사고,0,0,1,0,차대차 - 측면충돌,중앙선침범,건조,맑음,단일로 - 기타,승용,여,19세,상해없음,승용,여,45세,경상
2019090200100648,2019년 9월 2일 20시,월요일,충청남도 천안시 동남구 목천읍,중상사고,0,1,0,0,차대사람 - 횡단중,안전운전불이행,건조,맑음,단일로 - 기타,승용,남,30세,상해없음,보행자,남,47세,중상
2019090200100715,2019년 9월 2일 22시,월요일,충청남도 서산시 성연면,경상사고,0,0,1,0,차량단독 - 전도전복 - 전도,안전운전불이행,건조,맑음,교차로 - 교차로부근,이륜,남,42세,경상,,,,
2019090200100716,2019년 9월 2일 22시,월요일,충청남도 아산시 풍기동,중상사고,0,1,0,0,차대차 - 정면충돌,신호위반,건조,기타,교차로 - 교차로안,승용,남,26세,상해없음,화물,남,37세,중상
2019090200100717,2019년 9월 2일 22시,월요일,충청남도 천안시 동남구 문화동,경상사고,0,0,1,0,차대사람 - 길가장자리구역통행중,안전운전불이행,건조,맑음,단일로 - 기타,승용,남,64세,상해없음,보행자,남,22세,경상
2019090300100027,2019년 9월 3일 00시,화요일,충청남도 서산시 동문동,경상사고,0,0,1,0,차대차 - 측면충돌,신호위반,건조,맑음,교차로 - 교차로안,승합,여,58세,상해없음,승용,여,57세,경상
2019090300100051,2019년 9월 3일 02시,화요일,충청남도 논산시 취암동,경상사고,0,0,1,0,차대차 - 기타,안전운전불이행,젖음/습기,흐림,단일로 - 기타,승용,남,36세,상해없음,승용,남,30세,경상
2019090300100052,2019년 9월 3일 02시,화요일,충청남도 천안시 동남구 봉명동,중상사고,0,1,2,0,차대차 - 기타,안전운전불이행,건조,맑음,교차로 - 교차로안,승용,남,40세,상해없음,승용,남,60세,경상
2019090300100069,2019년 9월 3일 05시,화요일,충청남도 홍성군 광천읍,사망사고,1,0,0,0,차대사람 - 길가장자리구역통행중,안전운전불이행,건조,맑음,단일로 - 기타,화물,남,56세,상해없음,보행자,남,79세,사망
2019090300100070,2019년 9월 3일 05시,화요일,충청남도 아산시 배방읍,중상사고,0,1,0,0,차대차 - 추돌,안전운전불이행,젖음/습기,비,교차로 - 교차로부근,승용,여,30세,기타불명,승용,여,37세,중상
2019090300100071,2019년 9월 3일 05시,화요일,충청남도 당진시 원당리,중상사고,0,1,0,0,차대차 - 추돌,안전운전불이행,건조,맑음,단일로 - 기타,승용,남,45세,상해없음,농기계,남,69세,중상
2019090300100142,2019년 9월 3일 08시,화요일,충청남도 천안시 서북구 백석동,경상사고,0,0,1,0,차대차 - 정면충돌,안전운전불이행,건조,맑음,교차로 - 교차로안,승용,여,33세,상해없음,승용,여,53세,경상
2019090300100143,2019년 9월 3일 08시,화요일,충청남도 아산시 둔포면,경상사고,0,0,2,0,차대차 - 측면충돌,중앙선침범,젖음/습기,비,단일로 - 기타,승용,남,44세,상해없음,승용,남,30세,경상
2019090300100144,2019년 9월 3일 08시,화요일,충청남도 아산시 온천동,중상사고,0,1,0,0,차대차 - 기타,안전운전불이행,건조,맑음,교차로 - 교차로안,승용,여,49세,상해없음,이륜,남,49세,중상
2019090300100145,2019년 9월 3일 08시,화요일,충청남도 아산시 탕정면,경상사고,0,0,1,0,차대차 - 정면충돌,안전운전불이행,건조,맑음,교차로 - 교차로부근,승용,남,23세,상해없음,승용,여,49세,경상
2019090300100146,2019년 9월 3일 08시,화요일,충청남도 당진시 고대면,경상사고,0,0,2,0,차대차 - 측면충돌,교차로운행방법위반,건조,맑음,교차로 - 교차로안,승용,여,72세,상해없음,승용,남,75세,경상
2019090300100203,2019년 9월 3일 10시,화요일,충청남도 당진시 합덕읍,중상사고,0,1,0,0,차대차 - 측면충돌,안전운전불이행,건조,흐림,교차로 - 교차로안,승용,여,38세,상해없음,자전거,남,77세,중상
2019090300100204,2019년 9월 3일 10시,화요일,충청남도 당진시 정미면,경상사고,0,0,1,0,차대차 - 기타,중앙선침범,건조,흐림,단일로 - 기타,승용,남,22세,상해없음,승용,남,23세,경상
2019090300100239,2019년 9월 3일 11시,화요일,충청남도 태안군 태안읍,부상신고사고,0,0,0,1,차량단독 - 공작물충돌,안전운전불이행,건조,맑음,교차로 - 교차로부근,농기계,남,83세,부상신고,,,,
2019090300100274,2019년 9월 3일 12시,화요일,충청남도 서산시 잠홍동,중상사고,0,5,0,0,차대차 - 추돌,안전거리미확보,건조,맑음,교차로 - 교차로부근,승용,남,61세,상해없음,승용,여,51세,중상
2019090300100275,2019년 9월 3일 12시,화요일,충청남도 천안시 동남구 성남면,중상사고,0,1,1,0,차대차 - 추돌,안전운전불이행,건조,맑음,단일로 - 기타,화물,남,51세,중상,화물,남,55세,경상
2019090300100307,2019년 9월 3일 13시,화요일,충청남도 아산시 권곡동,중상사고,0,1,0,0,차대사람 - 차도통행중,안전운전불이행,건조,맑음,단일로 - 기타,화물,남,61세,상해없음,보행자,여,65세,중상
2019090300100308,2019년 9월 3일 13시,화요일,충청남도 천안시 동남구 안서동,경상사고,0,0,1,0,차대사람 - 기타,안전운전불이행,건조,맑음,단일로 - 기타,승용,여,61세,상해없음,보행자,여,22세,경상
2019090300100340,2019년 9월 3일 14시,화요일,충청남도 홍성군 홍성읍,경상사고,0,0,1,0,차대차 - 기타,안전운전불이행,건조,맑음,기타 - 기타,승용,남,52세,상해없음,화물,남,60세,경상
2019090300100341,2019년 9월 3일 14시,화요일,충청남도 공주시 금흥동,경상사고,0,0,2,0,차대차 - 측면충돌,안전운전불이행,건조,맑음,단일로 - 기타,승용,남,64세,기타불명,승용,남,30세,경상
2019090300100342,2019년 9월 3일 14시,화요일,충청남도 천안시 동남구 신부동,경상사고,0,0,1,0,차대차 - 추돌,안전거리미확보,건조,맑음,교차로 - 교차로안,특수,남,41세,상해없음,승용,남,29세,경상
2019090300100429,2019년 9월 3일 16시,화요일,충청남도 서천군 장항읍,경상사고,0,0,3,0,차대차 - 측면충돌,직진우회전진행방해,건조,맑음,교차로 - 교차로안,승용,남,52세,경상,승용,남,36세,경상
2019090300100430,2019년 9월 3일 16시,화요일,충청남도 천안시 동남구 구성동,경상사고,0,0,1,0,차대차 - 추돌,안전운전불이행,건조,맑음,교차로 - 교차로부근,이륜,남,19세,경상,승용,남,58세,상해없음
2019090300100431,2019년 9월 3일 16시,화요일,충청남도 천안시 동남구 목천읍,중상사고,0,1,0,0,차량단독 - 기타,안전운전불이행,건조,맑음,단일로 - 기타,자전거,남,71세,중상,,,,
2019090300100476,2019년 9월 3일 17시,화요일,충청남도 천안시 서북구 성정동,중상사고,0,1,0,0,차대사람 - 횡단중,보행자보호의무위반,건조,맑음,교차로 - 교차로횡단보도내,승용,여,42세,상해없음,보행자,여,61세,중상
2019090300100477,2019년 9월 3일 17시,화요일,충청남도 논산시 부창동,경상사고,0,0,1,1,차대차 - 정면충돌,직진우회전진행방해,건조,맑음,교차로 - 교차로안,승용,여,61세,부상신고,승용,남,36세,경상
2019090300100478,2019년 9월 3일 17시,화요일,충청남도 홍성군 홍성읍,경상사고,0,0,1,0,차대차 - 측면충돌,안전운전불이행,건조,맑음,교차로 - 교차로부근,화물,남,76세,상해없음,화물,여,71세,경상
2019090300100526,2019년 9월 3일 18시,화요일,충청남도 아산시 용화동,중상사고,0,1,0,0,차대사람 - 횡단중,보행자보호의무위반,건조,맑음,교차로 - 교차로횡단보도내,승용,여,47세,상해없음,보행자,여,48세,중상
2019090300100527,2019년 9월 3일 18시,화요일,충청남도 천안시 동남구 신부동,경상사고,0,0,1,0,차대차 - 기타,안전운전불이행,건조,맑음,교차로 - 교차로안,자전거,남,12세,경상,기타불명,기타불명,미분류,기타불명
2019090300100588,2019년 9월 3일 19시,화요일,충청남도 홍성군 홍성읍,중상사고,0,1,0,0,차대사람 - 기타,안전운전불이행,건조,맑음,기타 - 기타,화물,남,70세,상해없음,보행자,여,54세,중상
2019090300100589,2019년 9월 3일 19시,화요일,충청남도 천안시 동남구 신방동,경상사고,0,0,1,0,차대차 - 측면충돌,안전운전불이행,젖음/습기,흐림,단일로 - 기타,승용,여,33세,상해없음,승용,남,36세,경상
2019090300100648,2019년 9월 3일 20시,화요일,충청남도 보령시 대천동,경상사고,0,0,1,0,차대사람 - 횡단중,안전운전불이행,건조,맑음,교차로 - 교차로안,승용,여,48세,상해없음,보행자,여,80세,경상
2019090300100679,2019년 9월 3일 21시,화요일,충청남도 천안시 서북구 성정동,경상사고,0,0,1,0,차대차 - 측면충돌,안전거리미확보,건조,맑음,단일로 - 고가도로위,승용,남,25세,상해없음,이륜,남,25세,경상
2019090400100050,2019년 9월 4일 03시,수요일,충청남도 논산시 대교동,중상사고,0,1,2,0,차대차 - 측면충돌,신호위반,건조,맑음,교차로 - 교차로안,승용,여,50세,경상,화물,남,69세,경상
2019090400100092,2019년 9월 4일 07시,수요일,충청남도 아산시 신창면,경상사고,0,0,1,0,차대차 - 기타,안전운전불이행,젖음/습기,비,단일로 - 기타,승용,남,61세,상해없음,승용,여,27세,상해없음
2019090400100132,2019년 9월 4일 08시,수요일,충청남도 천안시 서북구 입장면,경상사고,0,0,2,0,차대차 - 측면충돌,신호위반,건조,맑음,교차로 - 교차로안,승용,여,63세,상해없음,승용,남,44세,경상
2019090400100170,2019년 9월 4일 09시,수요일,충청남도 예산군 예산읍,경상사고,0,0,1,0,차대차 - 기타,안전운전불이행,젖음/습기,비,교차로 - 교차로안,이륜,남,79세,경상,승합,남,61세,기타불명
2019090400100207,2019년 9월 4일 10시,수요일,충청남도 논산시 취암동,경상사고,0,0,2,0,차대차 - 정면충돌,중앙선침범,건조,맑음,단일로 - 기타,승용,여,61세,상해없음,승용,남,50세,경상
2019090400100208,2019년 9월 4일 10시,수요일,충청남도 홍성군 은하면,중상사고,0,1,0,0,차대차 - 기타,안전운전불이행,건조,맑음,단일로 - 기타,화물,남,46세,상해없음,농기계,남,72세,중상
2019090400100209,2019년 9월 4일 10시,수요일,충청남도 예산군 광시면,중상사고,0,1,0,0,차대사람 - 기타,안전운전불이행,건조,맑음,주차장 - 주차장,승용,여,70세,상해없음,보행자,여,82세,중상
2019090400100210,2019년 9월 4일 10시,수요일,충청남도 천안시 동남구 대흥동,경상사고,0,0,1,0,차량단독 - 기타,안전운전불이행,건조,맑음,단일로 - 기타,승합,남,53세,상해없음,,,,
2019090400100281,2019년 9월 4일 12시,수요일,충청남도 천안시 동남구 신부동,경상사고,0,0,1,0,차대사람 - 횡단중,신호위반,건조,맑음,교차로 - 교차로안,이륜,남,17세,상해없음,보행자,여,46세,경상
2019090400100303,2019년 9월 4일 13시,수요일,충청남도 서산시 예천동,부상신고사고,0,0,0,1,차대사람 - 기타,보행자보호의무위반,건조,맑음,교차로 - 교차로부근,승용,남,41세,상해없음,보행자,남,30세,부상신고
2019090400100304,2019년 9월 4일 13시,수요일,충청남도 천안시 서북구 성정동,경상사고,0,0,1,0,차대차 - 후진중충돌,안전운전불이행,건조,맑음,단일로 - 기타,승용,남,32세,상해없음,이륜,남,39세,경상
2019090400100305,2019년 9월 4일 13시,수요일,충청남도 서천군 서천읍,중상사고,0,1,2,0,차대차 - 정면충돌,중앙선침범,건조,맑음,단일로 - 기타,승용,여,59세,상해없음,승용,여,67세,경상
2019090400100327,2019년 9월 4일 14시,수요일,충청남도 당진시 송악읍,중상사고,0,1,0,0,차대차 - 기타,안전운전불이행,젖음/습기,비,단일로 - 기타,승용,남,76세,상해없음,이륜,남,77세,중상
2019090400100395,2019년 9월 4일 16시,수요일,충청남도 보령시 웅천읍,중상사고,0,1,1,0,차대차 - 측면충돌,중앙선침범,건조,맑음,단일로 - 기타,화물,남,61세,중상,농기계,남,49세,경상
2019090400100436,2019년 9월 4일 17시,수요일,충청남도 서산시 석남동,경상사고,0,0,1,0,차대차 - 추돌,안전운전불이행,건조,흐림,교차로 - 교차로부근,승합,남,78세,상해없음,승용,여,47세,경상
2019090400100437,2019년 9월 4일 17시,수요일,충청남도 천안시 동남구 신부동,중상사고,0,1,1,0,차대차 - 기타,안전운전불이행,젖음/습기,비,단일로 - 기타,이륜,남,24세,중상,승용,남,43세,경상
2019090400100488,2019년 9월 4일 18시,수요일,충청남도 천안시 동남구 신부동,경상사고,0,0,1,0,차대차 - 기타,안전운전불이행,건조,맑음,단일로 - 기타,화물,남,48세,상해없음,승용,여,52세,경상
2019090400100535,2019년 9월 4일 19시,수요일,충청남도 논산시 반월동,중상사고,0,1,0,0,차대사람 - 횡단중,과속,젖음/습기,비,단일로 - 기타,화물,남,65세,상해없음,보행자,남,46세,중상
2019090400100536,2019년 9월 4일 19시,수요일,충청남도 당진시 송산면,경상사고,0,0,2,0,차대차 - 측면충돌,안전운전불이행,젖음/습기,비,교차로 - 교차로횡단보도내,승용,남,31세,경상,화물,남,58세,경상
2019090400100622,2019년 9월 4일 21시,수요일,충청남도 홍성군 홍북읍,경상사고,0,0,1,0,차대차 - 측면충돌,차로위반,건조,맑음,교차로 - 교차로부근,승용,남,31세,상해없음,승용,여,47세,경상
2019090400100623,2019년 9월 4일 21시,수요일,충청남도 당진시 수청리,중상사고,0,2,0,0,차대차 - 추돌,안전운전불이행,건조,맑음,교차로 - 교차로안,승용,여,27세,상해없음,승용,여,46세,중상
2019090400100655,2019년 9월 4일 22시,수요일,충청남도 서산시 석림동,경상사고,0,0,1,0,차대차 - 측면충돌,안전운전불이행,건조,맑음,교차로 - 교차로안,이륜,남,17세,경상,화물,남,54세,상해없음
2019090500100166,2019년 9월 5일 08시,목요일,충청남도 천안시 서북구 성성동,경상사고,0,0,2,1,차대차 - 측면충돌,안전운전불이행,건조,맑음,단일로 - 기타,승용,여,44세,부상신고,승용,남,50세,경상
2019090500100167,2019년 9월 5일 08시,목요일,충청남도 아산시 음봉면,중상사고,0,1,1,0,차대차 - 기타,안전운전불이행,건조,맑음,단일로 - 기타,승용,남,40세,상해없음,승용,여,30세,경상
2019090500100208,2019년 9월 5일 09시,목요일,충청남도 천안시 서북구 성정동,중상사고,0,1,0,0,차대사람 - 기타,안전운전불이행,건조,맑음,단일로 - 기타,승용,남,44세,상해없음,보행자,남,72세,중상
2019090500100242,2019년 9월 5일 10시,목요일,충청남도 천안시 동남구 원성동,경상사고,0,0,1,0,차대차 - 측면충돌,안전운전불이행,건조,맑음,단일로 - 기타,이륜,남,16세,경상,승용,남,59세,상해없음
2019090500100270,2019년 9월 5일 11시,목요일,충청남도 아산시 둔포면,경상사고,0,0,1,0,차대차 - 측면충돌,교차로운행방법위반,젖음/습기,맑음,교차로 - 교차로안,승용,남,57세,상해없음,이륜,남,62세,경상
2019090500100271,2019년 9월 5일 11시,목요일,충청남도 청양군 청양읍,중상사고,0,1,0,0,차대차 - 측면충돌,교차로운행방법위반,건조,맑음,교차로 - 교차로안,승용,남,62세,상해없음,승용,남,57세,중상
2019090500100324,2019년 9월 5일 13시,목요일,충청남도 예산군 광시면,경상사고,0,0,1,0,차대사람 - 길가장자리구역통행중,안전운전불이행,젖음/습기,흐림,단일로 - 기타,승용,남,50세,상해없음,보행자,여,74세,경상
2019090500100326,2019년 9월 5일 13시,목요일,충청남도 서천군 비인면,경상사고,0,0,1,0,차대차 - 측면충돌,안전운전불이행,젖음/습기,흐림,단일로 - 기타,화물,남,44세,상해없음,승용,남,53세,경상
2019090500100582,2019년 9월 5일 19시,목요일,충청남도 천안시 서북구 두정동,경상사고,0,0,1,0,차대사람 - 횡단중,안전운전불이행,젖음/습기,비,교차로 - 교차로안,승용,여,49세,상해없음,보행자,여,23세,경상
2019090500100652,2019년 9월 5일 21시,목요일,충청남도 아산시 배방읍,중상사고,0,1,1,0,차대차 - 정면충돌,신호위반,젖음/습기,맑음,교차로 - 교차로안,화물,남,41세,상해없음,승용,여,33세,경상
2019090500100653,2019년 9월 5일 21시,목요일,충청남도 당진시 송악읍,중상사고,0,1,5,0,차대차 - 측면충돌,안전거리미확보,건조,흐림,단일로 - 기타,화물,남,60세,중상,승용,남,50세,경상
2019090500100677,2019년 9월 5일 22시,목요일,충청남도 서산시 예천동,경상사고,0,0,4,0,차대차 - 추돌,안전운전불이행,젖음/습기,비,교차로 - 교차로부근,화물,남,50세,상해없음,승용,남,54세,경상
2019090500100678,2019년 9월 5일 22시,목요일,충청남도 천안시 서북구 두정동,경상사고,0,0,1,0,차대사람 - 기타,안전운전불이행,건조,맑음,단일로 - 기타,승용,남,24세,상해없음,보행자,남,21세,경상
2019090500100679,2019년 9월 5일 22시,목요일,충청남도 공주시 신관동,경상사고,0,0,5,0,차대차 - 측면충돌,신호위반,젖음/습기,비,교차로 - 교차로안,승용,남,61세,상해없음,승합,남,22세,경상
2019090500100704,2019년 9월 5일 23시,목요일,충청남도 서산시 대산읍,경상사고,0,0,1,0,차대차 - 추돌,안전운전불이행,건조,맑음,교차로 - 교차로부근,승용,남,30세,상해없음,승용,남,50세,경상
2019090500100705,2019년 9월 5일 23시,목요일,충청남도 천안시 동남구 다가동,경상사고,0,0,1,0,차대사람 - 기타,안전운전불이행,건조,맑음,단일로 - 기타,승용,남,60세,상해없음,보행자,남,45세,경상
2019090500100706,2019년 9월 5일 23시,목요일,충청남도 천안시 동남구 원성동,경상사고,0,0,1,0,차대사람 - 기타,안전운전불이행,건조,맑음,단일로 - 기타,승용,남,39세,상해없음,보행자,여,55세,경상
2019090600100118,2019년 9월 6일 08시,금요일,충청남도 아산시 배방읍,경상사고,0,0,1,0,차대차 - 기타,안전운전불이행,건조,맑음,교차로 - 교차로부근,화물,남,56세,상해없음,승용,남,52세,경상
2019090600100148,2019년 9월 6일 09시,금요일,충청남도 천안시 서북구 성정동,경상사고,0,0,1,0,차대차 - 측면충돌,직진우회전진행방해,건조,맑음,교차로 - 교차로안,승용,남,28세,상해없음,승용,남,54세,경상
2019090600100171,2019년 9월 6일 10시,금요일,충청남도 논산시 화지동,중상사고,0,1,0,0,차대사람 - 차도통행중,안전운전불이행,건조,맑음,단일로 - 기타,화물,남,44세,상해없음,보행자,여,31세,중상
2019090600100172,2019년 9월 6일 10시,금요일,충청남도 아산시 배방읍,중상사고,0,1,1,0,차대차 - 기타,안전운전불이행,건조,맑음,교차로 - 교차로부근,승용,남,23세,상해없음,승용,남,50세,중상
2019090600100173,2019년 9월 6일 10시,금요일,충청남도 청양군 비봉면,경상사고,0,0,1,0,차대차 - 측면충돌,안전운전불이행,건조,맑음,교차로 - 교차로안,승용,여,56세,경상,승용,남,71세,상해없음
2019090600100207,2019년 9월 6일 11시,금요일,충청남도 청양군 정산면,경상사고,0,0,1,0,차대차 - 측면충돌,안전운전불이행,건조,맑음,단일로 - 기타,농기계,남,73세,경상,화물,남,77세,상해없음
2019090600100241,2019년 9월 6일 12시,금요일,충청남도 당진시 송악읍,경상사고,0,0,1,0,차대차 - 기타,차로위반,건조,맑음,단일로 - 기타,승용,남,55세,상해없음,승용,여,53세,경상
2019090600100242,2019년 9월 6일 12시,금요일,충청남도 청양군 남양면,중상사고,0,3,1,0,차량단독 - 공작물충돌,안전운전불이행,건조,맑음,단일로 - 기타,승용,남,23세,중상,,,,
2019090600100243,2019년 9월 6일 12시,금요일,충청남도 천안시 동남구 사직동,중상사고,0,1,0,0,차대차 - 기타,안전운전불이행,건조,맑음,교차로 - 교차로안,화물,남,58세,상해없음,자전거,남,85세,중상
2019090600100308,2019년 9월 6일 14시,금요일,충청남도 부여군 양화면,경상사고,0,0,1,0,차량단독 - 공작물충돌,안전운전불이행,건조,맑음,단일로 - 기타,승용,남,60세,경상,,,,
2019090600100342,2019년 9월 6일 15시,금요일,충청남도 보령시 대천동,중상사고,0,1,2,0,차대차 - 정면충돌,중앙선침범,건조,맑음,단일로 - 기타,승용,여,60세,상해없음,승용,남,61세,중상
2019090600100391,2019년 9월 6일 16시,금요일,충청남도 천안시 서북구 성정동,경상사고,0,0,1,0,차대차 - 기타,안전거리미확보,건조,맑음,단일로 - 기타,승용,남,61세,상해없음,승합,남,61세,상해없음
2019090600100445,2019년 9월 6일 17시,금요일,충청남도 천안시 서북구 불당동,중상사고,0,1,0,0,차대사람 - 횡단중,보행자보호의무위반,건조,맑음,단일로 - 기타,승용,여,31세,상해없음,보행자,남,7세,중상
2019090600100493,2019년 9월 6일 18시,금요일,충청남도 천안시 서북구 쌍용동,경상사고,0,0,1,0,차대사람 - 기타,안전운전불이행,건조,맑음,단일로 - 기타,승합,남,50세,상해없음,보행자,남,70세,경상
2019090600100494,2019년 9월 6일 18시,금요일,충청남도 당진시 채운동,중상사고,0,1,0,0,차대차 - 기타,안전운전불이행,젖음/습기,비,단일로 - 기타,승용,남,42세,상해없음,이륜,남,47세,중상
2019090600100495,2019년 9월 6일 18시,금요일,충청남도 천안시 동남구 목천읍,중상사고,0,1,0,0,차대차 - 추돌,안전운전불이행,건조,맑음,단일로 - 기타,화물,여,53세,상해없음,승용,남,62세,중상
2019090600100542,2019년 9월 6일 19시,금요일,충청남도 천안시 서북구 불당동,경상사고,0,0,1,0,차대차 - 추돌,신호위반,건조,맑음,교차로 - 교차로안,승용,여,30세,상해없음,이륜,남,17세,경상
2019090600100543,2019년 9월 6일 19시,금요일,충청남도 아산시 온천동,사망사고,1,0,0,0,차대차 - 기타,안전운전불이행,젖음/습기,비,단일로 - 기타,승용,남,60세,상해없음,승용,남,70세,상해없음
2019090600100544,2019년 9월 6일 19시,금요일,충청남도 천안시 동남구 청당동,경상사고,0,0,2,0,차대차 - 측면충돌,교차로운행방법위반,젖음/습기,비,교차로 - 교차로부근,승용,남,48세,상해없음,승용,남,35세,경상
2019090600100641,2019년 9월 6일 21시,금요일,충청남도 보령시 궁촌동,중상사고,0,1,0,0,차대차 - 기타,신호위반,젖음/습기,비,교차로 - 교차로부근,이륜,남,16세,중상,승용,여,45세,상해없음
2019090600100683,2019년 9월 6일 22시,금요일,충청남도 천안시 서북구 쌍용동,경상사고,0,0,2,0,차대차 - 추돌,안전운전불이행,젖음/습기,비,단일로 - 고가도로위,승용,남,47세,상해없음,승용,남,31세,경상
2019090600100716,2019년 9월 6일 23시,금요일,충청남도 논산시 부적면,경상사고,0,0,3,0,차대차 - 추돌,안전운전불이행,젖음/습기,흐림,단일로 - 기타,승용,여,27세,상해없음,승용,남,45세,경상
2019090700100039,2019년 9월 7일 00시,토요일,충청남도 천안시 서북구 쌍용동,경상사고,0,0,1,0,차대사람 - 기타,안전운전불이행,건조,맑음,교차로 - 교차로부근,승용,남,62세,상해없음,보행자,남,54세,경상
2019090700100040,2019년 9월 7일 00시,토요일,충청남도 천안시 서북구 성정동,경상사고,0,0,2,0,차대차 - 추돌,안전운전불이행,젖음/습기,비,교차로 - 교차로부근,승용,남,40세,상해없음,승용,남,38세,경상