사고번호,사고일시,요일,시군구,사고내용,사망자수,중상자수,경상자수,부상신고자수,사고유형,법규위반,노면상태,기상상태,도로형태,가해운전자 차종,가해운전자 성별,가해운전자 연령,가해운전자 상해정도,피해운전자 차종,피해운전자 성별,피해운전자 연령,피해운전자 상해정도
2019090700100041,2019년 9월 7일 00시,토요일,충청남도 공주시 옥룡동,경상사고,0,0,2,0,차대차 - 정면충돌,중앙선침범,건조,맑음,단일로 - 기타,승용,남,64세,경상,승용,남,24세,경상
2019090700100097,2019년 9월 7일 03시,토요일,충청남도 서산시 예천동,중상사고,0,3,0,0,차대차 - 추돌,안전운전불이행,젖음/습기,흐림,교차로 - 교차로안,승용,남,40세,상해없음,승용,여,40세,중상
2019090700100129,2019년 9월 7일 06시,토요일,충청남도 천안시 서북구 두정동,경상사고,0,0,1,0,차대차 - 추돌,안전운전불이행,젖음/습기,흐림,단일로 - 고가도로위,승용,남,40세,상해없음,승용,남,28세,경상
2019090700100136,2019년 9월 7일 07시,토요일,충청남도 금산군 금산읍,경상사고,0,0,2,0,차대차 - 측면충돌,교차로운행방법위반,젖음/습기,흐림,교차로 - 교차로안,화물,남,66세,상해없음,화물,여,66세,경상
2019090700100148,2019년 9월 7일 08시,토요일,충청남도 천안시 서북구 성정동,경상사고,0,0,1,0,차대차 - 측면충돌,신호위반,건조,흐림,교차로 - 교차로횡단보도내,승용,여,45세,상해없음,승용,남,31세,경상
2019090700100173,2019년 9월 7일 09시,토요일,충청남도 서산시 부석면,중상사고,0,1,0,0,차량단독 - 공작물충돌,안전운전불이행,건조,맑음,단일로 - 기타,승용,여,28세,중상,,,,
2019090700100229,2019년 9월 7일 11시,토요일,충청남도 당진시 채운동,경상사고,0,0,1,0,차대차 - 측면충돌,안전거리미확보,젖음/습기,비,단일로 - 기타,승용,남,27세,상해없음,승용,여,22세,경상
2019090700100230,2019년 9월 7일 11시,토요일,충청남도 금산군 금산읍,경상사고,0,0,2,0,차대차 - 측면충돌,안전운전불이행,건조,맑음,교차로 - 교차로부근,승용,남,79세,경상,승용,남,83세,경상
2019090700100231,2019년 9월 7일 11시,토요일,충청남도 천안시 동남구 안서동,중상사고,0,1,0,0,차대차 - 추돌,안전운전불이행,건조,맑음,단일로 - 기타,승합,남,25세,상해없음,농기계,남,65세,중상
2019090700100264,2019년 9월 7일 12시,토요일,충청남도 공주시 유구읍,경상사고,0,0,2,0,차대차 - 측면충돌,직진우회전진행방해,건조,맑음,교차로 - 교차로안,승용,여,62세,기타불명,승용,남,43세,경상
2019090700100288,2019년 9월 7일 13시,토요일,충청남도 아산시 둔포면,중상사고,0,1,1,0,차대차 - 기타,안전운전불이행,젖음/습기,흐림,교차로 - 교차로안,승용,남,22세,상해없음,승용,남,25세,경상
2019090700100317,2019년 9월 7일 15시,토요일,충청남도 아산시 권곡동,경상사고,0,0,2,0,차대차 - 기타,안전운전불이행,건조,맑음,교차로 - 교차로안,특수,남,54세,상해없음,승용,남,52세,경상
2019090700100447,2019년 9월 7일 20시,토요일,충청남도 천안시 동남구 쌍용동,경상사고,0,0,2,0,차대차 - 측면충돌,안전운전불이행,건조,맑음,단일로 - 기타,승용,여,29세,상해없음,승용,남,43세,경상
2019090700100468,2019년 9월 7일 21시,토요일,충청남도 천안시 서북구 성정동,경상사고,0,0,2,0,차대차 - 추돌,안전운전불이행,건조,맑음,교차로 - 교차로부근,승용,남,35세,상해없음,승합,남,25세,경상
2019090700100469,2019년 9월 7일 21시,토요일,충청남도 천안시 동남구 원성동,중상사고,0,1,0,0,차대차 - 기타,신호위반,건조,맑음,교차로 - 교차로안,승용,남,57세,상해없음,이륜,여,48세,중상
2019090700100491,2019년 9월 7일 22시,토요일,충청남도 논산시 연무읍,중상사고,0,1,0,1,차량단독 - 공작물충돌,안전운전불이행,건조,맑음,단일로 - 기타,화물,남,44세,부상신고,,,,
2019090700100509,2019년 9월 7일 23시,토요일,충청남도 당진시 수청리,경상사고,0,0,1,0,차대차 - 추돌,안전운전불이행,건조,맑음,교차로 - 교차로부근,승용,남,32세,상해없음,승용,남,30세,경상
2019090800100077,2019년 9월 8일 06시,일요일,충청남도 천안시 서북구 성정동,경상사고,0,0,1,0,차대차 - 기타,신호위반,건조,맑음,교차로 - 교차로안,승용,남,23세,상해없음,승용,남,56세,경상
2019090800100078,2019년 9월 8일 06시,일요일,충청남도 당진시 우강면,중상사고,0,1,0,0,차대차 - 측면충돌,교차로운행방법위반,건조,맑음,교차로 - 교차로안,승용,남,52세,상해없음,이륜,남,75세,중상
2019090800100088,2019년 9월 8일 07시,일요일,충청남도 논산시 성동면,중상사고,0,1,0,0,차대차 - 측면충돌,직진우회전진행방해,젖음/습기,흐림,교차로 - 교차로안,승용,여,48세,상해없음,화물,남,58세,중상
2019090800100089,2019년 9월 8일 07시,일요일,충청남도 당진시 송악읍,경상사고,0,0,1,0,차대차 - 추돌,안전운전불이행,건조,맑음,교차로 - 교차로부근,승용,남,21세,상해없음,이륜,남,38세,경상
2019090800100112,2019년 9월 8일 09시,일요일,충청남도 천안시 서북구 성정동,경상사고,0,0,1,0,차대차 - 기타,기타,건조,맑음,단일로 - 기타,승용,남,72세,상해없음,승용,남,42세,경상
2019090800100130,2019년 9월 8일 10시,일요일,충청남도 서산시 성연면,중상사고,0,1,0,0,차량단독 - 도로외이탈 - 추락,안전운전불이행,건조,맑음,단일로 - 기타,이륜,남,58세,중상,,,,
2019090800100159,2019년 9월 8일 11시,일요일,충청남도 서산시 고북면,경상사고,0,0,1,0,차대차 - 측면충돌,직진우회전진행방해,건조,맑음,교차로 - 교차로안,이륜,남,87세,경상,화물,남,58세,상해없음
2019090800100160,2019년 9월 8일 11시,일요일,충청남도 공주시 웅진동,경상사고,0,0,1,0,차대사람 - 기타,안전운전불이행,건조,맑음,교차로 - 교차로안,승용,남,54세,상해없음,보행자,남,19세,경상
2019090800100189,2019년 9월 8일 12시,일요일,충청남도 천안시 동남구 신방동,경상사고,0,0,2,0,차대차 - 추돌,안전운전불이행,건조,맑음,단일로 - 기타,승용,남,38세,상해없음,승용,남,37세,경상
2019090800100217,2019년 9월 8일 13시,일요일,충청남도 천안시 서북구 입장면,경상사고,0,0,1,0,차대차 - 기타,직진우회전진행방해,건조,맑음,교차로 - 교차로안,승용,남,73세,상해없음,승용,여,38세,경상
2019090800100218,2019년 9월 8일 13시,일요일,충청남도 공주시 신관동,경상사고,0,0,1,0,차대차 - 기타,직진우회전진행방해,건조,맑음,교차로 - 교차로안,승용,남,39세,상해없음,자전거,남,18세,경상
2019090800100219,2019년 9월 8일 13시,일요일,충청남도 천안시 동남구 다가동,경상사고,0,0,1,0,차대사람 - 기타,안전운전불이행,건조,맑음,단일로 - 기타,승용,남,59세,상해없음,보행자,남,50세,경상
2019090800100248,2019년 9월 8일 14시,일요일,충청남도 아산시 탕정면,경상사고,0,0,2,0,차대차 - 추돌,안전운전불이행,건조,흐림,단일로 - 기타,승용,여,57세,상해없음,승용,남,33세,경상
2019090800100249,2019년 9월 8일 14시,일요일,충청남도 금산군 금산읍,경상사고,0,0,1,0,차대차 - 측면충돌,안전운전불이행,건조,맑음,단일로 - 기타,승용,남,52세,상해없음,이륜,남,71세,경상
2019090800100250,2019년 9월 8일 14시,일요일,충청남도 태안군 이원면,경상사고,0,0,1,0,차대사람 - 기타,안전운전불이행,건조,맑음,기타 - 기타,화물,남,29세,상해없음,보행자,남,50세,경상
2019090800100358,2019년 9월 8일 17시,일요일,충청남도 아산시 배방읍,경상사고,0,0,1,0,차대사람 - 횡단중,신호위반,건조,맑음,교차로 - 교차로횡단보도내,승용,남,44세,상해없음,보행자,여,9세,경상
2019090800100359,2019년 9월 8일 17시,일요일,충청남도 예산군 오가면,경상사고,0,0,2,0,차대차 - 측면충돌,직진우회전진행방해,젖음/습기,비,교차로 - 교차로부근,승용,남,79세,경상,승용,남,64세,경상
2019090800100394,2019년 9월 8일 18시,일요일,충청남도 천안시 서북구 성정동,경상사고,0,0,1,0,차대차 - 측면충돌,신호위반,젖음/습기,비,교차로 - 교차로안,승용,남,27세,상해없음,이륜,남,47세,경상
2019090800100418,2019년 9월 8일 19시,일요일,충청남도 서산시 동문동,경상사고,0,0,1,1,차대차 - 측면충돌,직진우회전진행방해,건조,맑음,교차로 - 교차로안,승용,여,49세,경상,승용,남,26세,부상신고
2019090800100419,2019년 9월 8일 19시,일요일,충청남도 천안시 서북구 백석동,중상사고,0,2,1,0,차대차 - 측면충돌,신호위반,젖음/습기,비,교차로 - 교차로안,승용,남,29세,상해없음,승용,여,23세,중상
2019090800100456,2019년 9월 8일 20시,일요일,충청남도 서산시 읍내동,중상사고,0,1,0,0,차대차 - 측면충돌,신호위반,건조,맑음,교차로 - 교차로안,승용,남,26세,상해없음,승용,남,47세,중상
2019090800100457,2019년 9월 8일 20시,일요일,충청남도 천안시 동남구 영성동,경상사고,0,0,1,0,차대사람 - 횡단중,보행자보호의무위반,젖음/습기,비,교차로 - 교차로횡단보도내,승용,여,30세,상해없음,보행자,남,59세,경상
2019090800100458,2019년 9월 8일 20시,일요일,충청남도 천안시 동남구 신부동,경상사고,0,0,3,0,차대차 - 측면충돌,교차로운행방법위반,젖음/습기,비,교차로 - 교차로안,승용,남,39세,경상,승용,남,35세,경상
2019090800100507,2019년 9월 8일 22시,일요일,충청남도 천안시 서북구 두정동,경상사고,0,0,1,0,차대차 - 기타,중앙선침범,젖음/습기,맑음,교차로 - 교차로부근,기타불명,기타불명,미분류,기타불명,이륜,남,49세,경상
2019090800100508,2019년 9월 8일 22시,일요일,충청남도 천안시 동남구 신방동,경상사고,0,0,2,0,차대차 - 측면충돌,직진우회전진행방해,젖음/습기,비,교차로 - 교차로안,승용,여,20세,경상,화물,남,36세,경상
2019090800100525,2019년 9월 8일 23시,일요일,충청남도 천안시 서북구 성정동,경상사고,0,0,1,0,차대사람 - 기타,안전운전불이행,건조,맑음,단일로 - 기타,승용,여,24세,상해없음,보행자,여,32세,경상
2019090800100526,2019년 9월 8일 23시,일요일,충청남도 천안시 동남구 봉명동,경상사고,0,0,1,0,차대차 - 측면충돌,신호위반,건조,맑음,교차로 - 교차로안,승용,남,47세,상해없음,승용,남,59세,경상
2019090900100141,2019년 9월 9일 08시,월요일,충청남도 천안시 서북구 성정동,경상사고,0,0,1,0,차대차 - 측면충돌,신호위반,젖음/습기,비,교차로 - 교차로안,이륜,남,74세,상해없음,승용,여,38세,경상
2019090900100142,2019년 9월 9일 08시,월요일,충청남도 천안시 동남구 유량동,경상사고,0,0,1,0,차대차 - 기타,중앙선침범,건조,맑음,단일로 - 기타,승용,여,45세,상해없음,승용,남,43세,경상
2019090900100193,2019년 9월 9일 09시,월요일,충청남도 천안시 동남구 구성동,경상사고,0,0,1,0,차대차 - 기타,안전거리미확보,젖음/습기,흐림,단일로 - 기타,승용,여,47세,경상,기타불명,기타불명,미분류,기타불명
2019090900100230,2019년 9월 9일 10시,월요일,충청남도 아산시 배방읍,경상사고,0,0,1,0,차대차 - 기타,안전운전불이행,건조,맑음,주차장 - 주차장,화물,남,29세,기타불명,승용,남,30세,경상
2019090900100276,2019년 9월 9일 11시,월요일,충청남도 천안시 서북구 성정동,경상사고,0,0,1,0,차대사람 - 횡단중,안전운전불이행,젖음/습기,맑음,단일로 - 기타,승용,여,49세,상해없음,보행자,여,29세,경상
2019090900100329,2019년 9월 9일 12시,월요일,충청남도 공주시 반포면,경상사고,0,0,1,0,차대차 - 기타,기타,젖음/습기,비,단일로 - 기타,승용,남,45세,경상,승용,여,50세,상해없음
2019090900100368,2019년 9월 9일 13시,월요일,충청남도 아산시 탕정면,중상사고,0,1,0,0,차대차 - 기타,안전운전불이행,건조,맑음,단일로 - 기타,기타불명,기타불명,미분류,기타불명,승용,남,25세,중상
2019090900100369,2019년 9월 9일 13시,월요일,충청남도 청양군 청양읍,중상사고,0,1,0,0,차대사람 - 횡단중,안전운전불이행,젖음/습기,비,교차로 - 교차로안,화물,남,44세,상해없음,보행자,남,81세,중상
2019090900100436,2019년 9월 9일 15시,월요일,충청남도 부여군 임천면,경상사고,0,0,1,0,차량단독 - 전도전복 - 전도,안전운전불이행,건조,맑음,교차로 - 교차로안,사륜오토바이(ATV),남,82세,경상,,,,
2019090900100484,2019년 9월 9일 16시,월요일,충청남도 천안시 서북구 쌍용동,중상사고,0,1,0,0,차대사람 - 기타,안전운전불이행,건조,맑음,교차로 - 교차로안,승용,여,32세,상해없음,보행자,여,62세,중상
2019090900100485,2019년 9월 9일 16시,월요일,충청남도 천안시 서북구 두정동,경상사고,0,0,1,0,차대차 - 측면충돌,교차로운행방법위반,건조,맑음,교차로 - 교차로안,승용,남,28세,상해없음,승합,남,48세,경상
2019090900100486,2019년 9월 9일 16시,월요일,충청남도 청양군 청양읍,중상사고,0,2,0,0,차대차 - 측면충돌,안전운전불이행,건조,맑음,기타 - 기타,승용,여,68세,상해없음,화물,남,54세,기타불명
2019090900100525,2019년 9월 9일 17시,월요일,충청남도 아산시 탕정면,경상사고,0,0,1,0,차대차 - 기타,신호위반,젖음/습기,흐림,교차로 - 교차로안,승용,여,49세,상해없음,승합,여,26세,경상
2019090900100571,2019년 9월 9일 18시,월요일,충청남도 논산시 반월동,중상사고,0,1,0,0,차대사람 - 횡단중,안전운전불이행,건조,맑음,단일로 - 기타,승용,남,59세,상해없음,보행자,남,8세,중상
2019090900100572,2019년 9월 9일 18시,월요일,충청남도 아산시 좌부동,중상사고,0,2,2,0,차대차 - 기타,중앙선침범,건조,맑음,단일로 - 기타,승합,남,30세,상해없음,승용,남,35세,중상
2019090900100573,2019년 9월 9일 18시,월요일,충청남도 당진시 수청리,중상사고,0,2,1,0,차대차 - 추돌,안전거리미확보,젖음/습기,비,단일로 - 기타,화물,남,62세,경상,승용,여,54세,중상
2019090900100574,2019년 9월 9일 18시,월요일,충청남도 천안시 동남구 청당동,경상사고,0,0,1,0,차대차 - 기타,신호위반,젖음/습기,비,교차로 - 교차로안,승용,남,66세,상해없음,이륜,남,43세,경상
2019090900100636,2019년 9월 9일 19시,월요일,충청남도 천안시 서북구 쌍용동,중상사고,0,1,0,0,차대차 - 측면충돌,차로위반,젖음/습기,비,단일로 - 기타,승용,남,37세,상해없음,승용,여,23세,중상
2019090900100637,2019년 9월 9일 19시,월요일,충청남도 아산시 신창면,사망사고,1,0,0,0,차량단독 - 공작물충돌,안전운전불이행,건조,맑음,단일로 - 기타,화물,남,66세,사망,,,,
2019090900100638,2019년 9월 9일 19시,월요일,충청남도 서천군 장항읍,중상사고,0,1,0,0,차대차 - 정면충돌,교차로운행방법위반,건조,맑음,교차로 - 교차로안,자전거,남,7세,중상,승용,남,47세,상해없음
2019090900100639,2019년 9월 9일 19시,월요일,충청남도 공주시 신관동,경상사고,0,0,2,0,차대차 - 측면충돌,안전운전불이행,젖음/습기,비,교차로 - 교차로안,승용,여,63세,기타불명,화물,남,58세,경상
2019090900100640,2019년 9월 9일 19시,월요일,충청남도 천안시 동남구 신부동,경상사고,0,0,1,0,차대차 - 기타,안전운전불이행,건조,맑음,단일로 - 기타,승용,기타불명,미분류,기타불명,승용,여,45세,경상
2019090900100689,2019년 9월 9일 20시,월요일,충청남도 천안시 서북구 성정동,경상사고,0,0,1,0,차대차 - 후진중충돌,안전운전불이행,건조,맑음,단일로 - 기타,승용,남,34세,상해없음,승용,남,32세,경상
2019090900100690,2019년 9월 9일 20시,월요일,충청남도 논산시 강경읍,부상신고사고,0,0,0,1,차량단독 - 공작물충돌,안전운전불이행,젖음/습기,비,단일로 - 기타,승용,남,60세,부상신고,,,,
2019090900100691,2019년 9월 9일 20시,월요일,충청남도 아산시 신창면,경상사고,0,0,3,0,차대차 - 추돌,안전운전불이행,건조,맑음,교차로 - 교차로부근,승용,남,36세,상해없음,승합,남,62세,경상
2019090900100722,2019년 9월 9일 21시,월요일,충청남도 천안시 서북구 성환읍,중상사고,0,1,0,0,차대사람 - 기타,안전운전불이행,젖음/습기,흐림,단일로 - 기타,기타불명,기타불명,미분류,기타불명,보행자,남,19세,중상
2019090900100749,2019년 9월 9일 22시,월요일,충청남도 보령시 궁촌동,경상사고,0,0,1,0,차대차 - 추돌,안전운전불이행,젖음/습기,비,교차로 - 교차로부근,승용,여,56세,상해없음,승용,남,57세,경상
2019090900100771,2019년 9월 9일 23시,월요일,충청남도 서산시 읍내동,중상사고,0,1,0,0,차대차 - 정면충돌,안전운전불이행,젖음/습기,비,단일로 - 기타,승용,남,24세,상해없음,승용,남,41세,중상
2019090900100772,2019년 9월 9일 23시,월요일,충청남도 논산시 은진면,경상사고,0,0,1,0,차대차 - 추돌,안전운전불이행,건조,맑음,교차로 - 교차로부근,승용,남,60세,상해없음,특수,남,56세,경상
2019091000100034,2019년 9월 10일 00시,화요일,충청남도 천안시 동남구 목천읍,경상사고,0,0,1,0,차대차 - 추돌,안전운전불이행,건조,맑음,단일로 - 기타,승용,남,51세,상해없음,승용,남,59세,경상
2019091000100076,2019년 9월 10일 04시,화요일,충청남도 아산시 득산동,중상사고,0,1,0,0,차대사람 - 기타,과속,젖음/습기,흐림,교차로 - 교차로횡단보도내,화물,남,41세,상해없음,보행자,남,35세,중상
2019091000100136,2019년 9월 10일 07시,화요일,충청남도 아산시 음봉면,경상사고,0,0,1,0,차대차 - 기타,안전운전불이행,젖음/습기,흐림,교차로 - 교차로안,승합,남,37세,기타불명,승용,여,60세,경상
2019091000100231,2019년 9월 10일 09시,화요일,충청남도 천안시 서북구 쌍용동,경상사고,0,0,1,0,차대사람 - 기타,안전운전불이행,건조,맑음,단일로 - 기타,승용,남,52세,상해없음,보행자,남,19세,경상
2019091000100232,2019년 9월 10일 09시,화요일,충청남도 당진시 시곡리,중상사고,0,1,8,0,차대차 - 측면충돌,차로위반,건조,흐림,단일로 - 기타,승용,여,51세,상해없음,특수,남,50세,경상
2019091000100233,2019년 9월 10일 09시,화요일,충청남도 천안시 동남구 풍세면,중상사고,0,2,1,0,차대차 - 기타,안전운전불이행,건조,맑음,교차로 - 교차로안,승용,여,33세,상해없음,승용,남,45세,중상
2019091000100276,2019년 9월 10일 10시,화요일,충청남도 논산시 연무읍,경상사고,0,0,1,0,차대차 - 측면충돌,안전운전불이행,건조,맑음,교차로 - 교차로안,승용,남,57세,상해없음,승용,남,59세,경상
2019091000100277,2019년 9월 10일 10시,화요일,충청남도 서천군 서천읍,경상사고,0,0,1,0,차대차 - 기타,안전운전불이행,건조,맑음,단일로 - 기타,자전거,남,90세 이상,경상,승용,남,35세,상해없음
2019091000100278,2019년 9월 10일 10시,화요일,충청남도 천안시 동남구 원성동,경상사고,0,0,1,0,차대차 - 후진중충돌,안전운전불이행,건조,맑음,단일로 - 기타,승용,남,32세,상해없음,이륜,남,19세,상해없음
2019091000100324,2019년 9월 10일 11시,화요일,충청남도 서천군 서천읍,중상사고,0,1,0,0,차대사람 - 횡단중,보행자보호의무위반,건조,맑음,교차로 - 교차로안,승용,여,62세,상해없음,보행자,여,82세,중상
2019091000100354,2019년 9월 10일 12시,화요일,충청남도 천안시 서북구 입장면,경상사고,0,0,1,0,차대차 - 측면충돌,안전운전불이행,건조,맑음,단일로 - 기타,승용,여,43세,상해없음,원동기,남,41세,경상
2019091000100394,2019년 9월 10일 13시,화요일,충청남도 천안시 서북구 성정동,부상신고사고,0,0,0,1,차대차 - 측면충돌,중앙선침범,건조,맑음,교차로 - 교차로부근,이륜,남,48세,부상신고,승용,남,69세,상해없음
2019091000100395,2019년 9월 10일 13시,화요일,충청남도 당진시 석문면,중상사고,0,1,2,0,차대차 - 측면충돌,신호위반,젖음/습기,비,교차로 - 교차로안,승용,여,54세,경상,화물,남,41세,경상
2019091000100396,2019년 9월 10일 13시,화요일,충청남도 당진시 채운동,경상사고,0,0,1,0,차대차 - 측면충돌,신호위반,건조,맑음,교차로 - 교차로안,승용,남,64세,상해없음,승용,남,70세,경상
2019091000100479,2019년 9월 10일 15시,화요일,충청남도 아산시 배방읍,경상사고,0,0,1,0,차대사람 - 기타,안전운전불이행,건조,맑음,기타 - 기타,화물,남,41세,상해없음,보행자,남,77세,경상
2019091000100480,2019년 9월 10일 15시,화요일,충청남도 천안시 동남구 신부동,중상사고,0,1,0,0,차대사람 - 기타,안전운전불이행,건조,맑음,교차로 - 교차로안,화물,남,66세,상해없음,보행자,여,7세,중상
2019091000100523,2019년 9월 10일 16시,화요일,충청남도 천안시 서북구 불당동,중상사고,0,2,0,0,차대차 - 측면충돌,신호위반,건조,맑음,교차로 - 교차로안,승용,여,55세,상해없음,승용,남,39세,중상
2019091000100567,2019년 9월 10일 17시,화요일,충청남도 서산시 인지면,경상사고,0,0,2,0,차대차 - 후진중충돌,안전운전불이행,건조,흐림,단일로 - 기타,화물,남,59세,상해없음,승용,남,22세,경상
2019091000100568,2019년 9월 10일 17시,화요일,충청남도 보령시 웅천읍,경상사고,0,0,1,0,차대차 - 추돌,안전거리미확보,건조,맑음,교차로 - 교차로부근,화물,남,75세,상해없음,승용,여,35세,경상
2019091000100569,2019년 9월 10일 17시,화요일,충청남도 금산군 진산면,경상사고,0,0,1,0,차대차 - 추돌,안전운전불이행,건조,맑음,교차로 - 교차로부근,화물,남,55세,상해없음,승용,여,60세,경상
2019091000100611,2019년 9월 10일 18시,화요일,충청남도 청양군 정산면,경상사고,0,0,1,0,차량단독 - 도로외이탈 - 기타,안전운전불이행,건조,맑음,단일로 - 기타,화물,여,53세,경상,,,,
2019091000100663,2019년 9월 10일 19시,화요일,충청남도 서산시 음암면,사망사고,1,0,0,0,차대사람 - 횡단중,안전운전불이행,건조,맑음,교차로 - 교차로안,승용,남,37세,상해없음,보행자,여,70세,사망
2019091000100664,2019년 9월 10일 19시,화요일,충청남도 당진시 용연리,사망사고,1,0,0,0,차량단독 - 전도전복 - 전복,안전운전불이행,건조,흐림,단일로 - 기타,승용,남,33세,사망,,,,
2019091000100714,2019년 9월 10일 20시,화요일,충청남도 홍성군 홍성읍,경상사고,0,0,1,0,차대차 - 기타,안전운전불이행,건조,흐림,단일로 - 기타,승용,남,68세,상해없음,이륜,여,23세,경상
2019091000100715,2019년 9월 10일 20시,화요일,충청남도 아산시 용화동,경상사고,0,0,2,0,차대차 - 기타,신호위반,건조,맑음,교차로 - 교차로안,승용,남,49세,상해없음,승합,남,51세,상해없음
2019091000100766,2019년 9월 10일 21시,화요일,충청남도 서산시 대산읍,중상사고,0,1,0,0,차대사람 - 기타,안전운전불이행,젖음/습기,비,교차로 - 교차로안,승용,남,58세,상해없음,보행자,남,72세,중상
2019091000100767,2019년 9월 10일 21시,화요일,충청남도 아산시 염치읍,경상사고,0,0,1,0,차대차 - 기타,중앙선침범,건조,맑음,단일로 - 기타,승용,여,62세,상해없음,승용,남,54세,경상
2019091000100768,2019년 9월 10일 21시,화요일,충청남도 당진시 원당리,경상사고,0,0,3,1,차대차 - 측면충돌,안전운전불이행,젖음/습기,비,교차로 - 교차로부근,승용,남,38세,경상,승합,남,44세,부상신고
2019091000100812,2019년 9월 10일 22시,화요일,충청남도 천안시 서북구 두정동,경상사고,0,0,1,0,차대차 - 측면충돌,안전운전불이행,건조,맑음,교차로 - 교차로부근,승용,여,45세,상해없음,승용,남,29세,경상
2019091000100813,2019년 9월 10일 22시,화요일,충청남도 보령시 동대동,중상사고,0,1,0,0,차대사람 - 횡단중,보행자보호의무위반,젖음/습기,비,단일로 - 기타,승용,남,56세,상해없음,보행자,남,51세,중상
2019091000100814,2019년 9월 10일 22시,화요일,충청남도 천안시 동남구 신방동,부상신고사고,0,0,0,1,차대차 - 추돌,안전운전불이행,건조,맑음,단일로 - 기타,기타불명,기타불명,미분류,기타불명,이륜,남,40세,부상신고
2019091000100848,2019년 9월 10일 23시,화요일,충청남도 천안시 서북구 불당동,중상사고,0,2,0,0,차대사람 - 횡단중,안전운전불이행,젖음/습기,비,단일로 - 기타,이륜,남,28세,상해없음,보행자,남,35세,중상
2019091000100849,2019년 9월 10일 23시,화요일,충청남도 보령시 내항동,경상사고,0,0,3,0,차대차 - 추돌,안전운전불이행,젖음/습기,비,교차로 - 교차로부근,승용,남,26세,상해없음,승용,남,25세,경상
2019091000100850,2019년 9월 10일 23시,화요일,충청남도 공주시 정안면,경상사고,0,0,1,0,차대차 - 측면충돌,안전운전불이행,건조,맑음,기타 - 기타,승용,남,42세,상해없음,승용,남,45세,경상
2019091100100060,2019년 9월 11일 01시,수요일,충청남도 아산시 배방읍,경상사고,0,0,1,0,차대차 - 기타,안전운전불이행,젖음/습기,비,교차로 - 교차로안,승용,남,25세,상해없음,승용,여,40세,경상
2019091100100120,2019년 9월 11일 06시,수요일,충청남도 서산시 부석면,중상사고,0,1,0,0,차량단독 - 공작물충돌,안전운전불이행,젖음/습기,비,단일로 - 기타,승용,남,51세,중상,,,,
2019091100100121,2019년 9월 11일 06시,수요일,충청남도 천안시 서북구 성거읍,중상사고,0,1,0,0,차대차 - 측면충돌,안전운전불이행,젖음/습기,흐림,단일로 - 기타,승용,남,62세,상해없음,승합,남,54세,중상
2019091100100137,2019년 9월 11일 07시,수요일,충청남도 보령시 대천동,중상사고,0,1,0,0,차대차 - 기타,직진우회전진행방해,건조,맑음,교차로 - 교차로안,승용,여,50세,상해없음,이륜,남,46세,중상
2019091100100177,2019년 9월 11일 08시,수요일,충청남도 아산시 배방읍,경상사고,0,0,1,0,차대차 - 추돌,안전운전불이행,건조,맑음,교차로 - 교차로안,승용,여,28세,상해없음,승용,남,55세,경상
2019091100100216,2019년 9월 11일 09시,수요일,충청남도 아산시 배방읍,경상사고,0,0,1,0,차대차 - 측면충돌,안전운전불이행,건조,맑음,단일로 - 기타,승용,남,58세,상해없음,승합,남,34세,경상
2019091100100217,2019년 9월 11일 09시,수요일,충청남도 금산군 금산읍,중상사고,0,1,0,0,차대차 - 측면충돌,교차로운행방법위반,건조,맑음,교차로 - 교차로안,승용,남,47세,상해없음,이륜,여,62세,중상
2019091100100251,2019년 9월 11일 10시,수요일,충청남도 공주시 금성동,부상신고사고,0,0,0,1,차대차 - 측면충돌,안전운전불이행,건조,맑음,교차로 - 교차로안,이륜,남,77세,부상신고,화물,남,58세,상해없음
2019091100100298,2019년 9월 11일 11시,수요일,충청남도 서산시 동문동,경상사고,0,0,1,0,차대차 - 기타,기타,건조,맑음,단일로 - 기타,승용,남,57세,상해없음,개인형이동수단(PM),남,26세,경상
2019091100100299,2019년 9월 11일 11시,수요일,충청남도 예산군 예산읍,경상사고,0,0,2,0,차대차 - 추돌,안전거리미확보,건조,맑음,교차로 - 교차로부근,화물,남,47세,상해없음,승용,여,61세,경상
2019091100100300,2019년 9월 11일 11시,수요일,충청남도 천안시 동남구 구성동,경상사고,0,0,2,0,차대차 - 기타,안전운전불이행,건조,맑음,단일로 - 기타,화물,남,60세,상해없음,승용,여,35세,경상
2019091100100350,2019년 9월 11일 12시,수요일,충청남도 서산시 고북면,중상사고,0,1,0,0,차대차 - 측면충돌,신호위반,건조,맑음,교차로 - 교차로안,승용,남,43세,중상,화물,남,50세,상해없음
2019091100100378,2019년 9월 11일 13시,수요일,충청남도 천안시 동남구 신부동,경상사고,0,0,2,0,차대차 - 추돌,직진우회전진행방해,건조,맑음,교차로 - 교차로안,화물,남,40세,경상,특수,남,36세,경상
2019091100100422,2019년 9월 11일 14시,수요일,충청남도 천안시 서북구 성정동,경상사고,0,0,1,0,차대차 - 측면충돌,안전운전불이행,건조,맑음,단일로 - 기타,승용,남,46세,상해없음,원동기,남,29세,경상
2019091100100423,2019년 9월 11일 14시,수요일,충청남도 아산시 배방읍,경상사고,0,0,3,0,차대차 - 기타,안전운전불이행,건조,맑음,단일로 - 기타,승용,남,23세,상해없음,승용,여,35세,경상