사고번호,사고일시,요일,시군구,사고내용,사망자수,중상자수,경상자수,부상신고자수,사고유형,법규위반,노면상태,기상상태,도로형태,가해운전자 차종,가해운전자 성별,가해운전자 연령,가해운전자 상해정도,피해운전자 차종,피해운전자 성별,피해운전자 연령,피해운전자 상해정도
2019091700100140,2019년 9월 17일 08시,화요일,충청남도 공주시 중학동,사망사고,1,1,1,0,차대사람 - 횡단중,보행자보호의무위반,건조,맑음,교차로 - 교차로횡단보도내,승합,여,46세,상해없음,보행자,여,32세,중상
2019091700100206,2019년 9월 17일 09시,화요일,충청남도 서산시 동문동,경상사고,0,0,1,0,차대차 - 측면충돌,중앙선침범,건조,맑음,단일로 - 기타,자전거,남,81세,경상,승용,여,40세,상해없음
2019091700100238,2019년 9월 17일 10시,화요일,충청남도 서천군 마서면,경상사고,0,0,2,0,차대차 - 추돌,안전운전불이행,건조,맑음,단일로 - 기타,승용,남,62세,상해없음,승용,여,47세,경상
2019091700100239,2019년 9월 17일 10시,화요일,충청남도 부여군 임천면,사망사고,1,0,0,0,차대사람 - 기타,안전운전불이행,건조,맑음,단일로 - 기타,화물,남,69세,상해없음,보행자,남,62세,사망
2019091700100266,2019년 9월 17일 11시,화요일,충청남도 홍성군 홍성읍,중상사고,0,1,0,0,차대사람 - 차도통행중,안전운전불이행,건조,맑음,단일로 - 기타,승용,남,81세,상해없음,보행자,여,79세,중상
2019091700100267,2019년 9월 17일 11시,화요일,충청남도 서천군 장항읍,중상사고,0,1,1,0,차대차 - 측면충돌,안전운전불이행,건조,맑음,교차로 - 교차로안,승용,남,59세,중상,화물,남,61세,경상
2019091700100312,2019년 9월 17일 12시,화요일,충청남도 태안군 소원면,중상사고,0,1,0,0,차대차 - 추돌,안전운전불이행,건조,맑음,교차로 - 교차로부근,화물,남,42세,상해없음,승용,여,55세,중상
2019091700100339,2019년 9월 17일 13시,화요일,충청남도 천안시 서북구 쌍용동,중상사고,0,1,0,0,차대사람 - 횡단중,안전운전불이행,건조,맑음,교차로 - 교차로부근,승합,남,48세,상해없음,보행자,여,76세,중상
2019091700100340,2019년 9월 17일 13시,화요일,충청남도 논산시 강경읍,중상사고,0,1,0,0,차대차 - 측면충돌,안전운전불이행,건조,맑음,교차로 - 교차로안,승용,남,62세,상해없음,자전거,남,69세,중상
2019091700100404,2019년 9월 17일 15시,화요일,충청남도 아산시 권곡동,중상사고,0,1,2,0,차대차 - 정면충돌,중앙선침범,건조,맑음,단일로 - 기타,승용,남,36세,상해없음,승용,남,63세,중상
2019091700100405,2019년 9월 17일 15시,화요일,충청남도 당진시 시곡리,경상사고,0,0,2,0,차대차 - 측면충돌,안전거리미확보,건조,맑음,단일로 - 기타,승용,남,47세,상해없음,승용,여,34세,경상
2019091700100406,2019년 9월 17일 15시,화요일,충청남도 청양군 화성면,중상사고,0,1,1,0,차량단독 - 도로외이탈 - 기타,안전운전불이행,건조,맑음,단일로 - 기타,승용,여,59세,경상,,,,
2019091700100407,2019년 9월 17일 15시,화요일,충청남도 청양군 화성면,중상사고,0,1,0,0,차대차 - 측면충돌,안전운전불이행,건조,맑음,교차로 - 교차로안,건설기계,남,43세,상해없음,원동기,남,81세,중상
2019091700100408,2019년 9월 17일 15시,화요일,충청남도 천안시 동남구 병천면,중상사고,0,1,0,0,차대사람 - 횡단중,안전운전불이행,건조,맑음,교차로 - 교차로안,화물,남,69세,상해없음,보행자,여,67세,중상
2019091700100409,2019년 9월 17일 15시,화요일,충청남도 태안군 태안읍,중상사고,0,1,1,0,차대차 - 기타,교차로운행방법위반,건조,맑음,교차로 - 교차로안,이륜,남,71세,경상,승용,남,60세,상해없음
2019091700100443,2019년 9월 17일 16시,화요일,충청남도 보령시 죽정동,사망사고,1,0,0,0,차대사람 - 기타,안전운전불이행,건조,맑음,주차장 - 주차장,승용,여,35세,상해없음,보행자,남,54세,사망
2019091700100444,2019년 9월 17일 16시,화요일,충청남도 천안시 동남구 신부동,경상사고,0,0,1,0,차대차 - 측면충돌,불법유턴,건조,맑음,단일로 - 기타,승용,남,58세,상해없음,이륜,남,25세,경상
2019091700100445,2019년 9월 17일 16시,화요일,충청남도 천안시 동남구 원성동,경상사고,0,0,1,0,차대차 - 기타,안전운전불이행,건조,맑음,교차로 - 교차로안,자전거,남,14세,경상,승용,여,45세,상해없음
2019091700100493,2019년 9월 17일 17시,화요일,충청남도 서산시 석림동,부상신고사고,0,0,0,1,차대차 - 측면충돌,신호위반,건조,맑음,교차로 - 교차로안,승용,남,41세,상해없음,승용,남,24세,부상신고
2019091700100494,2019년 9월 17일 17시,화요일,충청남도 보령시 신흑동,중상사고,0,1,0,0,차대차 - 기타,기타,건조,맑음,단일로 - 기타,특수,남,55세,상해없음,승용,여,67세,중상
2019091700100540,2019년 9월 17일 18시,화요일,충청남도 논산시 강경읍,중상사고,0,1,0,0,차대차 - 측면충돌,교차로운행방법위반,건조,맑음,교차로 - 교차로안,승용,남,63세,상해없음,자전거,여,11세,중상
2019091700100596,2019년 9월 17일 19시,화요일,충청남도 서산시 부석면,경상사고,0,0,2,0,차대차 - 후진중충돌,안전운전불이행,젖음/습기,비,단일로 - 기타,화물,남,41세,상해없음,승용,남,50세,경상
2019091700100597,2019년 9월 17일 19시,화요일,충청남도 당진시 읍내리,중상사고,0,1,0,0,차대사람 - 차도통행중,안전운전불이행,건조,흐림,교차로 - 교차로안,승용,남,62세,상해없음,보행자,여,51세,중상
2019091700100629,2019년 9월 17일 20시,화요일,충청남도 서천군 서면,경상사고,0,0,2,0,차대차 - 측면충돌,직진우회전진행방해,건조,맑음,교차로 - 교차로안,승용,남,41세,상해없음,화물,남,40세,경상
2019091700100648,2019년 9월 17일 21시,화요일,충청남도 천안시 서북구 쌍용동,경상사고,0,0,2,0,차대차 - 측면충돌,신호위반,건조,맑음,교차로 - 교차로안,승용,남,49세,상해없음,승용,남,33세,경상
2019091700100693,2019년 9월 17일 23시,화요일,충청남도 논산시 상월면,경상사고,0,0,2,0,차대차 - 측면충돌,신호위반,건조,맑음,교차로 - 교차로안,화물,남,40세,경상,승용,남,38세,경상
2019091800100035,2019년 9월 18일 00시,수요일,충청남도 천안시 서북구 백석동,경상사고,0,0,2,0,차대차 - 기타,안전운전불이행,건조,맑음,교차로 - 교차로부근,승용,남,41세,상해없음,승용,남,23세,경상
2019091800100056,2019년 9월 18일 03시,수요일,충청남도 천안시 서북구 쌍용동,중상사고,0,1,0,0,차대차 - 측면충돌,신호위반,건조,맑음,교차로 - 교차로부근,승합,남,47세,상해없음,승용,남,47세,중상
2019091800100062,2019년 9월 18일 04시,수요일,충청남도 아산시 온천동,경상사고,0,0,1,0,차대차 - 측면충돌,교차로운행방법위반,건조,맑음,교차로 - 교차로안,승용,남,56세,상해없음,자전거,남,78세,경상
2019091800100162,2019년 9월 18일 09시,수요일,충청남도 아산시 권곡동,중상사고,0,1,0,0,차대차 - 추돌,안전운전불이행,건조,맑음,기타 - 기타,승용,여,56세,상해없음,승용,남,21세,중상
2019091800100163,2019년 9월 18일 09시,수요일,충청남도 서천군 마산면,중상사고,0,1,0,0,차대차 - 추돌,안전운전불이행,건조,맑음,단일로 - 기타,화물,남,74세,상해없음,이륜,남,78세,중상
2019091800100164,2019년 9월 18일 09시,수요일,충청남도 당진시 채운동,경상사고,0,0,1,0,차대차 - 측면충돌,안전거리미확보,건조,맑음,교차로 - 교차로안,화물,남,67세,상해없음,승용,남,76세,상해없음
2019091800100165,2019년 9월 18일 09시,수요일,충청남도 당진시 면천면,중상사고,0,1,0,0,차대차 - 기타,안전운전불이행,건조,맑음,단일로 - 기타,승용,여,58세,기타불명,승용,여,64세,중상
2019091800100192,2019년 9월 18일 10시,수요일,충청남도 아산시 온천동,중상사고,0,1,0,0,차대사람 - 횡단중,안전운전불이행,건조,맑음,교차로 - 교차로부근,승용,여,57세,상해없음,보행자,남,75세,중상
2019091800100253,2019년 9월 18일 12시,수요일,충청남도 보령시 명천동,중상사고,0,1,0,0,차대차 - 측면충돌,신호위반,건조,맑음,교차로 - 교차로안,이륜,남,73세,중상,승용,여,61세,상해없음
2019091800100289,2019년 9월 18일 13시,수요일,충청남도 보령시 오천면,중상사고,0,1,0,0,차대사람 - 길가장자리구역통행중,안전운전불이행,건조,맑음,단일로 - 기타,화물,남,63세,상해없음,보행자,여,87세,중상
2019091800100290,2019년 9월 18일 13시,수요일,충청남도 천안시 동남구 다가동,중상사고,0,1,0,0,차대차 - 측면충돌,안전운전불이행,건조,맑음,단일로 - 기타,자전거,남,74세,중상,승용,남,57세,상해없음
2019091800100330,2019년 9월 18일 14시,수요일,충청남도 천안시 서북구 쌍용동,부상신고사고,0,0,0,1,차대차 - 측면충돌,교차로운행방법위반,건조,맑음,교차로 - 교차로안,이륜,남,40세,부상신고,승용,여,31세,상해없음
2019091800100331,2019년 9월 18일 14시,수요일,충청남도 천안시 서북구 두정동,부상신고사고,0,0,0,1,차대차 - 측면충돌,교차로운행방법위반,건조,맑음,교차로 - 교차로안,이륜,남,43세,부상신고,승용,남,69세,상해없음
2019091800100332,2019년 9월 18일 14시,수요일,충청남도 천안시 동남구 청당동,중상사고,0,1,3,0,차대차 - 측면충돌,안전운전불이행,건조,맑음,단일로 - 기타,승용,남,58세,중상,승용,남,52세,경상
2019091800100413,2019년 9월 18일 16시,수요일,충청남도 서산시 동문동,중상사고,0,1,5,0,차대차 - 측면충돌,과속,건조,맑음,교차로 - 교차로안,승용,남,25세,경상,화물,남,42세,중상
2019091800100414,2019년 9월 18일 16시,수요일,충청남도 금산군 금산읍,경상사고,0,0,1,0,차대차 - 측면충돌,안전운전불이행,건조,맑음,기타 - 기타,승용,여,25세,상해없음,자전거,남,75세,경상
2019091800100465,2019년 9월 18일 17시,수요일,충청남도 홍성군 홍동면,경상사고,0,0,1,0,차대차 - 측면충돌,안전운전불이행,건조,맑음,교차로 - 교차로안,승용,여,48세,상해없음,이륜,남,75세,경상
2019091800100466,2019년 9월 18일 17시,수요일,충청남도 예산군 신암면,경상사고,0,0,1,0,차대차 - 추돌,안전운전불이행,건조,맑음,교차로 - 교차로부근,승합,남,47세,상해없음,승용,남,34세,경상
2019091800100527,2019년 9월 18일 18시,수요일,충청남도 홍성군 홍성읍,중상사고,0,1,0,0,차대사람 - 보도통행중,보행자보호의무위반,건조,맑음,교차로 - 교차로안,건설기계,남,61세,상해없음,보행자,여,79세,중상
2019091800100528,2019년 9월 18일 18시,수요일,충청남도 보령시 동대동,경상사고,0,0,3,0,차대차 - 측면충돌,안전운전불이행,건조,맑음,교차로 - 교차로안,승용,남,22세,상해없음,승용,여,48세,경상
2019091800100596,2019년 9월 18일 19시,수요일,충청남도 천안시 서북구 백석동,경상사고,0,0,2,0,차대차 - 측면충돌,신호위반,건조,맑음,교차로 - 교차로안,승용,여,37세,상해없음,승용,남,63세,경상
2019091800100597,2019년 9월 18일 19시,수요일,충청남도 예산군 예산읍,중상사고,0,1,0,0,차대차 - 정면충돌,신호위반,건조,맑음,교차로 - 교차로안,승용,남,30세,상해없음,승용,남,72세,중상
2019091800100598,2019년 9월 18일 19시,수요일,충청남도 청양군 정산면,중상사고,0,1,0,0,차대차 - 측면충돌,안전운전불이행,건조,맑음,교차로 - 교차로안,승용,남,47세,상해없음,이륜,남,24세,중상
2019091900100046,2019년 9월 19일 01시,목요일,충청남도 논산시 등화동,경상사고,0,0,1,1,차대차 - 정면충돌,신호위반,건조,맑음,교차로 - 교차로안,승용,여,31세,부상신고,화물,남,56세,경상
2019091900100077,2019년 9월 19일 05시,목요일,충청남도 홍성군 홍성읍,경상사고,0,0,1,0,차대차 - 추돌,안전운전불이행,건조,맑음,단일로 - 기타,승용,남,23세,경상,화물,남,50세,기타불명
2019091900100091,2019년 9월 19일 06시,목요일,충청남도 천안시 동남구 구룡동,경상사고,0,0,1,0,차대차 - 후진중충돌,안전운전불이행,건조,맑음,단일로 - 기타,화물,남,55세,상해없음,승용,남,31세,경상
2019091900100105,2019년 9월 19일 07시,목요일,충청남도 천안시 서북구 두정동,경상사고,0,0,1,0,차대차 - 추돌,안전운전불이행,건조,맑음,단일로 - 기타,승합,여,58세,상해없음,승용,여,54세,경상
2019091900100151,2019년 9월 19일 08시,목요일,충청남도 천안시 서북구 업성동,경상사고,0,0,1,0,차대차 - 측면충돌,안전운전불이행,건조,맑음,교차로 - 교차로안,승합,남,35세,상해없음,승용,남,31세,경상
2019091900100152,2019년 9월 19일 08시,목요일,충청남도 논산시 취암동,경상사고,0,0,1,0,차대사람 - 횡단중,보행자보호의무위반,건조,맑음,교차로 - 교차로횡단보도내,승용,남,39세,상해없음,보행자,여,16세,경상
2019091900100153,2019년 9월 19일 08시,목요일,충청남도 아산시 신창면,중상사고,0,1,0,0,차대사람 - 횡단중,안전운전불이행,건조,맑음,단일로 - 기타,기타불명,기타불명,미분류,기타불명,보행자,남,71세,중상
2019091900100154,2019년 9월 19일 08시,목요일,충청남도 천안시 동남구 구성동,경상사고,0,0,2,0,차대차 - 기타,안전운전불이행,건조,맑음,단일로 - 기타,승용,여,56세,상해없음,승용,여,36세,경상
2019091900100207,2019년 9월 19일 09시,목요일,충청남도 서천군 마산면,경상사고,0,0,1,0,차대차 - 측면충돌,직진우회전진행방해,건조,맑음,교차로 - 교차로안,승용,남,72세,상해없음,원동기,남,67세,경상
2019091900100234,2019년 9월 19일 10시,목요일,충청남도 공주시 신관동,중상사고,0,1,0,0,차대차 - 추돌,안전운전불이행,건조,맑음,교차로 - 교차로부근,화물,남,44세,상해없음,승용,남,49세,중상
2019091900100235,2019년 9월 19일 10시,목요일,충청남도 예산군 삽교읍,경상사고,0,0,1,0,차대사람 - 길가장자리구역통행중,안전운전불이행,건조,맑음,단일로 - 기타,자전거,여,81세,상해없음,보행자,여,86세,경상
2019091900100296,2019년 9월 19일 12시,목요일,충청남도 당진시 신평면,경상사고,0,0,2,0,차대차 - 기타,안전거리미확보,건조,맑음,단일로 - 기타,승용,남,27세,상해없음,화물,남,74세,경상
2019091900100321,2019년 9월 19일 13시,목요일,충청남도 아산시 배방읍,경상사고,0,0,1,0,차대차 - 후진중충돌,안전운전불이행,건조,맑음,교차로 - 교차로부근,건설기계,남,71세,상해없음,승용,여,23세,경상
2019091900100322,2019년 9월 19일 13시,목요일,충청남도 당진시 송악읍,경상사고,0,0,2,0,차대차 - 측면충돌,안전거리미확보,건조,맑음,교차로 - 교차로부근,화물,남,64세,상해없음,승합,남,48세,경상
2019091900100323,2019년 9월 19일 13시,목요일,충청남도 천안시 동남구 사직동,경상사고,0,0,2,0,차대차 - 기타,기타,건조,맑음,단일로 - 기타,화물,남,36세,상해없음,승용,여,48세,경상
2019091900100354,2019년 9월 19일 14시,목요일,충청남도 서산시 읍내동,경상사고,0,0,1,0,차대차 - 후진중충돌,안전운전불이행,건조,맑음,단일로 - 기타,승용,여,44세,상해없음,승합,여,57세,경상
2019091900100355,2019년 9월 19일 14시,목요일,충청남도 천안시 서북구 불당동,경상사고,0,0,1,0,차대사람 - 횡단중,안전운전불이행,건조,맑음,교차로 - 교차로횡단보도내,승합,남,32세,상해없음,보행자,여,4세,경상
2019091900100356,2019년 9월 19일 14시,목요일,충청남도 공주시 신관동,경상사고,0,0,1,0,차대사람 - 기타,안전운전불이행,건조,맑음,단일로 - 기타,승용,남,46세,상해없음,보행자,여,64세,경상
2019091900100440,2019년 9월 19일 16시,목요일,충청남도 서산시 팔봉면,경상사고,0,0,1,0,차대차 - 측면충돌,기타,건조,맑음,교차로 - 교차로안,승용,여,61세,상해없음,승합,여,46세,상해없음
2019091900100441,2019년 9월 19일 16시,목요일,충청남도 천안시 서북구 두정동,경상사고,0,0,1,0,차대사람 - 기타,안전운전불이행,건조,맑음,교차로 - 교차로부근,승용,남,48세,상해없음,보행자,여,63세,경상
2019091900100442,2019년 9월 19일 16시,목요일,충청남도 천안시 서북구 두정동,경상사고,0,0,1,0,차대차 - 측면충돌,기타,건조,맑음,교차로 - 교차로안,화물,남,37세,상해없음,승용,남,56세,상해없음
2019091900100476,2019년 9월 19일 17시,목요일,충청남도 천안시 서북구 쌍용동,경상사고,0,0,1,0,차대차 - 추돌,안전운전불이행,건조,맑음,단일로 - 기타,개인형이동수단(PM),남,40세,상해없음,승용,남,25세,경상
2019091900100515,2019년 9월 19일 18시,목요일,충청남도 아산시 신창면,경상사고,0,0,1,0,차대사람 - 차도통행중,안전운전불이행,건조,맑음,단일로 - 기타,승용,남,26세,상해없음,보행자,여,23세,경상
2019091900100516,2019년 9월 19일 18시,목요일,충청남도 아산시 온천동,중상사고,0,2,0,0,차대사람 - 횡단중,보행자보호의무위반,건조,맑음,교차로 - 교차로횡단보도내,화물,남,45세,상해없음,보행자,여,58세,중상
2019091900100517,2019년 9월 19일 18시,목요일,충청남도 부여군 구룡면,중상사고,0,1,0,0,차대차 - 측면충돌,직진우회전진행방해,건조,맑음,단일로 - 기타,승용,남,61세,상해없음,승용,남,37세,중상
2019091900100591,2019년 9월 19일 20시,목요일,충청남도 당진시 송산면,경상사고,0,0,1,0,차대차 - 측면충돌,신호위반,건조,맑음,교차로 - 교차로안,승용,여,33세,상해없음,승용,남,28세,경상
2019091900100592,2019년 9월 19일 20시,목요일,충청남도 천안시 동남구 신부동,중상사고,0,2,0,0,차대차 - 측면충돌,안전운전불이행,건조,맑음,교차로 - 교차로부근,승합,남,44세,상해없음,승용,남,40세,중상
2019091900100593,2019년 9월 19일 20시,목요일,충청남도 천안시 동남구 신방동,중상사고,0,2,2,0,차대차 - 측면충돌,신호위반,건조,맑음,교차로 - 교차로안,승용,남,47세,경상,승용,남,62세,중상
2019091900100618,2019년 9월 19일 21시,목요일,충청남도 천안시 서북구 불당동,중상사고,0,1,2,0,차대차 - 측면충돌,중앙선침범,건조,맑음,단일로 - 기타,승용,남,47세,상해없음,화물,여,55세,경상
2019091900100619,2019년 9월 19일 21시,목요일,충청남도 공주시 석장리동,중상사고,0,1,0,0,차량단독 - 전도전복 - 전도,안전운전불이행,건조,맑음,단일로 - 기타,이륜,남,25세,중상,,,,
2019091900100651,2019년 9월 19일 22시,목요일,충청남도 천안시 서북구 신당동,경상사고,0,0,1,0,차대차 - 추돌,안전운전불이행,건조,맑음,기타 - 기타,승용,여,53세,상해없음,승용,여,40세,경상
2019091900100670,2019년 9월 19일 23시,목요일,충청남도 천안시 서북구 두정동,부상신고사고,0,0,0,1,차대차 - 기타,안전운전불이행,건조,맑음,교차로 - 교차로안,기타불명,기타불명,미분류,기타불명,승용,남,56세,상해없음
2019092000100041,2019년 9월 20일 01시,금요일,충청남도 아산시 인주면,경상사고,0,0,2,1,차대차 - 정면충돌,중앙선침범,건조,맑음,단일로 - 기타,승용,남,37세,부상신고,승용,남,40세,경상
2019092000100049,2019년 9월 20일 02시,금요일,충청남도 논산시 연무읍,중상사고,0,1,0,0,차대차 - 추돌,안전운전불이행,건조,맑음,기타 - 기타,승용,남,65세,상해없음,승용,남,30세,중상
2019092000100092,2019년 9월 20일 06시,금요일,충청남도 논산시 취암동,경상사고,0,0,6,0,차대차 - 추돌,안전운전불이행,건조,맑음,교차로 - 교차로부근,화물,남,39세,상해없음,승용,남,40세,경상
2019092000100093,2019년 9월 20일 06시,금요일,충청남도 논산시 내동,경상사고,0,0,2,0,차대차 - 측면충돌,안전운전불이행,건조,맑음,단일로 - 기타,승용,남,40세,경상,승용,남,51세,경상
2019092000100112,2019년 9월 20일 07시,금요일,충청남도 금산군 제원면,경상사고,0,0,1,0,차대차 - 정면충돌,중앙선침범,건조,맑음,단일로 - 터널,승용,남,77세,상해없음,화물,남,40세,경상
2019092000100155,2019년 9월 20일 08시,금요일,충청남도 서산시 읍내동,중상사고,0,1,0,0,차대사람 - 횡단중,안전운전불이행,건조,맑음,교차로 - 교차로안,승용,여,33세,상해없음,보행자,남,82세,중상
2019092000100156,2019년 9월 20일 08시,금요일,충청남도 천안시 서북구 쌍용동,중상사고,0,1,0,0,차대사람 - 차도통행중,안전운전불이행,건조,맑음,교차로 - 교차로안,화물,남,36세,상해없음,보행자,남,74세,중상
2019092000100157,2019년 9월 20일 08시,금요일,충청남도 부여군 부여읍,경상사고,0,0,2,0,차대차 - 추돌,안전운전불이행,건조,맑음,교차로 - 교차로부근,승용,여,33세,상해없음,승용,여,49세,경상
2019092000100234,2019년 9월 20일 10시,금요일,충청남도 천안시 서북구 성환읍,부상신고사고,0,0,0,1,차대차 - 측면충돌,신호위반,건조,맑음,교차로 - 교차로안,이륜,남,76세,부상신고,화물,남,57세,상해없음
2019092000100235,2019년 9월 20일 10시,금요일,충청남도 당진시 원당리,경상사고,0,0,1,0,차대차 - 측면충돌,신호위반,건조,맑음,교차로 - 교차로안,승용,여,44세,상해없음,승용,남,26세,경상
2019092000100310,2019년 9월 20일 12시,금요일,충청남도 아산시 도고면,경상사고,0,0,1,0,차대차 - 기타,안전운전불이행,건조,맑음,교차로 - 교차로안,승용,남,46세,상해없음,승용,여,25세,경상
2019092000100342,2019년 9월 20일 13시,금요일,충청남도 천안시 서북구 불당동,경상사고,0,0,1,0,차대차 - 측면충돌,신호위반,건조,맑음,교차로 - 교차로안,승용,여,42세,상해없음,이륜,남,44세,경상
2019092000100343,2019년 9월 20일 13시,금요일,충청남도 천안시 동남구 다가동,사망사고,1,0,0,0,차량단독 - 공작물충돌,안전운전불이행,건조,맑음,단일로 - 기타,승용,남,62세,사망,,,,
2019092000100358,2019년 9월 20일 14시,금요일,충청남도 서산시 해미면,경상사고,0,0,1,0,차대차 - 측면충돌,안전운전불이행,건조,맑음,교차로 - 교차로안,화물,남,67세,상해없음,승용,여,60세,경상
2019092000100359,2019년 9월 20일 14시,금요일,충청남도 천안시 서북구 두정동,중상사고,0,1,0,0,차대차 - 측면충돌,안전운전불이행,건조,맑음,교차로 - 교차로부근,승용,여,35세,상해없음,자전거,남,77세,중상
2019092000100432,2019년 9월 20일 16시,금요일,충청남도 서산시 대산읍,경상사고,0,0,3,0,차대차 - 측면충돌,신호위반,건조,맑음,교차로 - 교차로부근,화물,남,25세,상해없음,화물,남,42세,경상
2019092000100478,2019년 9월 20일 17시,금요일,충청남도 천안시 서북구 성거읍,경상사고,0,0,2,0,차대차 - 추돌,안전운전불이행,건조,맑음,단일로 - 기타,승용,남,55세,상해없음,승용,남,55세,경상
2019092000100479,2019년 9월 20일 17시,금요일,충청남도 논산시 취암동,중상사고,0,3,0,0,차대차 - 정면충돌,중앙선침범,건조,맑음,단일로 - 기타,화물,남,64세,상해없음,화물,남,67세,중상
2019092000100480,2019년 9월 20일 17시,금요일,충청남도 논산시 취암동,경상사고,0,0,1,0,차대차 - 추돌,안전운전불이행,건조,맑음,단일로 - 기타,이륜,남,30세,상해없음,승용,남,60세,경상
2019092000100568,2019년 9월 20일 19시,금요일,충청남도 천안시 서북구 와촌동,중상사고,0,1,0,0,차대사람 - 기타,안전운전불이행,건조,맑음,교차로 - 교차로안,화물,남,57세,상해없음,보행자,여,59세,중상
2019092000100569,2019년 9월 20일 19시,금요일,충청남도 천안시 서북구 두정동,중상사고,0,1,1,0,차대차 - 정면충돌,신호위반,건조,맑음,교차로 - 교차로안,원동기,남,53세,중상,승용,남,28세,경상
2019092000100570,2019년 9월 20일 19시,금요일,충청남도 천안시 서북구 두정동,경상사고,0,0,1,0,차대차 - 기타,안전거리미확보,건조,맑음,단일로 - 기타,승용,남,50세,상해없음,이륜,남,18세,경상
2019092000100571,2019년 9월 20일 19시,금요일,충청남도 천안시 서북구 쌍용동,경상사고,0,0,3,0,차대차 - 추돌,안전운전불이행,건조,맑음,단일로 - 기타,화물,남,28세,상해없음,화물,남,22세,경상
2019092000100572,2019년 9월 20일 19시,금요일,충청남도 태안군 태안읍,중상사고,0,1,0,0,차대사람 - 횡단중,안전운전불이행,건조,맑음,단일로 - 기타,승용,남,29세,상해없음,보행자,남,85세,중상
2019092000100616,2019년 9월 20일 20시,금요일,충청남도 천안시 동남구 풍세면,경상사고,0,0,2,0,차대차 - 추돌,안전운전불이행,건조,맑음,교차로 - 교차로부근,승용,여,55세,상해없음,승용,남,33세,경상
2019092000100644,2019년 9월 20일 21시,금요일,충청남도 천안시 서북구 두정동,경상사고,0,0,1,0,차대사람 - 횡단중,보행자보호의무위반,건조,맑음,교차로 - 교차로횡단보도내,승용,남,19세,상해없음,보행자,여,25세,경상
2019092000100645,2019년 9월 20일 21시,금요일,충청남도 아산시 온천동,경상사고,0,0,1,0,차대차 - 추돌,안전운전불이행,건조,기타,교차로 - 교차로횡단보도내,승용,여,46세,상해없음,승용,남,56세,경상
2019092000100685,2019년 9월 20일 22시,금요일,충청남도 아산시 염치읍,경상사고,0,0,1,0,차대차 - 기타,안전운전불이행,건조,맑음,단일로 - 기타,승용,남,45세,상해없음,승용,남,56세,경상
2019092100100038,2019년 9월 21일 00시,토요일,충청남도 아산시 모종동,경상사고,0,0,1,0,차대차 - 측면충돌,신호위반,건조,맑음,교차로 - 교차로안,이륜,남,19세,상해없음,승용,여,35세,경상
2019092100100039,2019년 9월 21일 00시,토요일,충청남도 아산시 방축동,경상사고,0,0,1,0,차대차 - 기타,안전운전불이행,건조,맑음,교차로 - 교차로안,승용,남,46세,상해없음,기타불명,기타불명,미분류,기타불명
2019092100100040,2019년 9월 21일 00시,토요일,충청남도 천안시 동남구 사직동,중상사고,0,1,0,0,차대사람 - 기타,안전운전불이행,건조,맑음,단일로 - 기타,승용,남,56세,상해없음,보행자,남,55세,중상
2019092100100127,2019년 9월 21일 06시,토요일,충청남도 서산시 해미면,중상사고,0,2,0,0,차량단독 - 공작물충돌,안전운전불이행,건조,맑음,교차로 - 교차로안,화물,남,61세,상해없음,,,,
2019092100100128,2019년 9월 21일 06시,토요일,충청남도 당진시 합덕읍,경상사고,0,0,1,0,차대사람 - 기타,안전운전불이행,건조,맑음,교차로 - 교차로부근,자전거,남,64세,상해없음,보행자,여,32세,경상
2019092100100185,2019년 9월 21일 09시,토요일,충청남도 천안시 서북구 성정동,경상사고,0,0,1,0,차대차 - 추돌,안전운전불이행,젖음/습기,비,단일로 - 기타,승용,남,20세,상해없음,승용,여,34세,경상
2019092100100208,2019년 9월 21일 10시,토요일,충청남도 천안시 서북구 쌍용동,중상사고,0,1,0,0,차대차 - 측면충돌,차로위반,젖음/습기,비,단일로 - 고가도로위,승용,남,24세,상해없음,승용,여,54세,중상
2019092100100209,2019년 9월 21일 10시,토요일,충청남도 홍성군 홍성읍,중상사고,0,1,1,0,차대사람 - 기타,안전운전불이행,건조,맑음,기타 - 기타,화물,남,67세,상해없음,보행자,여,71세,중상
2019092100100210,2019년 9월 21일 10시,토요일,충청남도 보령시 명천동,중상사고,0,1,0,0,차대사람 - 기타,안전운전불이행,젖음/습기,비,기타 - 기타,화물,남,63세,상해없음,보행자,남,42세,중상
2019092100100240,2019년 9월 21일 11시,토요일,충청남도 예산군 응봉면,경상사고,0,0,2,0,차대차 - 측면충돌,직진우회전진행방해,건조,맑음,교차로 - 교차로안,승용,여,51세,상해없음,승용,남,68세,경상
2019092100100291,2019년 9월 21일 12시,토요일,충청남도 천안시 서북구 두정동,경상사고,0,0,1,0,차대차 - 측면충돌,안전거리미확보,젖음/습기,비,단일로 - 고가도로위,승용,남,26세,상해없음,승용,남,60세,경상
2019092100100292,2019년 9월 21일 12시,토요일,충청남도 예산군 예산읍,중상사고,0,1,0,0,차량단독 - 전도전복 - 전도,안전운전불이행,젖음/습기,흐림,단일로 - 기타,이륜,남,71세,중상,,,,