사고번호,사고일시,요일,시군구,사고내용,사망자수,중상자수,경상자수,부상신고자수,사고유형,법규위반,노면상태,기상상태,도로형태,가해운전자 차종,가해운전자 성별,가해운전자 연령,가해운전자 상해정도,피해운전자 차종,피해운전자 성별,피해운전자 연령,피해운전자 상해정도
2019092100100321,2019년 9월 21일 13시,토요일,충청남도 천안시 동남구 신부동,경상사고,0,0,1,0,차대차 - 측면충돌,안전운전불이행,젖음/습기,비,단일로 - 기타,승용,여,61세,상해없음,승합,남,53세,경상
2019092100100358,2019년 9월 21일 14시,토요일,충청남도 보령시 명천동,경상사고,0,0,1,0,차대차 - 측면충돌,안전거리미확보,건조,맑음,교차로 - 교차로안,승용,남,52세,상해없음,승용,여,34세,경상
2019092100100359,2019년 9월 21일 14시,토요일,충청남도 천안시 동남구 신방동,중상사고,0,1,0,0,차대차 - 측면충돌,중앙선침범,젖음/습기,비,단일로 - 기타,승용,남,64세,상해없음,이륜,남,48세,중상
2019092100100391,2019년 9월 21일 15시,토요일,충청남도 천안시 서북구 불당동,경상사고,0,0,3,0,차대차 - 측면충돌,신호위반,젖음/습기,비,교차로 - 교차로안,승용,남,67세,상해없음,승용,남,64세,경상
2019092100100392,2019년 9월 21일 15시,토요일,충청남도 태안군 소원면,경상사고,0,0,2,0,차량단독 - 전도전복 - 전도,안전운전불이행,건조,흐림,교차로 - 교차로안,기타불명,남,48세,상해없음,,,,
2019092100100431,2019년 9월 21일 16시,토요일,충청남도 서천군 비인면,사망사고,1,0,0,0,차량단독 - 공작물충돌,안전운전불이행,젖음/습기,비,단일로 - 기타,승용,남,24세,사망,,,,
2019092100100432,2019년 9월 21일 16시,토요일,충청남도 당진시 면천면,경상사고,0,0,1,0,차대사람 - 기타,보행자보호의무위반,젖음/습기,비,교차로 - 교차로부근,승용,남,57세,상해없음,보행자,남,58세,경상
2019092100100463,2019년 9월 21일 17시,토요일,충청남도 서산시 부석면,경상사고,0,0,3,0,차대차 - 측면충돌,중앙선침범,젖음/습기,비,단일로 - 기타,화물,남,71세,상해없음,승용,남,33세,경상
2019092100100464,2019년 9월 21일 17시,토요일,충청남도 아산시 신동,경상사고,0,0,1,0,차대차 - 추돌,안전운전불이행,젖음/습기,비,교차로 - 교차로부근,승용,여,39세,상해없음,승용,남,34세,경상
2019092100100506,2019년 9월 21일 18시,토요일,충청남도 천안시 서북구 두정동,경상사고,0,0,1,0,차대차 - 기타,신호위반,건조,맑음,교차로 - 교차로안,기타불명,기타불명,미분류,기타불명,승용,남,52세,경상
2019092100100507,2019년 9월 21일 18시,토요일,충청남도 논산시 연산면,중상사고,0,1,0,0,차대차 - 추돌,안전운전불이행,젖음/습기,비,단일로 - 교량,승용,남,30세,상해없음,승용,남,69세,중상
2019092100100508,2019년 9월 21일 18시,토요일,충청남도 아산시 탕정면,경상사고,0,0,1,0,차대차 - 기타,안전운전불이행,젖음/습기,비,교차로 - 교차로안,승용,남,43세,상해없음,승용,남,22세,경상
2019092100100509,2019년 9월 21일 18시,토요일,충청남도 아산시 탕정면,경상사고,0,0,1,0,차대차 - 후진중충돌,안전운전불이행,젖음/습기,비,교차로 - 교차로부근,승용,남,42세,상해없음,승용,남,43세,경상
2019092100100510,2019년 9월 21일 18시,토요일,충청남도 천안시 동남구 북면,경상사고,0,0,1,0,차대차 - 추돌,안전운전불이행,젖음/습기,맑음,교차로 - 교차로부근,기타불명,기타불명,미분류,기타불명,화물,남,63세,경상
2019092100100561,2019년 9월 21일 19시,토요일,충청남도 천안시 서북구 쌍용동,경상사고,0,0,2,0,차대차 - 측면충돌,신호위반,젖음/습기,비,교차로 - 교차로안,승용,남,69세,상해없음,승용,남,39세,경상
2019092100100562,2019년 9월 21일 19시,토요일,충청남도 천안시 서북구 두정동,중상사고,0,1,0,0,차대차 - 측면충돌,안전운전불이행,젖음/습기,비,교차로 - 교차로안,승용,남,38세,상해없음,이륜,남,18세,중상
2019092100100563,2019년 9월 21일 19시,토요일,충청남도 천안시 서북구 두정동,경상사고,0,0,1,0,차대차 - 기타,안전거리미확보,젖음/습기,비,단일로 - 기타,승용,남,43세,상해없음,이륜,남,37세,경상
2019092100100564,2019년 9월 21일 19시,토요일,충청남도 아산시 배방읍,경상사고,0,0,1,0,차량단독 - 기타,안전운전불이행,젖음/습기,비,단일로 - 기타,승합,남,51세,상해없음,,,,
2019092100100565,2019년 9월 21일 19시,토요일,충청남도 아산시 배방읍,중상사고,0,2,0,0,차대차 - 추돌,신호위반,젖음/습기,비,교차로 - 교차로안,승합,남,62세,상해없음,승용,여,40세,중상
2019092100100566,2019년 9월 21일 19시,토요일,충청남도 아산시 배방읍,경상사고,0,0,1,0,차대사람 - 보도통행중,신호위반,젖음/습기,비,교차로 - 교차로횡단보도내,승용,여,63세,상해없음,보행자,여,21세,경상
2019092100100567,2019년 9월 21일 19시,토요일,충청남도 아산시 온천동,경상사고,0,0,1,0,차대차 - 기타,안전운전불이행,젖음/습기,비,단일로 - 기타,기타불명,기타불명,미분류,기타불명,자전거,여,22세,경상
2019092100100568,2019년 9월 21일 19시,토요일,충청남도 당진시 시곡리,경상사고,0,0,4,0,차대차 - 측면충돌,안전운전불이행,젖음/습기,비,단일로 - 기타,승용,남,30세,상해없음,승용,여,30세,경상
2019092100100569,2019년 9월 21일 19시,토요일,충청남도 당진시 읍내리,경상사고,0,0,1,0,차대차 - 후진중충돌,안전운전불이행,젖음/습기,비,단일로 - 기타,승용,남,42세,상해없음,승용,여,40세,기타불명
2019092100100624,2019년 9월 21일 20시,토요일,충청남도 천안시 서북구 불당동,중상사고,0,1,0,0,차대차 - 기타,불법유턴,젖음/습기,비,단일로 - 기타,승용,남,61세,상해없음,원동기,남,58세,중상
2019092100100625,2019년 9월 21일 20시,토요일,충청남도 아산시 득산동,중상사고,0,1,0,0,차대차 - 추돌,안전운전불이행,젖음/습기,비,단일로 - 기타,승용,남,63세,상해없음,승용,남,61세,중상
2019092100100672,2019년 9월 21일 21시,토요일,충청남도 아산시 염치읍,경상사고,0,0,1,0,차대차 - 기타,안전운전불이행,젖음/습기,비,교차로 - 교차로부근,승용,남,39세,상해없음,승용,남,42세,경상
2019092200100030,2019년 9월 22일 00시,일요일,충청남도 천안시 서북구 불당동,경상사고,0,0,2,0,차대차 - 추돌,안전운전불이행,젖음/습기,비,단일로 - 기타,승용,남,41세,상해없음,승용,남,31세,경상
2019092200100031,2019년 9월 22일 00시,일요일,충청남도 아산시 용화동,경상사고,0,0,1,0,차대사람 - 기타,안전운전불이행,젖음/습기,비,교차로 - 교차로안,승용,남,18세,기타불명,보행자,여,21세,경상
2019092200100047,2019년 9월 22일 01시,일요일,충청남도 천안시 서북구 성정동,경상사고,0,0,1,0,차대차 - 추돌,안전운전불이행,젖음/습기,맑음,단일로 - 기타,승용,남,42세,상해없음,이륜,남,38세,경상
2019092200100086,2019년 9월 22일 03시,일요일,충청남도 천안시 서북구 성정동,경상사고,0,0,1,0,차대차 - 추돌,안전운전불이행,젖음/습기,비,교차로 - 교차로부근,승용,남,24세,상해없음,승용,남,62세,경상
2019092200100108,2019년 9월 22일 05시,일요일,충청남도 서산시 예천동,경상사고,0,0,3,0,차대차 - 추돌,안전운전불이행,젖음/습기,비,단일로 - 기타,승용,남,56세,상해없음,승용,남,41세,경상
2019092200100123,2019년 9월 22일 07시,일요일,충청남도 천안시 서북구 두정동,경상사고,0,0,2,0,차대차 - 측면충돌,안전운전불이행,젖음/습기,비,교차로 - 교차로부근,화물,남,22세,상해없음,승용,여,21세,경상
2019092200100152,2019년 9월 22일 09시,일요일,충청남도 당진시 시곡리,경상사고,0,0,1,0,차대차 - 추돌,안전운전불이행,건조,맑음,교차로 - 교차로부근,승용,여,39세,상해없음,승용,여,42세,경상
2019092200100181,2019년 9월 22일 11시,일요일,충청남도 보령시 죽정동,중상사고,0,1,0,0,차대차 - 정면충돌,중앙선침범,젖음/습기,비,단일로 - 기타,화물,남,49세,상해없음,화물,남,59세,중상
2019092200100204,2019년 9월 22일 12시,일요일,충청남도 천안시 서북구 쌍용동,중상사고,0,1,0,0,차대사람 - 기타,안전운전불이행,젖음/습기,비,단일로 - 기타,승용,남,68세,상해없음,보행자,여,80세,중상
2019092200100228,2019년 9월 22일 13시,일요일,충청남도 당진시 신평면,경상사고,0,0,3,0,차대차 - 측면충돌,신호위반,건조,맑음,교차로 - 교차로안,승용,남,60세,상해없음,승용,남,33세,경상
2019092200100258,2019년 9월 22일 14시,일요일,충청남도 천안시 서북구 직산읍,경상사고,0,0,2,0,차대차 - 기타,안전운전불이행,젖음/습기,비,단일로 - 기타,승용,여,24세,상해없음,승용,남,61세,경상
2019092200100284,2019년 9월 22일 15시,일요일,충청남도 논산시 강경읍,중상사고,0,2,2,0,차대차 - 측면충돌,직진우회전진행방해,젖음/습기,비,교차로 - 교차로안,승용,남,56세,상해없음,승용,남,65세,중상
2019092200100337,2019년 9월 22일 17시,일요일,충청남도 서산시 장동,경상사고,0,0,1,0,차량단독 - 공작물충돌,안전운전불이행,젖음/습기,비,단일로 - 기타,화물,남,68세,경상,,,,
2019092200100338,2019년 9월 22일 17시,일요일,충청남도 논산시 광석면,중상사고,0,1,0,0,차대차 - 기타,안전운전불이행,젖음/습기,비,단일로 - 기타,승용,남,41세,상해없음,승용,남,31세,상해없음
2019092200100395,2019년 9월 22일 19시,일요일,충청남도 아산시 염치읍,경상사고,0,0,3,0,차대차 - 기타,안전운전불이행,젖음/습기,흐림,교차로 - 교차로부근,화물,남,55세,상해없음,승용,남,53세,경상
2019092200100396,2019년 9월 22일 19시,일요일,충청남도 아산시 음봉면,중상사고,0,1,0,0,차대차 - 기타,안전운전불이행,젖음/습기,흐림,교차로 - 교차로부근,승용,남,32세,상해없음,이륜,남,35세,중상
2019092200100431,2019년 9월 22일 20시,일요일,충청남도 보령시 대천동,경상사고,0,0,3,0,차대차 - 기타,안전운전불이행,건조,맑음,교차로 - 교차로부근,화물,남,38세,상해없음,승용,남,47세,경상
2019092200100466,2019년 9월 22일 21시,일요일,충청남도 아산시 음봉면,경상사고,0,0,1,0,차대차 - 기타,안전운전불이행,건조,맑음,교차로 - 교차로안,승용,남,56세,기타불명,승용,남,35세,경상
2019092200100487,2019년 9월 22일 22시,일요일,충청남도 아산시 배방읍,경상사고,0,0,1,0,차대차 - 기타,신호위반,건조,맑음,교차로 - 교차로안,승용,남,60세,상해없음,승용,남,50세,경상
2019092300100074,2019년 9월 23일 06시,월요일,충청남도 홍성군 금마면,경상사고,0,0,3,0,차대차 - 측면충돌,안전운전불이행,건조,맑음,교차로 - 교차로안,승합,남,56세,상해없음,화물,남,53세,경상
2019092300100075,2019년 9월 23일 06시,월요일,충청남도 아산시 인주면,중상사고,0,1,1,0,차대차 - 기타,안전운전불이행,건조,맑음,단일로 - 기타,기타불명,기타불명,미분류,기타불명,화물,남,53세,중상
2019092300100093,2019년 9월 23일 07시,월요일,충청남도 천안시 서북구 불당동,중상사고,0,1,0,0,차대차 - 측면충돌,신호위반,건조,맑음,교차로 - 교차로안,승용,남,48세,상해없음,승용,남,44세,중상
2019092300100094,2019년 9월 23일 07시,월요일,충청남도 아산시 탕정면,경상사고,0,0,1,0,차대차 - 추돌,안전운전불이행,건조,맑음,단일로 - 기타,화물,남,62세,상해없음,승용,남,30세,상해없음
2019092300100095,2019년 9월 23일 07시,월요일,충청남도 아산시 배방읍,경상사고,0,0,2,0,차대차 - 추돌,안전운전불이행,건조,맑음,단일로 - 기타,승용,남,59세,상해없음,승용,남,42세,경상
2019092300100096,2019년 9월 23일 07시,월요일,충청남도 공주시 반포면,경상사고,0,0,4,0,차대차 - 추돌,안전거리미확보,건조,맑음,교차로 - 교차로부근,승용,남,27세,경상,승용,여,43세,경상
2019092300100097,2019년 9월 23일 07시,월요일,충청남도 당진시 수청리,경상사고,0,0,1,0,차대차 - 추돌,안전운전불이행,건조,맑음,교차로 - 교차로부근,화물,남,57세,상해없음,승용,여,52세,경상
2019092300100142,2019년 9월 23일 08시,월요일,충청남도 보령시 대천동,중상사고,0,1,0,0,차대차 - 기타,직진우회전진행방해,건조,맑음,교차로 - 교차로안,승용,남,40세,상해없음,이륜,남,87세,중상
2019092300100143,2019년 9월 23일 08시,월요일,충청남도 예산군 예산읍,경상사고,0,0,1,0,차대차 - 측면충돌,신호위반,건조,맑음,교차로 - 교차로안,이륜,남,72세,경상,화물,남,78세,상해없음
2019092300100144,2019년 9월 23일 08시,월요일,충청남도 부여군 남면,중상사고,0,2,0,0,차대차 - 추돌,중앙선침범,건조,맑음,단일로 - 기타,이륜,남,82세,중상,화물,남,52세,중상
2019092300100145,2019년 9월 23일 08시,월요일,충청남도 당진시 합덕읍,경상사고,0,0,1,0,차대차 - 측면충돌,직진우회전진행방해,건조,맑음,교차로 - 교차로안,승용,여,44세,상해없음,승용,남,24세,경상
2019092300100146,2019년 9월 23일 08시,월요일,충청남도 천안시 동남구 원성동,경상사고,0,0,1,0,차대차 - 측면충돌,안전거리미확보,건조,맑음,단일로 - 기타,화물,남,48세,상해없음,화물,남,54세,경상
2019092300100147,2019년 9월 23일 08시,월요일,충청남도 태안군 원북면,중상사고,0,1,1,0,차대차 - 추돌,안전운전불이행,건조,맑음,단일로 - 기타,승용,남,38세,상해없음,승용,남,50세,중상
2019092300100181,2019년 9월 23일 09시,월요일,충청남도 예산군 오가면,경상사고,0,0,1,0,차대차 - 추돌,안전거리미확보,건조,맑음,단일로 - 기타,승합,남,54세,상해없음,화물,남,61세,경상
2019092300100219,2019년 9월 23일 10시,월요일,충청남도 천안시 서북구 두정동,사망사고,1,0,0,0,차대사람 - 차도통행중,기타,건조,맑음,단일로 - 기타,승용,남,77세,상해없음,보행자,여,68세,사망
2019092300100220,2019년 9월 23일 10시,월요일,충청남도 논산시 광석면,경상사고,0,0,1,0,차대차 - 측면충돌,차로위반,건조,맑음,단일로 - 기타,승용,여,67세,상해없음,승용,여,70세,경상
2019092300100248,2019년 9월 23일 11시,월요일,충청남도 계룡시 엄사면,중상사고,0,1,0,0,차대차 - 정면충돌,안전운전불이행,건조,맑음,주차장 - 주차장,승용,남,45세,중상,승용,남,56세,상해없음
2019092300100249,2019년 9월 23일 11시,월요일,충청남도 천안시 동남구 북면,경상사고,0,0,3,0,차대차 - 측면충돌,직진우회전진행방해,건조,맑음,교차로 - 교차로안,승용,여,53세,경상,화물,남,59세,경상
2019092300100275,2019년 9월 23일 12시,월요일,충청남도 예산군 오가면,경상사고,0,0,2,0,차대차 - 정면충돌,신호위반,건조,맑음,교차로 - 교차로안,승용,남,80세,상해없음,승용,남,63세,경상
2019092300100310,2019년 9월 23일 13시,월요일,충청남도 당진시 읍내리,중상사고,0,1,0,0,차대차 - 측면충돌,안전운전불이행,건조,맑음,교차로 - 교차로부근,승용,여,39세,상해없음,이륜,남,36세,중상
2019092300100344,2019년 9월 23일 14시,월요일,충청남도 서천군 장항읍,중상사고,0,1,1,0,차대차 - 추돌,안전거리미확보,건조,맑음,단일로 - 기타,화물,남,63세,상해없음,건설기계,남,42세,경상
2019092300100384,2019년 9월 23일 15시,월요일,충청남도 서산시 예천동,중상사고,0,1,0,0,차대차 - 측면충돌,차로위반,건조,맑음,교차로 - 교차로부근,이륜,남,52세,중상,승용,여,35세,상해없음
2019092300100451,2019년 9월 23일 17시,월요일,충청남도 논산시 광석면,경상사고,0,0,2,0,차대차 - 측면충돌,안전운전불이행,건조,맑음,교차로 - 교차로안,승용,남,75세,상해없음,화물,남,41세,경상
2019092300100452,2019년 9월 23일 17시,월요일,충청남도 당진시 시곡리,경상사고,0,0,3,0,차대차 - 추돌,안전운전불이행,건조,맑음,단일로 - 기타,승용,남,29세,경상,화물,남,29세,경상
2019092300100507,2019년 9월 23일 18시,월요일,충청남도 천안시 동남구 목천읍,중상사고,0,1,2,0,차대차 - 측면충돌,불법유턴,건조,맑음,단일로 - 기타,화물,남,55세,상해없음,승용,남,67세,경상
2019092300100594,2019년 9월 23일 20시,월요일,충청남도 보령시 신흑동,경상사고,0,0,1,0,차대차 - 측면충돌,신호위반,건조,맑음,교차로 - 교차로안,승용,남,61세,상해없음,승용,남,50세,경상
2019092300100620,2019년 9월 23일 21시,월요일,충청남도 천안시 서북구 쌍용동,경상사고,0,0,2,0,차대차 - 정면충돌,신호위반,건조,맑음,교차로 - 교차로안,승용,남,54세,상해없음,승용,남,40세,경상
2019092300100621,2019년 9월 23일 21시,월요일,충청남도 천안시 서북구 성정동,경상사고,0,0,2,0,차대차 - 기타,안전운전불이행,건조,맑음,교차로 - 교차로안,승용,남,35세,상해없음,승용,여,46세,경상
2019092300100622,2019년 9월 23일 21시,월요일,충청남도 천안시 서북구 쌍용동,경상사고,0,0,1,0,차대차 - 정면충돌,신호위반,건조,맑음,교차로 - 교차로안,승용,남,40세,상해없음,승용,여,40세,경상
2019092300100623,2019년 9월 23일 21시,월요일,충청남도 금산군 금산읍,중상사고,0,1,0,0,차대사람 - 횡단중,보행자보호의무위반,건조,맑음,교차로 - 교차로횡단보도내,특수,남,35세,상해없음,보행자,남,36세,중상
2019092400100022,2019년 9월 24일 00시,화요일,충청남도 서산시 읍내동,경상사고,0,0,1,0,차대차 - 추돌,안전운전불이행,건조,맑음,단일로 - 기타,화물,남,42세,경상,승합,남,67세,기타불명
2019092400100049,2019년 9월 24일 02시,화요일,충청남도 서산시 석남동,중상사고,0,1,0,0,차대차 - 측면충돌,직진우회전진행방해,건조,맑음,교차로 - 교차로안,승합,남,74세,상해없음,화물,남,63세,중상
2019092400100086,2019년 9월 24일 06시,화요일,충청남도 천안시 서북구 불당동,경상사고,0,0,1,0,차대차 - 추돌,안전운전불이행,건조,맑음,교차로 - 교차로부근,승용,남,52세,상해없음,승용,여,54세,경상
2019092400100114,2019년 9월 24일 07시,화요일,충청남도 천안시 서북구 두정동,중상사고,0,1,0,0,차대차 - 측면충돌,교차로운행방법위반,건조,맑음,교차로 - 교차로안,이륜,남,19세,중상,승용,남,29세,상해없음
2019092400100115,2019년 9월 24일 07시,화요일,충청남도 천안시 동남구 다가동,경상사고,0,0,1,0,차대차 - 측면충돌,직진우회전진행방해,건조,맑음,교차로 - 교차로안,승용,여,56세,상해없음,승용,남,57세,경상
2019092400100151,2019년 9월 24일 08시,화요일,충청남도 천안시 서북구 성성동,경상사고,0,0,1,0,차대차 - 기타,안전운전불이행,건조,맑음,교차로 - 교차로안,승용,여,56세,상해없음,승용,여,31세,경상
2019092400100152,2019년 9월 24일 08시,화요일,충청남도 천안시 서북구 쌍용동,경상사고,0,0,1,0,차대차 - 추돌,안전운전불이행,건조,맑음,교차로 - 교차로부근,승용,남,42세,상해없음,화물,남,43세,경상
2019092400100153,2019년 9월 24일 08시,화요일,충청남도 천안시 서북구 쌍용동,경상사고,0,0,1,0,차대차 - 측면충돌,신호위반,건조,맑음,교차로 - 교차로안,승용,남,62세,상해없음,승용,여,45세,경상
2019092400100154,2019년 9월 24일 08시,화요일,충청남도 천안시 동남구 목천읍,경상사고,0,0,1,0,차대차 - 측면충돌,안전운전불이행,건조,맑음,기타 - 기타,승합,남,61세,상해없음,승합,남,55세,경상
2019092400100190,2019년 9월 24일 09시,화요일,충청남도 부여군 부여읍,경상사고,0,0,1,0,차대차 - 측면충돌,차로위반,건조,맑음,단일로 - 기타,이륜,여,80세,경상,승용,여,26세,상해없음
2019092400100191,2019년 9월 24일 09시,화요일,충청남도 천안시 동남구 오룡동,경상사고,0,0,1,0,차대차 - 측면충돌,신호위반,건조,맑음,교차로 - 교차로안,화물,남,77세,상해없음,화물,남,49세,경상
2019092400100267,2019년 9월 24일 11시,화요일,충청남도 천안시 서북구 성환읍,경상사고,0,0,1,0,차대차 - 측면충돌,안전운전불이행,건조,맑음,단일로 - 기타,승합,남,69세,상해없음,승용,여,64세,경상
2019092400100268,2019년 9월 24일 11시,화요일,충청남도 홍성군 서부면,경상사고,0,0,1,0,차량단독 - 기타,안전운전불이행,건조,맑음,단일로 - 기타,화물,여,64세,경상,,,,
2019092400100269,2019년 9월 24일 11시,화요일,충청남도 천안시 동남구 신방동,중상사고,0,1,0,0,차량단독 - 공작물충돌,안전운전불이행,건조,맑음,단일로 - 기타,이륜,남,15세,중상,,,,
2019092400100298,2019년 9월 24일 12시,화요일,충청남도 천안시 서북구 불당동,경상사고,0,0,1,0,차대차 - 측면충돌,안전운전불이행,건조,맑음,단일로 - 기타,승용,여,51세,상해없음,승용,여,26세,경상
2019092400100299,2019년 9월 24일 12시,화요일,충청남도 홍성군 홍북읍,경상사고,0,0,1,0,차대차 - 측면충돌,안전운전불이행,건조,맑음,교차로 - 교차로부근,이륜,남,20세,경상,화물,남,70세,상해없음
2019092400100300,2019년 9월 24일 12시,화요일,충청남도 아산시 온천동,중상사고,0,1,0,0,차대차 - 기타,안전운전불이행,건조,맑음,교차로 - 교차로안,승용,여,45세,상해없음,이륜,남,40세,중상
2019092400100301,2019년 9월 24일 12시,화요일,충청남도 보령시 천북면,경상사고,0,0,2,0,차대사람 - 기타,안전운전불이행,건조,맑음,단일로 - 기타,화물,남,70세,상해없음,보행자,남,35세,경상
2019092400100302,2019년 9월 24일 12시,화요일,충청남도 예산군 오가면,중상사고,0,1,0,0,차대차 - 기타,교차로운행방법위반,건조,맑음,교차로 - 교차로부근,화물,남,63세,상해없음,승용,여,49세,상해없음
2019092400100344,2019년 9월 24일 13시,화요일,충청남도 천안시 서북구 두정동,경상사고,0,0,1,0,차대차 - 측면충돌,안전운전불이행,건조,맑음,교차로 - 교차로안,승용,여,33세,상해없음,승용,여,29세,경상
2019092400100345,2019년 9월 24일 13시,화요일,충청남도 계룡시 두마면,중상사고,0,1,0,0,차대차 - 측면충돌,신호위반,건조,맑음,교차로 - 교차로안,건설기계,남,49세,상해없음,승용,여,54세,중상
2019092400100346,2019년 9월 24일 13시,화요일,충청남도 태안군 태안읍,사망사고,1,0,0,0,차대사람 - 횡단중,안전운전불이행,건조,맑음,교차로 - 교차로부근,승용,남,59세,상해없음,보행자,여,78세,사망
2019092400100423,2019년 9월 24일 15시,화요일,충청남도 천안시 서북구 백석동,중상사고,0,1,0,0,차대사람 - 횡단중,보행자보호의무위반,건조,맑음,교차로 - 교차로횡단보도내,이륜,남,28세,상해없음,보행자,여,48세,중상
2019092400100424,2019년 9월 24일 15시,화요일,충청남도 천안시 서북구 성정동,중상사고,0,1,0,0,차대차 - 측면충돌,기타,건조,맑음,단일로 - 기타,승용,남,58세,상해없음,이륜,남,33세,중상
2019092400100425,2019년 9월 24일 15시,화요일,충청남도 천안시 서북구 성정동,경상사고,0,0,1,0,차대차 - 기타,안전운전불이행,건조,맑음,교차로 - 교차로안,화물,남,48세,상해없음,승용,여,24세,경상
2019092400100426,2019년 9월 24일 15시,화요일,충청남도 공주시 유구읍,경상사고,0,0,2,0,차대차 - 측면충돌,안전운전불이행,건조,맑음,단일로 - 기타,이륜,여,23세,경상,승용,남,35세,경상
2019092400100427,2019년 9월 24일 15시,화요일,충청남도 천안시 동남구 구성동,경상사고,0,0,1,0,차대차 - 정면충돌,안전운전불이행,건조,맑음,교차로 - 교차로부근,승합,남,34세,상해없음,자전거,남,13세,경상
2019092400100480,2019년 9월 24일 16시,화요일,충청남도 아산시 영인면,중상사고,0,1,0,0,차대차 - 기타,기타,건조,맑음,교차로 - 교차로안,승용,남,45세,상해없음,원동기,남,64세,중상
2019092400100481,2019년 9월 24일 16시,화요일,충청남도 천안시 동남구 신부동,경상사고,0,0,1,0,차대차 - 측면충돌,안전거리미확보,건조,맑음,단일로 - 기타,화물,남,50세,상해없음,이륜,남,27세,경상
2019092400100527,2019년 9월 24일 17시,화요일,충청남도 서산시 지곡면,중상사고,0,1,2,0,차대차 - 측면충돌,안전운전불이행,건조,맑음,교차로 - 교차로안,승용,남,38세,상해없음,화물,남,77세,경상
2019092400100528,2019년 9월 24일 17시,화요일,충청남도 천안시 서북구 성성동,중상사고,0,3,4,0,차대차 - 측면충돌,안전운전불이행,건조,맑음,교차로 - 교차로안,승용,남,47세,경상,승용,남,33세,중상
2019092400100529,2019년 9월 24일 17시,화요일,충청남도 천안시 서북구 성거읍,중상사고,0,1,0,0,차대차 - 측면충돌,과속,건조,맑음,교차로 - 교차로안,이륜,남,22세,중상,승합,남,63세,상해없음
2019092400100532,2019년 9월 24일 17시,화요일,충청남도 당진시 송악읍,경상사고,0,0,1,0,차대차 - 추돌,안전운전불이행,건조,맑음,단일로 - 기타,승용,남,31세,상해없음,승용,남,37세,경상
2019092400100579,2019년 9월 24일 18시,화요일,충청남도 보령시 웅천읍,중상사고,0,1,0,0,차대차 - 기타,안전운전불이행,건조,맑음,주차장 - 주차장,승용,남,56세,상해없음,승용,남,81세,중상
2019092400100580,2019년 9월 24일 18시,화요일,충청남도 부여군 남면,중상사고,0,1,0,0,차대차 - 정면충돌,교차로운행방법위반,건조,맑음,교차로 - 교차로안,화물,남,55세,상해없음,이륜,여,71세,중상
2019092400100638,2019년 9월 24일 19시,화요일,충청남도 서산시 수석동,경상사고,0,0,1,0,차대차 - 측면충돌,안전운전불이행,건조,맑음,교차로 - 교차로안,승용,여,28세,상해없음,화물,남,56세,상해없음
2019092400100639,2019년 9월 24일 19시,화요일,충청남도 천안시 서북구 백석동,부상신고사고,0,0,0,1,차대차 - 측면충돌,안전운전불이행,건조,맑음,교차로 - 교차로횡단보도내,사륜오토바이(ATV),여,34세,부상신고,승용,남,50세,상해없음
2019092400100640,2019년 9월 24일 19시,화요일,충청남도 보령시 죽정동,중상사고,0,1,0,0,차대사람 - 횡단중,안전운전불이행,건조,맑음,교차로 - 교차로안,승용,남,63세,상해없음,보행자,남,79세,중상
2019092400100710,2019년 9월 24일 21시,화요일,충청남도 당진시 신평면,경상사고,0,0,1,0,차대차 - 기타,안전운전불이행,건조,맑음,단일로 - 기타,승용,남,23세,경상,건설기계,남,48세,기타불명
2019092500100071,2019년 9월 25일 04시,수요일,충청남도 서산시 읍내동,경상사고,0,0,1,0,차대차 - 측면충돌,신호위반,건조,맑음,교차로 - 교차로안,승용,남,39세,상해없음,자전거,여,67세,경상
2019092500100108,2019년 9월 25일 07시,수요일,충청남도 천안시 동남구 삼룡동,중상사고,0,1,0,0,차대차 - 정면충돌,중앙선침범,건조,맑음,단일로 - 기타,승용,남,20세,상해없음,승용,남,53세,중상
2019092500100109,2019년 9월 25일 07시,수요일,충청남도 천안시 동남구 용곡동,경상사고,0,0,1,0,차대차 - 측면충돌,안전운전불이행,건조,맑음,단일로 - 기타,승용,남,39세,상해없음,승용,남,29세,경상
2019092500100236,2019년 9월 25일 10시,수요일,충청남도 당진시 신평면,중상사고,0,1,0,0,차량단독 - 전도전복 - 전도,안전운전불이행,건조,맑음,단일로 - 기타,사륜오토바이(ATV),여,73세,중상,,,,
2019092500100265,2019년 9월 25일 11시,수요일,충청남도 서산시 인지면,경상사고,0,0,4,0,차대차 - 추돌,안전운전불이행,건조,맑음,단일로 - 기타,화물,남,68세,상해없음,승용,남,35세,경상
2019092500100266,2019년 9월 25일 11시,수요일,충청남도 천안시 동남구 봉명동,경상사고,0,0,1,0,차대차 - 기타,교차로운행방법위반,건조,맑음,교차로 - 교차로안,승용,남,54세,상해없음,승용,여,41세,경상
2019092500100297,2019년 9월 25일 12시,수요일,충청남도 서산시 팔봉면,중상사고,0,1,0,0,차대차 - 기타,직진우회전진행방해,건조,맑음,교차로 - 교차로안,특수,남,47세,상해없음,승합,남,49세,상해없음
2019092500100320,2019년 9월 25일 13시,수요일,충청남도 논산시 양촌면,중상사고,0,1,0,0,차량단독 - 전도전복 - 전도,안전운전불이행,건조,맑음,단일로 - 기타,이륜,남,49세,중상,,,,