사고번호,사고일시,요일,시군구,사고내용,사망자수,중상자수,경상자수,부상신고자수,사고유형,법규위반,노면상태,기상상태,도로형태,가해운전자 차종,가해운전자 성별,가해운전자 연령,가해운전자 상해정도,피해운전자 차종,피해운전자 성별,피해운전자 연령,피해운전자 상해정도
2019092500100321,2019년 9월 25일 13시,수요일,충청남도 논산시 연무읍,경상사고,0,0,1,1,차대차 - 측면충돌,직진우회전진행방해,건조,맑음,교차로 - 교차로안,승용,여,55세,부상신고,승용,여,29세,경상
2019092500100322,2019년 9월 25일 13시,수요일,충청남도 아산시 영인면,중상사고,0,1,0,0,차대차 - 기타,신호위반,건조,맑음,교차로 - 교차로안,승용,남,79세,상해없음,이륜,남,56세,중상
2019092500100323,2019년 9월 25일 13시,수요일,충청남도 예산군 신암면,경상사고,0,0,1,0,차대차 - 후진중충돌,안전운전불이행,건조,맑음,주차장 - 주차장,화물,남,74세,상해없음,승용,여,60세,경상
2019092500100393,2019년 9월 25일 15시,수요일,충청남도 천안시 서북구 불당동,경상사고,0,0,5,0,차대차 - 측면충돌,안전거리미확보,건조,맑음,단일로 - 기타,승용,남,22세,상해없음,승용,남,32세,경상
2019092500100394,2019년 9월 25일 15시,수요일,충청남도 아산시 배방읍,중상사고,0,1,0,0,차대차 - 기타,안전운전불이행,건조,맑음,교차로 - 교차로부근,승용,여,48세,상해없음,이륜,남,20세,중상
2019092500100395,2019년 9월 25일 15시,수요일,충청남도 당진시 우강면,중상사고,0,1,0,0,차대차 - 측면충돌,신호위반,건조,맑음,교차로 - 교차로안,이륜,남,77세,중상,승용,여,26세,상해없음
2019092500100478,2019년 9월 25일 17시,수요일,충청남도 천안시 서북구 직산읍,부상신고사고,0,0,0,1,차대차 - 측면충돌,안전운전불이행,건조,맑음,교차로 - 교차로부근,원동기,남,16세,부상신고,승용,남,62세,상해없음
2019092500100479,2019년 9월 25일 17시,수요일,충청남도 논산시 취암동,경상사고,0,0,3,1,차대차 - 측면충돌,안전운전불이행,건조,맑음,단일로 - 기타,화물,남,56세,부상신고,승용,남,38세,경상
2019092500100530,2019년 9월 25일 18시,수요일,충청남도 천안시 서북구 성환읍,중상사고,0,1,0,0,차대사람 - 횡단중,안전운전불이행,건조,맑음,단일로 - 기타,승용,남,59세,상해없음,보행자,여,79세,중상
2019092500100531,2019년 9월 25일 18시,수요일,충청남도 아산시 온천동,중상사고,0,1,0,0,차대차 - 기타,안전운전불이행,건조,맑음,단일로 - 기타,승용,남,73세,상해없음,이륜,남,36세,중상
2019092500100584,2019년 9월 25일 19시,수요일,충청남도 당진시 신평면,경상사고,0,0,1,0,차대차 - 측면충돌,중앙선침범,건조,맑음,단일로 - 기타,승용,남,61세,상해없음,승용,남,34세,경상
2019092500100660,2019년 9월 25일 21시,수요일,충청남도 천안시 서북구 불당동,부상신고사고,0,0,0,1,차대차 - 측면충돌,불법유턴,건조,맑음,교차로 - 교차로횡단보도내,자전거,남,17세,부상신고,승용,남,54세,상해없음
2019092500100680,2019년 9월 25일 22시,수요일,충청남도 서산시 예천동,중상사고,0,1,0,0,차대차 - 기타,중앙선침범,건조,맑음,단일로 - 기타,승용,남,59세,상해없음,이륜,남,28세,중상
2019092500100681,2019년 9월 25일 22시,수요일,충청남도 보령시 주교면,중상사고,0,1,0,0,차대사람 - 길가장자리구역통행중,안전운전불이행,건조,맑음,교차로 - 교차로부근,승용,남,56세,상해없음,보행자,여,63세,중상
2019092500100696,2019년 9월 25일 23시,수요일,충청남도 당진시 송악읍,중상사고,0,2,1,0,차대차 - 측면충돌,안전운전불이행,건조,맑음,교차로 - 교차로안,승용,남,35세,상해없음,승용,남,22세,중상
2019092600100029,2019년 9월 26일 00시,목요일,충청남도 홍성군 갈산면,중상사고,0,1,0,0,차대사람 - 기타,안전운전불이행,건조,맑음,단일로 - 기타,화물,남,63세,상해없음,보행자,남,31세,중상
2019092600100038,2019년 9월 26일 01시,목요일,충청남도 천안시 동남구 안서동,경상사고,0,0,1,0,차대사람 - 기타,안전운전불이행,건조,맑음,교차로 - 교차로안,승용,남,19세,상해없음,보행자,남,23세,경상
2019092600100093,2019년 9월 26일 07시,목요일,충청남도 아산시 온천동,중상사고,0,1,1,0,차대차 - 기타,안전운전불이행,건조,맑음,교차로 - 교차로안,승용,남,29세,상해없음,승용,남,69세,중상
2019092600100094,2019년 9월 26일 07시,목요일,충청남도 천안시 동남구 신부동,경상사고,0,0,1,0,차대차 - 추돌,안전운전불이행,건조,맑음,단일로 - 기타,승용,남,33세,상해없음,승용,남,27세,경상
2019092600100095,2019년 9월 26일 07시,목요일,충청남도 논산시 연무읍,경상사고,0,0,1,0,차대차 - 기타,안전운전불이행,건조,맑음,단일로 - 기타,승용,여,41세,상해없음,승용,남,46세,경상
2019092600100127,2019년 9월 26일 08시,목요일,충청남도 천안시 서북구 불당동,경상사고,0,0,1,0,차대차 - 측면충돌,직진우회전진행방해,건조,맑음,교차로 - 교차로안,승용,남,42세,상해없음,승용,여,37세,경상
2019092600100158,2019년 9월 26일 09시,목요일,충청남도 서산시 동문동,중상사고,0,3,1,0,차대차 - 측면충돌,신호위반,건조,맑음,교차로 - 교차로안,승용,남,61세,경상,승용,여,54세,중상
2019092600100159,2019년 9월 26일 09시,목요일,충청남도 당진시 석문면,경상사고,0,0,2,0,차대차 - 추돌,안전운전불이행,건조,맑음,단일로 - 기타,화물,남,54세,상해없음,승용,남,48세,경상
2019092600100193,2019년 9월 26일 10시,목요일,충청남도 예산군 삽교읍,경상사고,0,0,1,0,차대차 - 측면충돌,안전운전불이행,건조,맑음,단일로 - 기타,승용,여,26세,상해없음,이륜,남,81세,경상
2019092600100228,2019년 9월 26일 11시,목요일,충청남도 천안시 동남구 구룡동,사망사고,1,0,0,0,차대차 - 추돌,안전운전불이행,건조,맑음,단일로 - 기타,화물,남,66세,사망,화물,남,28세,기타불명
2019092600100261,2019년 9월 26일 12시,목요일,충청남도 당진시 정미면,중상사고,0,1,0,0,차대사람 - 차도통행중,안전운전불이행,건조,맑음,단일로 - 기타,이륜,남,49세,상해없음,보행자,남,79세,중상
2019092600100299,2019년 9월 26일 13시,목요일,충청남도 아산시 배방읍,중상사고,0,1,0,0,차대차 - 기타,안전운전불이행,건조,맑음,교차로 - 교차로안,승용,여,53세,상해없음,자전거,남,65세,중상
2019092600100300,2019년 9월 26일 13시,목요일,충청남도 금산군 금산읍,경상사고,0,0,1,0,차대차 - 측면충돌,교차로운행방법위반,건조,맑음,교차로 - 교차로안,이륜,여,34세,경상,승용,여,43세,상해없음
2019092600100301,2019년 9월 26일 13시,목요일,충청남도 천안시 동남구 병천면,중상사고,0,1,0,0,차대차 - 측면충돌,안전운전불이행,건조,맑음,단일로 - 기타,이륜,남,78세,중상,승용,여,46세,상해없음
2019092600100323,2019년 9월 26일 14시,목요일,충청남도 계룡시 엄사면,경상사고,0,0,1,0,차대차 - 기타,안전운전불이행,건조,맑음,단일로 - 기타,승용,여,41세,상해없음,승합,남,67세,경상
2019092600100324,2019년 9월 26일 14시,목요일,충청남도 아산시 음봉면,경상사고,0,0,1,0,차대차 - 추돌,안전운전불이행,건조,맑음,단일로 - 터널,승용,남,39세,상해없음,화물,남,58세,경상
2019092600100325,2019년 9월 26일 14시,목요일,충청남도 보령시 신흑동,중상사고,0,1,1,0,차대차 - 측면충돌,안전거리미확보,건조,흐림,단일로 - 기타,승용,남,62세,상해없음,승용,남,56세,경상
2019092600100356,2019년 9월 26일 15시,목요일,충청남도 천안시 서북구 성정동,중상사고,0,1,0,0,차대차 - 정면충돌,직진우회전진행방해,건조,맑음,교차로 - 교차로안,승용,남,40세,상해없음,이륜,남,43세,중상
2019092600100357,2019년 9월 26일 15시,목요일,충청남도 천안시 서북구 직산읍,경상사고,0,0,2,0,차대차 - 추돌,안전거리미확보,건조,맑음,교차로 - 교차로부근,승용,남,59세,상해없음,승용,여,54세,경상
2019092600100358,2019년 9월 26일 15시,목요일,충청남도 예산군 덕산면,중상사고,0,1,0,0,차대사람 - 기타,안전운전불이행,건조,맑음,기타 - 기타,화물,남,78세,상해없음,보행자,남,75세,중상
2019092600100359,2019년 9월 26일 15시,목요일,충청남도 당진시 석문면,중상사고,0,1,0,0,차대사람 - 길가장자리구역통행중,안전운전불이행,건조,맑음,단일로 - 기타,승용,여,33세,상해없음,보행자,여,60세,중상
2019092600100400,2019년 9월 26일 16시,목요일,충청남도 천안시 서북구 성정동,중상사고,0,1,0,0,차대차 - 측면충돌,안전운전불이행,건조,맑음,교차로 - 교차로안,승용,남,56세,상해없음,이륜,남,35세,중상
2019092600100401,2019년 9월 26일 16시,목요일,충청남도 공주시 금흥동,중상사고,0,1,1,0,차대차 - 정면충돌,중앙선침범,건조,맑음,단일로 - 기타,승용,여,49세,경상,승용,남,37세,중상
2019092600100489,2019년 9월 26일 18시,목요일,충청남도 천안시 서북구 직산읍,중상사고,0,2,0,0,차대사람 - 기타,보행자보호의무위반,건조,맑음,교차로 - 교차로안,승용,남,44세,상해없음,보행자,남,53세,중상
2019092600100490,2019년 9월 26일 18시,목요일,충청남도 논산시 광석면,중상사고,0,1,0,0,차대차 - 측면충돌,기타,건조,맑음,단일로 - 기타,승합,남,33세,상해없음,화물,남,59세,중상
2019092600100491,2019년 9월 26일 18시,목요일,충청남도 공주시 정안면,부상신고사고,0,0,0,1,차량단독 - 전도전복 - 전도,안전운전불이행,건조,맑음,단일로 - 기타,이륜,남,64세,부상신고,,,,
2019092600100544,2019년 9월 26일 19시,목요일,충청남도 천안시 서북구 성정동,경상사고,0,0,2,0,차대차 - 측면충돌,안전운전불이행,건조,맑음,단일로 - 기타,승용,남,27세,상해없음,승용,남,42세,경상
2019092600100617,2019년 9월 26일 21시,목요일,충청남도 천안시 서북구 와촌동,경상사고,0,0,1,0,차대차 - 기타,신호위반,건조,맑음,교차로 - 교차로부근,승용,남,67세,상해없음,이륜,남,25세,경상
2019092600100618,2019년 9월 26일 21시,목요일,충청남도 아산시 배방읍,경상사고,0,0,1,0,차대차 - 추돌,안전운전불이행,건조,맑음,단일로 - 기타,승용,남,35세,상해없음,승용,여,51세,경상
2019092600100640,2019년 9월 26일 22시,목요일,충청남도 천안시 동남구 신부동,경상사고,0,0,2,0,차대차 - 추돌,안전운전불이행,건조,맑음,단일로 - 기타,승용,여,38세,상해없음,승용,남,59세,경상
2019092700100039,2019년 9월 27일 00시,금요일,충청남도 천안시 동남구 안서동,경상사고,0,0,1,0,차대차 - 기타,안전운전불이행,건조,맑음,교차로 - 교차로부근,승용,남,24세,상해없음,이륜,남,34세,경상
2019092700100083,2019년 9월 27일 05시,금요일,충청남도 당진시 신평면,경상사고,0,0,1,0,차대차 - 측면충돌,안전거리미확보,건조,맑음,단일로 - 기타,승용,남,37세,상해없음,승용,남,49세,경상
2019092700100121,2019년 9월 27일 07시,금요일,충청남도 홍성군 홍성읍,중상사고,0,1,0,0,차대차 - 측면충돌,안전운전불이행,건조,맑음,교차로 - 교차로안,승용,여,61세,상해없음,이륜,남,82세,중상
2019092700100159,2019년 9월 27일 08시,금요일,충청남도 아산시 영인면,경상사고,0,0,1,0,차대차 - 기타,안전운전불이행,건조,맑음,단일로 - 기타,건설기계,기타불명,미분류,기타불명,승용,여,37세,경상
2019092700100160,2019년 9월 27일 08시,금요일,충청남도 서천군 장항읍,경상사고,0,0,1,0,차대차 - 측면충돌,신호위반,건조,맑음,교차로 - 교차로안,이륜,남,80세,경상,승용,여,44세,상해없음
2019092700100161,2019년 9월 27일 08시,금요일,충청남도 천안시 동남구 원성동,경상사고,0,0,2,0,차대차 - 측면충돌,안전운전불이행,건조,맑음,단일로 - 기타,화물,남,52세,상해없음,승용,남,61세,경상
2019092700100204,2019년 9월 27일 09시,금요일,충청남도 천안시 서북구 부대동,경상사고,0,0,1,0,차대차 - 기타,안전거리미확보,건조,맑음,단일로 - 고가도로위,화물,남,62세,상해없음,승용,여,57세,경상
2019092700100205,2019년 9월 27일 09시,금요일,충청남도 천안시 서북구 불당동,부상신고사고,0,0,0,1,차대차 - 측면충돌,신호위반,건조,맑음,교차로 - 교차로안,승용,여,32세,부상신고,승용,남,51세,상해없음
2019092700100206,2019년 9월 27일 09시,금요일,충청남도 서천군 서면,경상사고,0,0,2,0,차대차 - 정면충돌,직진우회전진행방해,건조,맑음,교차로 - 교차로안,화물,남,70세,경상,승용,남,39세,경상
2019092700100245,2019년 9월 27일 10시,금요일,충청남도 서천군 장항읍,중상사고,0,1,2,0,차대차 - 측면충돌,직진우회전진행방해,건조,맑음,교차로 - 교차로안,화물,남,50세,경상,승용,여,28세,경상
2019092700100282,2019년 9월 27일 11시,금요일,충청남도 천안시 서북구 입장면,중상사고,0,1,0,0,차대사람 - 횡단중,과속,건조,맑음,단일로 - 기타,화물,남,25세,상해없음,보행자,여,81세,중상
2019092700100316,2019년 9월 27일 12시,금요일,충청남도 천안시 서북구 성정동,경상사고,0,0,2,0,차대차 - 추돌,안전운전불이행,건조,맑음,단일로 - 기타,승용,남,30세,상해없음,승용,남,62세,경상
2019092700100317,2019년 9월 27일 12시,금요일,충청남도 금산군 금산읍,경상사고,0,0,1,0,차대사람 - 횡단중,안전운전불이행,건조,맑음,단일로 - 기타,승용,여,37세,상해없음,보행자,여,72세,경상
2019092700100318,2019년 9월 27일 12시,금요일,충청남도 태안군 태안읍,경상사고,0,0,4,0,차대차 - 측면충돌,신호위반,건조,맑음,교차로 - 교차로안,승용,여,58세,상해없음,승용,여,44세,경상
2019092700100319,2019년 9월 27일 12시,금요일,충청남도 논산시 연무읍,경상사고,0,0,1,0,차대차 - 추돌,안전운전불이행,건조,맑음,단일로 - 기타,화물,남,38세,경상,화물,남,43세,상해없음
2019092700100350,2019년 9월 27일 13시,금요일,충청남도 당진시 수청리,경상사고,0,0,2,0,차대차 - 측면충돌,신호위반,건조,맑음,교차로 - 교차로안,특수,남,34세,상해없음,승용,여,67세,경상
2019092700100351,2019년 9월 27일 13시,금요일,충청남도 천안시 동남구 원성동,중상사고,0,1,2,0,차대차 - 측면충돌,직진우회전진행방해,건조,맑음,교차로 - 교차로안,승용,여,48세,중상,승용,남,28세,경상
2019092700100392,2019년 9월 27일 14시,금요일,충청남도 천안시 서북구 성정동,경상사고,0,0,1,0,차대차 - 측면충돌,중앙선침범,건조,맑음,단일로 - 기타,화물,남,36세,상해없음,이륜,남,33세,경상
2019092700100425,2019년 9월 27일 15시,금요일,충청남도 서산시 지곡면,중상사고,0,1,0,0,차량단독 - 전도전복 - 전도,안전운전불이행,건조,맑음,단일로 - 기타,이륜,남,57세,중상,,,,
2019092700100426,2019년 9월 27일 15시,금요일,충청남도 천안시 서북구 두정동,중상사고,0,1,0,0,차대차 - 기타,안전운전불이행,건조,맑음,교차로 - 교차로안,화물,남,48세,상해없음,승용,남,33세,기타불명
2019092700100427,2019년 9월 27일 15시,금요일,충청남도 논산시 반월동,경상사고,0,0,1,0,차대사람 - 보도통행중,안전운전불이행,건조,맑음,교차로 - 교차로안,승용,여,29세,상해없음,보행자,남,59세,경상
2019092700100428,2019년 9월 27일 15시,금요일,충청남도 천안시 동남구 삼룡동,경상사고,0,0,1,0,차대차 - 기타,안전운전불이행,건조,맑음,교차로 - 교차로안,승합,남,42세,상해없음,승용,남,28세,경상
2019092700100466,2019년 9월 27일 16시,금요일,충청남도 논산시 연산면,경상사고,0,0,1,0,차대차 - 측면충돌,신호위반,건조,맑음,교차로 - 교차로안,승용,남,32세,상해없음,승용,여,48세,경상
2019092700100467,2019년 9월 27일 16시,금요일,충청남도 아산시 염치읍,경상사고,0,0,2,0,차대차 - 측면충돌,중앙선침범,건조,맑음,단일로 - 기타,승용,여,50세,상해없음,승용,남,31세,경상
2019092700100468,2019년 9월 27일 16시,금요일,충청남도 공주시 옥룡동,경상사고,0,0,1,1,차량단독 - 기타,안전운전불이행,건조,맑음,단일로 - 기타,이륜,남,70세,경상,,,,
2019092700100617,2019년 9월 27일 19시,금요일,충청남도 공주시 신관동,부상신고사고,0,0,0,1,차대차 - 측면충돌,안전운전불이행,건조,맑음,교차로 - 교차로부근,승용,남,65세,기타불명,자전거,남,14세,부상신고
2019092700100618,2019년 9월 27일 19시,금요일,충청남도 천안시 동남구 성남면,중상사고,0,1,0,0,차량단독 - 기타,안전운전불이행,건조,맑음,단일로 - 기타,이륜,남,55세,중상,,,,
2019092700100703,2019년 9월 27일 21시,금요일,충청남도 서산시 예천동,부상신고사고,0,0,0,1,차대차 - 추돌,안전운전불이행,건조,맑음,교차로 - 교차로안,승용,남,30세,상해없음,승용,남,25세,부상신고
2019092700100704,2019년 9월 27일 21시,금요일,충청남도 아산시 모종동,경상사고,0,0,1,0,차대사람 - 횡단중,보행자보호의무위반,건조,흐림,교차로 - 교차로횡단보도내,승용,남,23세,상해없음,보행자,여,7세,경상
2019092700100730,2019년 9월 27일 22시,금요일,충청남도 천안시 서북구 백석동,경상사고,0,0,4,0,차대차 - 추돌,안전운전불이행,건조,맑음,교차로 - 교차로부근,화물,남,24세,상해없음,승용,남,60세,경상
2019092700100758,2019년 9월 27일 23시,금요일,충청남도 천안시 서북구 두정동,경상사고,0,0,1,0,차대사람 - 기타,안전운전불이행,건조,맑음,단일로 - 기타,승용,남,27세,상해없음,보행자,여,31세,경상
2019092800100049,2019년 9월 28일 00시,토요일,충청남도 당진시 송악읍,경상사고,0,0,1,0,차량단독 - 공작물충돌,안전운전불이행,건조,흐림,단일로 - 기타,승용,남,54세,경상,,,,
2019092800100067,2019년 9월 28일 01시,토요일,충청남도 아산시 온천동,경상사고,0,0,1,0,차대차 - 추돌,안전운전불이행,건조,맑음,단일로 - 기타,승용,남,31세,상해없음,승용,여,46세,경상
2019092800100104,2019년 9월 28일 03시,토요일,충청남도 천안시 서북구 두정동,경상사고,0,0,1,0,차대차 - 측면충돌,직진우회전진행방해,건조,맑음,교차로 - 교차로안,승용,남,38세,상해없음,이륜,남,37세,경상
2019092800100105,2019년 9월 28일 03시,토요일,충청남도 아산시 신창면,중상사고,0,2,0,0,차대사람 - 보도통행중,보행자보호의무위반,건조,흐림,단일로 - 기타,승용,남,53세,상해없음,보행자,여,19세,중상
2019092800100120,2019년 9월 28일 05시,토요일,충청남도 공주시 신관동,중상사고,0,1,1,0,차대차 - 측면충돌,신호위반,건조,맑음,교차로 - 교차로안,승용,남,61세,경상,승용,남,63세,중상
2019092800100130,2019년 9월 28일 06시,토요일,충청남도 천안시 서북구 두정동,중상사고,0,1,1,0,차대차 - 측면충돌,안전운전불이행,건조,맑음,교차로 - 교차로안,이륜,남,50세,상해없음,개인형이동수단(PM),남,25세,중상
2019092800100131,2019년 9월 28일 06시,토요일,충청남도 공주시 유구읍,경상사고,0,0,1,0,차대차 - 추돌,안전운전불이행,건조,맑음,단일로 - 기타,승용,남,38세,상해없음,승용,남,38세,상해없음
2019092800100132,2019년 9월 28일 06시,토요일,충청남도 공주시 유구읍,사망사고,1,0,1,0,차대차 - 추돌,안전운전불이행,건조,맑음,단일로 - 기타,특수,남,55세,경상,건설기계,남,65세,사망
2019092800100199,2019년 9월 28일 09시,토요일,충청남도 논산시 연무읍,경상사고,0,0,2,0,차대차 - 기타,교차로운행방법위반,건조,맑음,교차로 - 교차로안,승용,여,42세,상해없음,화물,남,31세,경상
2019092800100200,2019년 9월 28일 09시,토요일,충청남도 보령시 동대동,중상사고,0,1,3,0,차대차 - 측면충돌,직진우회전진행방해,건조,맑음,교차로 - 교차로안,승용,여,28세,상해없음,승용,여,42세,중상
2019092800100235,2019년 9월 28일 10시,토요일,충청남도 서천군 서천읍,중상사고,0,1,2,0,차대차 - 추돌,안전운전불이행,건조,맑음,교차로 - 교차로부근,화물,남,65세,중상,화물,남,55세,경상
2019092800100275,2019년 9월 28일 11시,토요일,충청남도 천안시 동남구 대흥동,경상사고,0,0,1,0,차대차 - 측면충돌,안전운전불이행,건조,맑음,교차로 - 교차로안,이륜,남,39세,경상,화물,남,63세,상해없음
2019092800100313,2019년 9월 28일 12시,토요일,충청남도 예산군 광시면,중상사고,0,1,0,0,차대사람 - 기타,안전운전불이행,건조,맑음,기타 - 기타,승용,남,79세,상해없음,보행자,여,80세,중상
2019092800100420,2019년 9월 28일 14시,토요일,충청남도 보령시 신흑동,경상사고,0,0,3,0,차대차 - 측면충돌,신호위반,건조,맑음,교차로 - 교차로안,승용,남,60세,상해없음,승용,남,29세,경상
2019092800100421,2019년 9월 28일 14시,토요일,충청남도 공주시 신풍면,중상사고,0,1,0,0,차대사람 - 횡단중,안전운전불이행,건조,맑음,단일로 - 기타,승용,여,49세,상해없음,보행자,여,4세,중상
2019092800100422,2019년 9월 28일 14시,토요일,충청남도 천안시 동남구 북면,경상사고,0,0,1,0,차대차 - 추돌,안전운전불이행,건조,맑음,교차로 - 교차로부근,화물,남,27세,상해없음,승용,여,54세,경상
2019092800100464,2019년 9월 28일 15시,토요일,충청남도 천안시 서북구 성거읍,부상신고사고,0,0,0,1,차대차 - 추돌,안전운전불이행,건조,맑음,단일로 - 기타,승용,여,63세,부상신고,승합,남,54세,상해없음
2019092800100465,2019년 9월 28일 15시,토요일,충청남도 논산시 연산면,중상사고,0,3,18,0,차대차 - 추돌,안전운전불이행,건조,맑음,단일로 - 기타,건설기계,남,63세,중상,승합,남,53세,중상
2019092800100466,2019년 9월 28일 15시,토요일,충청남도 홍성군 홍성읍,경상사고,0,0,1,0,차대사람 - 횡단중,안전운전불이행,건조,맑음,단일로 - 기타,승용,남,60세,상해없음,보행자,여,8세,경상
2019092800100467,2019년 9월 28일 15시,토요일,충청남도 아산시 득산동,부상신고사고,0,0,0,1,차대차 - 기타,안전운전불이행,건조,맑음,단일로 - 기타,기타불명,기타불명,미분류,기타불명,자전거,남,8세,부상신고
2019092800100468,2019년 9월 28일 15시,토요일,충청남도 부여군 세도면,중상사고,0,1,0,0,차대차 - 후진중충돌,안전운전불이행,건조,맑음,단일로 - 기타,화물,남,31세,상해없음,자전거,여,71세,중상
2019092800100507,2019년 9월 28일 16시,토요일,충청남도 천안시 서북구 성정동,경상사고,0,0,2,0,차대차 - 측면충돌,안전운전불이행,건조,맑음,교차로 - 교차로안,승용,남,33세,상해없음,승용,남,27세,경상
2019092800100508,2019년 9월 28일 16시,토요일,충청남도 논산시 대교동,경상사고,0,0,3,0,차대차 - 추돌,안전운전불이행,건조,맑음,단일로 - 기타,승용,남,67세,상해없음,승용,남,44세,경상
2019092800100546,2019년 9월 28일 17시,토요일,충청남도 부여군 남면,경상사고,0,0,3,0,차대차 - 측면충돌,안전운전불이행,건조,맑음,교차로 - 교차로안,승용,여,61세,상해없음,승합,남,66세,경상
2019092800100577,2019년 9월 28일 18시,토요일,충청남도 천안시 서북구 성환읍,중상사고,0,1,0,0,차대차 - 추돌,불법유턴,건조,맑음,단일로 - 기타,자전거,남,55세,중상,승용,남,24세,상해없음
2019092800100578,2019년 9월 28일 18시,토요일,충청남도 천안시 서북구 직산읍,부상신고사고,0,0,0,1,차대차 - 기타,안전운전불이행,건조,맑음,교차로 - 교차로안,이륜,남,22세,부상신고,승용,여,46세,상해없음
2019092800100579,2019년 9월 28일 18시,토요일,충청남도 논산시 지산동,경상사고,0,0,1,0,차대차 - 측면충돌,안전거리미확보,건조,맑음,단일로 - 기타,승용,여,19세,상해없음,승용,남,28세,경상
2019092800100639,2019년 9월 28일 19시,토요일,충청남도 서산시 동문동,중상사고,0,1,0,0,차대차 - 정면충돌,교차로운행방법위반,건조,맑음,교차로 - 교차로안,승용,여,61세,상해없음,이륜,남,48세,중상
2019092800100640,2019년 9월 28일 19시,토요일,충청남도 서산시 운산면,중상사고,0,2,1,0,차대차 - 정면충돌,중앙선침범,건조,맑음,단일로 - 기타,승용,남,58세,중상,승용,여,49세,경상
2019092800100641,2019년 9월 28일 19시,토요일,충청남도 천안시 서북구 성성동,중상사고,0,1,2,0,차대차 - 측면충돌,신호위반,건조,맑음,교차로 - 교차로안,승용,남,32세,상해없음,승용,남,52세,경상
2019092800100679,2019년 9월 28일 20시,토요일,충청남도 홍성군 홍성읍,사망사고,1,0,0,0,차대사람 - 횡단중,안전운전불이행,건조,맑음,단일로 - 기타,승용,남,46세,상해없음,보행자,여,86세,사망
2019092800100710,2019년 9월 28일 21시,토요일,충청남도 천안시 서북구 두정동,중상사고,0,1,0,0,차대차 - 측면충돌,안전운전불이행,건조,맑음,단일로 - 기타,승용,남,44세,기타불명,이륜,남,22세,중상
2019092800100712,2019년 9월 28일 21시,토요일,충청남도 보령시 웅천읍,사망사고,1,1,0,0,차대차 - 측면충돌,안전운전불이행,건조,맑음,단일로 - 기타,화물,남,32세,상해없음,승용,남,60세,사망
2019092800100771,2019년 9월 28일 23시,토요일,충청남도 서산시 온석동,중상사고,0,1,0,0,차량단독 - 전도전복 - 전도,안전운전불이행,건조,맑음,단일로 - 기타,이륜,남,29세,중상,,,,
2019092900100054,2019년 9월 29일 02시,일요일,충청남도 서산시 읍내동,경상사고,0,0,1,0,차대사람 - 보도통행중,안전운전불이행,건조,맑음,단일로 - 기타,승용,남,69세,상해없음,보행자,남,26세,경상
2019092900100094,2019년 9월 29일 06시,일요일,충청남도 서산시 운산면,경상사고,0,0,2,0,차대차 - 측면충돌,직진우회전진행방해,건조,맑음,교차로 - 교차로안,승용,여,37세,경상,승용,여,48세,경상
2019092900100139,2019년 9월 29일 09시,일요일,충청남도 논산시 가야곡면,중상사고,0,1,0,0,차대차 - 측면충돌,기타,건조,맑음,교차로 - 교차로안,승용,남,81세,상해없음,승용,여,59세,중상
2019092900100163,2019년 9월 29일 10시,일요일,충청남도 예산군 예산읍,경상사고,0,0,3,0,차대차 - 측면충돌,신호위반,건조,맑음,교차로 - 교차로안,승합,남,60세,경상,승용,남,61세,경상
2019092900100197,2019년 9월 29일 11시,일요일,충청남도 태안군 근흥면,중상사고,0,1,0,0,차대차 - 측면충돌,안전운전불이행,건조,맑음,교차로 - 교차로부근,이륜,남,75세,중상,승용,남,25세,상해없음
2019092900100219,2019년 9월 29일 12시,일요일,충청남도 아산시 득산동,중상사고,0,1,0,0,차대차 - 측면충돌,중앙선침범,건조,맑음,단일로 - 기타,이륜,남,71세,중상,승용,남,56세,상해없음
2019092900100220,2019년 9월 29일 12시,일요일,충청남도 당진시 송악읍,경상사고,0,0,1,0,차대차 - 측면충돌,안전운전불이행,건조,맑음,교차로 - 교차로부근,승합,남,46세,상해없음,승용,남,52세,경상
2019092900100247,2019년 9월 29일 13시,일요일,충청남도 예산군 삽교읍,중상사고,0,1,0,0,차량단독 - 공작물충돌,안전운전불이행,건조,맑음,단일로 - 기타,승용,남,70세,중상,,,,
2019092900100248,2019년 9월 29일 13시,일요일,충청남도 청양군 정산면,경상사고,0,0,4,0,차대차 - 측면충돌,안전운전불이행,건조,맑음,기타 - 기타,화물,남,66세,상해없음,승용,남,36세,경상
2019092900100273,2019년 9월 29일 14시,일요일,충청남도 서천군 장항읍,중상사고,0,2,2,0,차대차 - 측면충돌,직진우회전진행방해,건조,맑음,교차로 - 교차로안,화물,남,41세,경상,승용,여,37세,중상
2019092900100274,2019년 9월 29일 14시,일요일,충청남도 보령시 동대동,중상사고,0,1,0,0,차대차 - 측면충돌,중앙선침범,건조,맑음,교차로 - 교차로부근,승용,남,43세,상해없음,이륜,남,32세,중상
2019092900100275,2019년 9월 29일 14시,일요일,충청남도 청양군 운곡면,중상사고,0,1,2,0,차대차 - 정면충돌,중앙선침범,건조,맑음,단일로 - 기타,승용,남,54세,상해없음,승용,남,63세,경상
2019092900100314,2019년 9월 29일 15시,일요일,충청남도 서산시 석림동,경상사고,0,0,2,0,차대차 - 측면충돌,신호위반,건조,맑음,교차로 - 교차로안,승용,여,32세,경상,승용,남,79세,경상