사고번호,사고일시,요일,시군구,사고내용,사망자수,중상자수,경상자수,부상신고자수,사고유형,법규위반,노면상태,기상상태,도로형태,가해운전자 차종,가해운전자 성별,가해운전자 연령,가해운전자 상해정도,피해운전자 차종,피해운전자 성별,피해운전자 연령,피해운전자 상해정도
2019092900100315,2019년 9월 29일 15시,일요일,충청남도 아산시 온천동,중상사고,0,1,0,0,차대사람 - 횡단중,보행자보호의무위반,건조,맑음,교차로 - 교차로횡단보도내,승용,여,47세,상해없음,보행자,여,77세,중상
2019092900100316,2019년 9월 29일 15시,일요일,충청남도 아산시 송악면,경상사고,0,0,1,0,차대차 - 추돌,안전운전불이행,건조,맑음,단일로 - 기타,승용,남,21세,기타불명,승용,남,38세,경상
2019092900100317,2019년 9월 29일 15시,일요일,충청남도 태안군 근흥면,중상사고,0,1,4,0,차대차 - 추돌,안전운전불이행,건조,맑음,단일로 - 기타,승합,여,61세,상해없음,승합,남,51세,상해없음
2019092900100355,2019년 9월 29일 16시,일요일,충청남도 홍성군 구항면,경상사고,0,0,2,0,차대차 - 추돌,안전운전불이행,건조,맑음,교차로 - 교차로부근,화물,남,63세,상해없음,승용,여,25세,경상
2019092900100356,2019년 9월 29일 16시,일요일,충청남도 예산군 신암면,경상사고,0,0,1,0,차대차 - 측면충돌,직진우회전진행방해,건조,맑음,교차로 - 교차로안,승용,여,64세,경상,승용,남,46세,상해없음
2019092900100357,2019년 9월 29일 16시,일요일,충청남도 천안시 동남구 광덕면,경상사고,0,0,1,0,차대차 - 추돌,안전운전불이행,건조,맑음,단일로 - 기타,승용,남,37세,상해없음,승용,남,51세,경상
2019092900100394,2019년 9월 29일 17시,일요일,충청남도 아산시 신창면,경상사고,0,0,1,0,차대사람 - 기타,안전운전불이행,건조,맑음,단일로 - 기타,승용,남,19세,상해없음,보행자,남,9세,경상
2019092900100395,2019년 9월 29일 17시,일요일,충청남도 예산군 덕산면,중상사고,0,1,0,0,차대차 - 정면충돌,직진우회전진행방해,건조,맑음,교차로 - 교차로안,승용,여,60세,상해없음,이륜,남,19세,중상
2019092900100429,2019년 9월 29일 18시,일요일,충청남도 천안시 서북구 성정동,경상사고,0,0,3,0,차대차 - 추돌,안전운전불이행,건조,맑음,교차로 - 교차로부근,승용,남,52세,상해없음,승용,남,30세,경상
2019092900100430,2019년 9월 29일 18시,일요일,충청남도 홍성군 갈산면,중상사고,0,1,0,0,차대사람 - 길가장자리구역통행중,안전운전불이행,건조,맑음,단일로 - 기타,화물,남,64세,상해없음,보행자,남,64세,중상
2019092900100431,2019년 9월 29일 18시,일요일,충청남도 공주시 석장리동,경상사고,0,0,1,0,차량단독 - 기타,안전운전불이행,건조,맑음,기타 - 기타,자전거,남,60세,경상,,,,
2019092900100432,2019년 9월 29일 18시,일요일,충청남도 부여군 부여읍,중상사고,0,1,0,0,차량단독 - 공작물충돌,안전운전불이행,건조,맑음,단일로 - 기타,이륜,남,77세,상해없음,,,,
2019092900100433,2019년 9월 29일 18시,일요일,충청남도 천안시 동남구 삼룡동,중상사고,0,1,0,0,차대차 - 측면충돌,직진우회전진행방해,건조,맑음,교차로 - 교차로안,승합,여,39세,상해없음,이륜,남,52세,중상
2019092900100469,2019년 9월 29일 19시,일요일,충청남도 서산시 석남동,경상사고,0,0,2,0,차대차 - 추돌,안전운전불이행,건조,맑음,교차로 - 교차로부근,승용,남,38세,상해없음,승용,남,58세,경상
2019092900100470,2019년 9월 29일 19시,일요일,충청남도 아산시 온천동,중상사고,0,1,0,0,차대차 - 정면충돌,신호위반,건조,맑음,교차로 - 교차로안,승용,여,53세,상해없음,승용,여,64세,중상
2019092900100471,2019년 9월 29일 19시,일요일,충청남도 공주시 신관동,중상사고,0,2,3,0,차대차 - 측면충돌,직진우회전진행방해,건조,맑음,교차로 - 교차로안,승용,남,29세,중상,승용,남,62세,경상
2019092900100517,2019년 9월 29일 20시,일요일,충청남도 홍성군 홍동면,중상사고,0,1,0,0,차대사람 - 길가장자리구역통행중,안전운전불이행,건조,맑음,단일로 - 기타,화물,남,39세,상해없음,보행자,여,68세,중상
2019092900100518,2019년 9월 29일 20시,일요일,충청남도 공주시 신관동,중상사고,0,1,0,0,차대사람 - 횡단중,보행자보호의무위반,건조,맑음,단일로 - 기타,승용,남,23세,상해없음,보행자,남,19세,중상
2019092900100519,2019년 9월 29일 20시,일요일,충청남도 공주시 송선동,부상신고사고,0,0,0,2,차대차 - 추돌,안전운전불이행,건조,맑음,교차로 - 교차로부근,승용,여,26세,상해없음,승용,남,60세,부상신고
2019092900100570,2019년 9월 29일 22시,일요일,충청남도 부여군 은산면,사망사고,1,1,0,0,차대차 - 기타,과속,건조,맑음,단일로 - 기타,승용,남,55세,상해없음,승용,남,39세,사망
2019093000100062,2019년 9월 30일 05시,월요일,충청남도 천안시 서북구 두정동,경상사고,0,0,2,0,차대차 - 정면충돌,중앙선침범,건조,맑음,단일로 - 기타,승용,남,23세,상해없음,승용,남,56세,경상
2019093000100077,2019년 9월 30일 06시,월요일,충청남도 천안시 동남구 구성동,사망사고,1,0,0,0,차대사람 - 기타,불법유턴,건조,맑음,단일로 - 기타,화물,남,32세,상해없음,보행자,여,78세,사망
2019093000100110,2019년 9월 30일 07시,월요일,충청남도 아산시 온천동,경상사고,0,0,2,0,차대차 - 기타,교차로운행방법위반,건조,맑음,교차로 - 교차로안,승용,여,26세,상해없음,승용,여,40세,경상
2019093000100111,2019년 9월 30일 07시,월요일,충청남도 예산군 응봉면,경상사고,0,0,2,0,차대차 - 정면충돌,신호위반,건조,맑음,교차로 - 교차로안,승용,남,64세,경상,승용,남,47세,경상
2019093000100185,2019년 9월 30일 09시,월요일,충청남도 홍성군 구항면,경상사고,0,0,2,0,차대차 - 측면충돌,안전운전불이행,건조,맑음,교차로 - 교차로안,승용,여,55세,경상,승용,남,38세,경상
2019093000100186,2019년 9월 30일 09시,월요일,충청남도 예산군 예산읍,경상사고,0,0,1,0,차대차 - 추돌,안전운전불이행,건조,맑음,단일로 - 기타,승용,여,65세,상해없음,승용,남,67세,경상
2019093000100220,2019년 9월 30일 10시,월요일,충청남도 서산시 석림동,중상사고,0,1,3,0,차대차 - 측면충돌,신호위반,건조,맑음,교차로 - 교차로안,승합,남,40세,상해없음,승용,여,50세,경상
2019093000100245,2019년 9월 30일 11시,월요일,충청남도 천안시 동남구 목천읍,중상사고,0,1,0,0,차대차 - 측면충돌,신호위반,건조,맑음,교차로 - 교차로안,승용,남,69세,상해없음,화물,남,48세,중상
2019093000100286,2019년 9월 30일 12시,월요일,충청남도 천안시 동남구 봉명동,경상사고,0,0,1,0,차대사람 - 기타,안전운전불이행,건조,맑음,단일로 - 기타,승합,남,46세,상해없음,보행자,남,80세,경상
2019093000100289,2019년 9월 30일 12시,월요일,충청남도 당진시 순성면,경상사고,0,0,1,0,차대차 - 기타,안전운전불이행,건조,맑음,단일로 - 기타,승용,남,57세,상해없음,승용,남,62세,경상
2019093000100325,2019년 9월 30일 13시,월요일,충청남도 보령시 청라면,중상사고,0,1,1,0,차량단독 - 도로외이탈 - 추락,안전운전불이행,건조,맑음,단일로 - 기타,이륜,남,67세,중상,,,,
2019093000100326,2019년 9월 30일 13시,월요일,충청남도 보령시 동대동,경상사고,0,0,1,0,차대차 - 기타,직진우회전진행방해,건조,맑음,교차로 - 교차로안,승용,남,27세,상해없음,승용,남,66세,경상
2019093000100363,2019년 9월 30일 14시,월요일,충청남도 천안시 동남구 청당동,경상사고,0,0,1,0,차대차 - 측면충돌,안전운전불이행,건조,맑음,단일로 - 기타,승합,여,56세,상해없음,승용,남,69세,경상
2019093000100364,2019년 9월 30일 14시,월요일,충청남도 태안군 이원면,중상사고,0,1,1,0,차대차 - 정면충돌,중앙선침범,건조,맑음,단일로 - 기타,승용,여,28세,경상,화물,남,71세,중상
2019093000100407,2019년 9월 30일 15시,월요일,충청남도 서산시 음암면,경상사고,0,0,1,0,차대차 - 측면충돌,중앙선침범,건조,맑음,단일로 - 기타,승용,여,59세,경상,화물,남,48세,상해없음
2019093000100408,2019년 9월 30일 15시,월요일,충청남도 천안시 서북구 백석동,경상사고,0,0,1,0,차대차 - 기타,차로위반,건조,맑음,단일로 - 기타,화물,남,75세,상해없음,이륜,남,25세,경상
2019093000100409,2019년 9월 30일 15시,월요일,충청남도 천안시 서북구 직산읍,경상사고,0,0,3,0,차대차 - 측면충돌,교차로운행방법위반,건조,맑음,교차로 - 교차로안,승용,여,21세,상해없음,승용,여,43세,경상
2019093000100410,2019년 9월 30일 15시,월요일,충청남도 태안군 태안읍,경상사고,0,0,1,0,차대차 - 기타,안전운전불이행,건조,맑음,교차로 - 교차로안,화물,남,35세,상해없음,승용,남,61세,경상
2019093000100452,2019년 9월 30일 16시,월요일,충청남도 천안시 서북구 불당동,경상사고,0,0,2,0,차대차 - 기타,안전운전불이행,건조,맑음,교차로 - 교차로안,화물,남,46세,상해없음,승용,여,35세,기타불명
2019093000100453,2019년 9월 30일 16시,월요일,충청남도 아산시 모종동,중상사고,0,1,1,0,차대차 - 기타,안전운전불이행,건조,맑음,교차로 - 교차로안,승용,남,40세,중상,승용,남,66세,경상
2019093000100506,2019년 9월 30일 17시,월요일,충청남도 천안시 동남구 청당동,중상사고,0,1,0,0,차대차 - 측면충돌,안전운전불이행,건조,맑음,교차로 - 교차로안,이륜,남,75세,중상,승용,여,36세,상해없음
2019093000100556,2019년 9월 30일 18시,월요일,충청남도 청양군 정산면,경상사고,0,0,2,0,차대차 - 측면충돌,안전운전불이행,건조,맑음,교차로 - 교차로안,승용,남,54세,상해없음,화물,남,69세,경상
2019093000100557,2019년 9월 30일 18시,월요일,충청남도 천안시 동남구 다가동,경상사고,0,0,1,0,차대차 - 측면충돌,교차로운행방법위반,건조,맑음,교차로 - 교차로안,승용,여,22세,상해없음,화물,남,49세,경상
2019093000100687,2019년 9월 30일 21시,월요일,충청남도 금산군 추부면,경상사고,0,0,1,0,차대차 - 측면충돌,안전운전불이행,건조,맑음,단일로 - 기타,승용,남,61세,상해없음,이륜,남,44세,경상
2019093000100729,2019년 9월 30일 23시,월요일,충청남도 청양군 청양읍,경상사고,0,0,3,0,차대차 - 정면충돌,중앙선침범,건조,맑음,단일로 - 기타,승용,여,43세,경상,승용,남,27세,경상
2019100100100057,2019년 10월 1일 03시,화요일,충청남도 천안시 서북구 성성동,부상신고사고,0,0,0,1,차량단독 - 공작물충돌,안전운전불이행,건조,맑음,단일로 - 기타,승용,남,28세,부상신고,,,,
2019100100100064,2019년 10월 1일 04시,화요일,충청남도 천안시 서북구 부대동,사망사고,1,0,0,0,차대차 - 추돌,안전운전불이행,건조,맑음,단일로 - 기타,승합,남,54세,상해없음,농기계,남,57세,사망
2019100100100074,2019년 10월 1일 05시,화요일,충청남도 아산시 온천동,중상사고,0,1,0,0,차대사람 - 기타,기타,건조,기타,기타 - 기타,승용,여,50세,상해없음,보행자,남,45세,중상
2019100100100146,2019년 10월 1일 08시,화요일,충청남도 서산시 갈산동,중상사고,0,1,0,0,차대차 - 측면충돌,안전운전불이행,건조,흐림,단일로 - 기타,승용,여,49세,상해없음,승용,여,30세,중상
2019100100100147,2019년 10월 1일 08시,화요일,충청남도 계룡시 금암동,중상사고,0,1,0,0,차대차 - 측면충돌,안전운전불이행,건조,맑음,교차로 - 교차로부근,승용,남,72세,상해없음,승용,여,34세,중상
2019100100100148,2019년 10월 1일 08시,화요일,충청남도 아산시 음봉면,중상사고,0,1,0,0,차대차 - 기타,안전운전불이행,건조,맑음,단일로 - 기타,승용,남,27세,상해없음,이륜,남,22세,중상
2019100100100184,2019년 10월 1일 09시,화요일,충청남도 천안시 동남구 유량동,경상사고,0,0,2,0,차대차 - 측면충돌,교차로운행방법위반,건조,맑음,교차로 - 교차로안,승용,여,52세,상해없음,승용,여,45세,경상
2019100100100259,2019년 10월 1일 11시,화요일,충청남도 예산군 응봉면,중상사고,0,4,2,0,차대차 - 측면충돌,신호위반,건조,맑음,교차로 - 교차로안,승용,여,64세,상해없음,승용,남,58세,중상
2019100100100308,2019년 10월 1일 13시,화요일,충청남도 천안시 서북구 직산읍,경상사고,0,0,2,0,차대차 - 추돌,안전운전불이행,건조,맑음,단일로 - 기타,기타불명,기타불명,미분류,기타불명,화물,남,51세,경상
2019100100100309,2019년 10월 1일 13시,화요일,충청남도 공주시 반포면,중상사고,0,1,0,0,차량단독 - 공작물충돌,안전운전불이행,건조,맑음,교차로 - 교차로안,화물,남,61세,중상,,,,
2019100100100310,2019년 10월 1일 13시,화요일,충청남도 부여군 규암면,중상사고,0,2,0,0,차대차 - 추돌,안전운전불이행,건조,맑음,단일로 - 교량,화물,남,41세,중상,건설기계,남,52세,중상
2019100100100311,2019년 10월 1일 13시,화요일,충청남도 천안시 동남구 신방동,경상사고,0,0,2,0,차대차 - 측면충돌,교차로운행방법위반,건조,맑음,교차로 - 교차로안,승용,여,48세,경상,승용,남,57세,경상
2019100100100353,2019년 10월 1일 14시,화요일,충청남도 천안시 서북구 두정동,경상사고,0,0,1,0,차대차 - 측면충돌,안전운전불이행,건조,맑음,교차로 - 교차로안,이륜,남,30세,경상,승용,남,45세,상해없음
2019100100100388,2019년 10월 1일 15시,화요일,충청남도 서산시 석림동,중상사고,0,2,0,0,차대차 - 측면충돌,신호위반,건조,맑음,교차로 - 교차로안,승용,남,31세,상해없음,화물,남,61세,중상
2019100100100389,2019년 10월 1일 15시,화요일,충청남도 보령시 대천동,중상사고,0,1,0,0,차대사람 - 횡단중,안전운전불이행,건조,맑음,단일로 - 기타,이륜,남,26세,상해없음,보행자,남,66세,중상
2019100100100390,2019년 10월 1일 15시,화요일,충청남도 당진시 송산면,중상사고,0,1,0,0,차대차 - 측면충돌,차로위반,건조,맑음,단일로 - 기타,화물,남,57세,상해없음,특수,남,51세,중상
2019100100100391,2019년 10월 1일 15시,화요일,충청남도 청양군 대치면,중상사고,0,1,0,0,차대차 - 측면충돌,중앙선침범,건조,맑음,단일로 - 기타,승용,여,30세,상해없음,이륜,남,67세,중상
2019100100100421,2019년 10월 1일 16시,화요일,충청남도 홍성군 은하면,경상사고,0,0,2,0,차대차 - 정면충돌,신호위반,건조,맑음,교차로 - 교차로안,화물,남,80세,상해없음,승용,남,41세,경상
2019100100100422,2019년 10월 1일 16시,화요일,충청남도 금산군 추부면,경상사고,0,0,3,0,차대차 - 추돌,안전운전불이행,건조,맑음,단일로 - 기타,승용,남,63세,경상,승합,남,72세,경상
2019100100100423,2019년 10월 1일 16시,화요일,충청남도 태안군 남면,경상사고,0,0,7,0,차대차 - 측면충돌,신호위반,건조,맑음,교차로 - 교차로안,승용,남,70세,경상,승합,남,48세,경상
2019100100100467,2019년 10월 1일 17시,화요일,충청남도 천안시 서북구 불당동,중상사고,0,1,0,0,차대차 - 측면충돌,안전운전불이행,건조,맑음,단일로 - 기타,승용,여,38세,상해없음,이륜,남,25세,중상
2019100100100468,2019년 10월 1일 17시,화요일,충청남도 천안시 서북구 차암동,경상사고,0,0,1,0,차대차 - 기타,안전거리미확보,건조,맑음,단일로 - 기타,기타불명,기타불명,미분류,기타불명,승용,여,32세,경상
2019100100100469,2019년 10월 1일 17시,화요일,충청남도 부여군 부여읍,중상사고,0,1,0,0,차대사람 - 기타,안전운전불이행,건조,맑음,단일로 - 기타,승용,남,22세,상해없음,보행자,여,29세,중상
2019100100100470,2019년 10월 1일 17시,화요일,충청남도 부여군 내산면,사망사고,1,2,1,0,차대차 - 정면충돌,중앙선침범,건조,맑음,단일로 - 기타,화물,남,75세,사망,화물,남,49세,경상
2019100100100521,2019년 10월 1일 18시,화요일,충청남도 천안시 서북구 성정동,부상신고사고,0,0,0,1,차대차 - 측면충돌,중앙선침범,건조,맑음,단일로 - 기타,기타불명,남,21세,부상신고,승용,남,65세,상해없음
2019100100100522,2019년 10월 1일 18시,화요일,충청남도 천안시 서북구 성환읍,중상사고,0,1,0,0,차대사람 - 횡단중,안전운전불이행,건조,맑음,교차로 - 교차로안,승용,남,63세,상해없음,보행자,남,58세,중상
2019100100100523,2019년 10월 1일 18시,화요일,충청남도 보령시 화산동,경상사고,0,0,2,0,차대차 - 기타,안전운전불이행,건조,맑음,교차로 - 교차로부근,승용,여,38세,상해없음,화물,남,26세,상해없음
2019100100100524,2019년 10월 1일 18시,화요일,충청남도 공주시 금흥동,경상사고,0,0,1,0,차대사람 - 횡단중,보행자보호의무위반,건조,맑음,교차로 - 교차로횡단보도내,승용,남,58세,상해없음,보행자,남,5세,경상
2019100100100581,2019년 10월 1일 19시,화요일,충청남도 서산시 예천동,경상사고,0,0,1,0,차대사람 - 횡단중,안전운전불이행,건조,맑음,단일로 - 기타,승용,남,34세,상해없음,보행자,여,55세,경상
2019100100100582,2019년 10월 1일 19시,화요일,충청남도 천안시 서북구 쌍용동,경상사고,0,0,1,0,차대사람 - 횡단중,보행자보호의무위반,건조,맑음,교차로 - 교차로횡단보도내,승용,남,29세,상해없음,보행자,여,19세,경상
2019100100100583,2019년 10월 1일 19시,화요일,충청남도 천안시 서북구 성정동,경상사고,0,0,1,1,차대차 - 측면충돌,교차로운행방법위반,건조,맑음,교차로 - 교차로안,특수,남,37세,상해없음,승용,여,51세,경상
2019100100100584,2019년 10월 1일 19시,화요일,충청남도 보령시 남포면,경상사고,0,0,1,0,차대차 - 측면충돌,직진우회전진행방해,건조,맑음,교차로 - 교차로안,화물,남,52세,상해없음,승용,남,51세,경상
2019100100100585,2019년 10월 1일 19시,화요일,충청남도 청양군 정산면,경상사고,0,0,2,0,차대차 - 측면충돌,신호위반,건조,맑음,교차로 - 교차로안,화물,남,47세,경상,승용,남,27세,경상
2019100100100629,2019년 10월 1일 20시,화요일,충청남도 태안군 태안읍,경상사고,0,0,1,0,차대사람 - 보도통행중,보행자보호의무위반,건조,맑음,교차로 - 교차로안,승용,여,47세,상해없음,보행자,남,53세,경상
2019100100100689,2019년 10월 1일 22시,화요일,충청남도 천안시 서북구 불당동,경상사고,0,0,1,0,차대차 - 측면충돌,안전거리미확보,건조,맑음,단일로 - 기타,승용,여,29세,상해없음,승용,여,20세,경상
2019100100100690,2019년 10월 1일 22시,화요일,충청남도 계룡시 금암동,경상사고,0,0,2,0,차대차 - 추돌,안전운전불이행,건조,맑음,단일로 - 기타,승용,남,26세,상해없음,승용,여,24세,경상
2019100200100054,2019년 10월 2일 02시,수요일,충청남도 천안시 서북구 불당동,경상사고,0,0,2,0,차대차 - 추돌,안전운전불이행,건조,맑음,교차로 - 교차로부근,승용,남,30세,상해없음,승용,남,37세,경상
2019100200100110,2019년 10월 2일 07시,수요일,충청남도 아산시 배방읍,경상사고,0,0,1,0,차대차 - 기타,안전운전불이행,건조,맑음,교차로 - 교차로부근,승용,남,43세,상해없음,승용,남,29세,경상
2019100200100145,2019년 10월 2일 08시,수요일,충청남도 천안시 서북구 성정동,경상사고,0,0,1,0,차대차 - 기타,안전운전불이행,젖음/습기,비,교차로 - 교차로안,승용,남,31세,상해없음,승용,남,51세,경상
2019100200100146,2019년 10월 2일 08시,수요일,충청남도 아산시 배방읍,경상사고,0,0,1,0,차대차 - 기타,교차로운행방법위반,건조,맑음,교차로 - 교차로안,승용,여,43세,상해없음,승용,남,31세,경상
2019100200100147,2019년 10월 2일 08시,수요일,충청남도 서천군 장항읍,중상사고,0,1,1,0,차대차 - 측면충돌,교차로운행방법위반,젖음/습기,비,교차로 - 교차로안,승용,남,77세,경상,승용,남,35세,중상
2019100200100148,2019년 10월 2일 08시,수요일,충청남도 보령시 웅천읍,중상사고,0,1,0,0,차대차 - 측면충돌,신호위반,젖음/습기,비,교차로 - 교차로안,화물,여,59세,상해없음,승용,남,27세,중상
2019100200100149,2019년 10월 2일 08시,수요일,충청남도 부여군 임천면,중상사고,0,1,0,0,차대차 - 정면충돌,안전운전불이행,젖음/습기,비,단일로 - 기타,승용,여,55세,상해없음,화물,남,70세,중상
2019100200100228,2019년 10월 2일 10시,수요일,충청남도 공주시 신관동,경상사고,0,0,2,0,차대차 - 추돌,안전운전불이행,젖음/습기,비,단일로 - 기타,승용,여,57세,경상,승용,여,47세,경상
2019100200100229,2019년 10월 2일 10시,수요일,충청남도 부여군 부여읍,중상사고,0,2,0,0,차대차 - 추돌,안전거리미확보,젖음/습기,비,교차로 - 교차로부근,승용,남,61세,상해없음,승용,여,39세,중상
2019100200100263,2019년 10월 2일 11시,수요일,충청남도 공주시 탄천면,중상사고,0,1,1,0,차대차 - 정면충돌,중앙선침범,젖음/습기,비,단일로 - 기타,승용,여,37세,상해없음,승용,남,48세,경상
2019100200100264,2019년 10월 2일 11시,수요일,충청남도 당진시 송악읍,경상사고,0,0,1,0,차대차 - 측면충돌,중앙선침범,건조,맑음,단일로 - 기타,화물,남,77세,상해없음,화물,남,59세,경상
2019100200100265,2019년 10월 2일 11시,수요일,충청남도 당진시 송악읍,경상사고,0,0,1,0,차대차 - 측면충돌,안전운전불이행,건조,맑음,단일로 - 기타,승용,남,55세,상해없음,승용,남,39세,경상
2019100200100266,2019년 10월 2일 11시,수요일,충청남도 태안군 안면읍,중상사고,0,1,1,0,차대차 - 측면충돌,신호위반,젖음/습기,비,교차로 - 교차로안,승용,남,38세,상해없음,승용,여,47세,중상
2019100200100376,2019년 10월 2일 14시,수요일,충청남도 서산시 석남동,경상사고,0,0,1,0,차대차 - 측면충돌,안전운전불이행,젖음/습기,비,단일로 - 기타,승용,남,62세,기타불명,승용,남,21세,경상
2019100200100429,2019년 10월 2일 15시,수요일,충청남도 천안시 서북구 두정동,경상사고,0,0,1,0,차대사람 - 기타,안전운전불이행,젖음/습기,비,교차로 - 교차로안,승용,여,32세,상해없음,보행자,남,7세,경상
2019100200100430,2019년 10월 2일 15시,수요일,충청남도 아산시 실옥동,경상사고,0,0,1,0,차대사람 - 횡단중,신호위반,젖음/습기,비,교차로 - 교차로안,승용,여,35세,상해없음,보행자,여,13세,경상
2019100200100431,2019년 10월 2일 15시,수요일,충청남도 공주시 신관동,경상사고,0,0,1,0,차대차 - 측면충돌,안전운전불이행,젖음/습기,비,기타 - 기타,승용,여,42세,상해없음,이륜,남,28세,경상
2019100200100513,2019년 10월 2일 17시,수요일,충청남도 아산시 인주면,중상사고,0,1,0,0,차대사람 - 횡단중,안전운전불이행,젖음/습기,비,교차로 - 교차로안,건설기계,남,39세,상해없음,보행자,여,68세,중상
2019100200100514,2019년 10월 2일 17시,수요일,충청남도 당진시 읍내리,경상사고,0,0,2,0,차량단독 - 기타,기타,건조,맑음,단일로 - 기타,승용,남,74세,상해없음,,,,
2019100200100515,2019년 10월 2일 17시,수요일,충청남도 예산군 오가면,중상사고,0,1,1,0,차대차 - 추돌,안전운전불이행,젖음/습기,비,기타 - 기타,승용,남,44세,상해없음,화물,남,60세,경상
2019100200100589,2019년 10월 2일 18시,수요일,충청남도 서산시 읍내동,중상사고,0,1,0,0,차대차 - 측면충돌,직진우회전진행방해,젖음/습기,비,교차로 - 교차로안,화물,남,51세,상해없음,이륜,남,39세,중상
2019100200100590,2019년 10월 2일 18시,수요일,충청남도 천안시 서북구 신당동,경상사고,0,0,1,0,차대차 - 추돌,안전거리미확보,젖음/습기,비,단일로 - 기타,승용,여,46세,상해없음,이륜,남,24세,경상
2019100200100591,2019년 10월 2일 18시,수요일,충청남도 천안시 서북구 쌍용동,경상사고,0,0,1,0,차대사람 - 횡단중,안전운전불이행,젖음/습기,비,교차로 - 교차로안,화물,남,38세,상해없음,보행자,여,43세,경상
2019100200100592,2019년 10월 2일 18시,수요일,충청남도 홍성군 홍성읍,경상사고,0,0,1,0,차대차 - 측면충돌,중앙선침범,젖음/습기,비,단일로 - 기타,승용,남,47세,상해없음,승용,여,55세,경상
2019100200100593,2019년 10월 2일 18시,수요일,충청남도 아산시 탕정면,경상사고,0,0,1,0,차대차 - 추돌,안전운전불이행,젖음/습기,비,단일로 - 기타,승용,여,40세,상해없음,승용,남,25세,경상
2019100200100594,2019년 10월 2일 18시,수요일,충청남도 아산시 배방읍,경상사고,0,0,1,0,차대차 - 측면충돌,안전운전불이행,젖음/습기,비,단일로 - 기타,승용,남,20세,상해없음,이륜,남,52세,경상
2019100200100595,2019년 10월 2일 18시,수요일,충청남도 예산군 덕산면,사망사고,1,0,0,0,차대사람 - 기타,안전운전불이행,젖음/습기,비,기타 - 기타,승용,여,68세,기타불명,보행자,여,79세,사망
2019100200100596,2019년 10월 2일 18시,수요일,충청남도 당진시 읍내리,중상사고,0,1,0,0,차대사람 - 횡단중,보행자보호의무위반,젖음/습기,비,단일로 - 기타,승용,여,56세,상해없음,보행자,여,58세,중상
2019100200100675,2019년 10월 2일 19시,수요일,충청남도 천안시 서북구 성거읍,중상사고,0,1,0,0,차대사람 - 차도통행중,안전운전불이행,젖음/습기,비,단일로 - 기타,승용,남,31세,상해없음,보행자,남,85세,중상
2019100200100676,2019년 10월 2일 19시,수요일,충청남도 천안시 서북구 성성동,경상사고,0,0,1,0,차대차 - 추돌,안전거리미확보,젖음/습기,비,단일로 - 기타,승용,남,29세,상해없음,승용,남,58세,경상
2019100200100677,2019년 10월 2일 19시,수요일,충청남도 홍성군 홍성읍,경상사고,0,0,1,0,차대사람 - 횡단중,보행자보호의무위반,젖음/습기,비,교차로 - 교차로안,승용,여,57세,상해없음,보행자,남,31세,경상
2019100200100678,2019년 10월 2일 19시,수요일,충청남도 금산군 금산읍,경상사고,0,0,1,0,차대차 - 정면충돌,중앙선침범,젖음/습기,비,단일로 - 기타,화물,남,42세,상해없음,승용,여,58세,경상
2019100200100757,2019년 10월 2일 20시,수요일,충청남도 천안시 서북구 쌍용동,경상사고,0,0,3,0,차대차 - 측면충돌,안전거리미확보,젖음/습기,비,단일로 - 기타,승용,여,47세,상해없음,승용,여,42세,경상
2019100200100758,2019년 10월 2일 20시,수요일,충청남도 아산시 모종동,경상사고,0,0,1,0,차대사람 - 기타,안전운전불이행,젖음/습기,비,단일로 - 기타,이륜,남,20세,상해없음,보행자,여,61세,경상
2019100200100759,2019년 10월 2일 20시,수요일,충청남도 당진시 신평면,중상사고,0,2,0,0,차대차 - 측면충돌,안전운전불이행,건조,맑음,단일로 - 기타,화물,남,39세,상해없음,승용,남,51세,중상
2019100200100760,2019년 10월 2일 20시,수요일,충청남도 천안시 동남구 성황동,중상사고,0,1,0,0,차대차 - 측면충돌,기타,젖음/습기,비,교차로 - 교차로안,승용,남,72세,기타불명,자전거,남,47세,중상
2019100200100814,2019년 10월 2일 21시,수요일,충청남도 서산시 동문동,경상사고,0,0,1,0,차대사람 - 횡단중,안전운전불이행,젖음/습기,비,교차로 - 교차로안,승용,남,46세,상해없음,보행자,남,48세,경상
2019100200100815,2019년 10월 2일 21시,수요일,충청남도 천안시 동남구 신방동,경상사고,0,0,2,0,차대차 - 측면충돌,안전운전불이행,건조,맑음,단일로 - 기타,승용,남,24세,상해없음,승용,남,24세,경상
2019100200100867,2019년 10월 2일 22시,수요일,충청남도 홍성군 홍성읍,중상사고,0,1,0,0,차대차 - 측면충돌,안전운전불이행,젖음/습기,비,교차로 - 교차로안,승용,남,38세,상해없음,이륜,남,50세,중상
2019100200100868,2019년 10월 2일 22시,수요일,충청남도 당진시 송악읍,중상사고,0,1,0,0,차대사람 - 차도통행중,안전운전불이행,젖음/습기,비,단일로 - 기타,승용,남,46세,상해없음,보행자,남,57세,중상
2019100200100869,2019년 10월 2일 22시,수요일,충청남도 천안시 동남구 원성동,경상사고,0,0,3,0,차대차 - 추돌,안전운전불이행,건조,맑음,단일로 - 기타,승용,여,40세,경상,승합,남,47세,경상