사고번호,사고일시,요일,시군구,사고내용,사망자수,중상자수,경상자수,부상신고자수,사고유형,법규위반,노면상태,기상상태,도로형태,가해운전자 차종,가해운전자 성별,가해운전자 연령,가해운전자 상해정도,피해운전자 차종,피해운전자 성별,피해운전자 연령,피해운전자 상해정도
2019100200100916,2019년 10월 2일 23시,수요일,충청남도 천안시 서북구 성정동,경상사고,0,0,1,0,차량단독 - 공작물충돌,안전운전불이행,젖음/습기,비,교차로 - 교차로부근,이륜,남,43세,경상,,,,
2019100200100917,2019년 10월 2일 23시,수요일,충청남도 아산시 용화동,중상사고,0,1,0,0,차대사람 - 보도통행중,안전운전불이행,젖음/습기,비,교차로 - 교차로안,이륜,남,20세,상해없음,보행자,남,34세,중상
2019100300100041,2019년 10월 3일 00시,목요일,충청남도 서산시 읍내동,경상사고,0,0,2,0,차대차 - 측면충돌,직진우회전진행방해,젖음/습기,비,교차로 - 교차로안,승합,남,66세,상해없음,승용,남,46세,경상
2019100300100081,2019년 10월 3일 01시,목요일,충청남도 천안시 서북구 두정동,중상사고,0,1,0,0,차대사람 - 횡단중,신호위반,젖음/습기,비,교차로 - 교차로안,승용,남,51세,상해없음,보행자,남,16세,중상
2019100300100176,2019년 10월 3일 06시,목요일,충청남도 논산시 은진면,중상사고,0,1,1,1,차대차 - 측면충돌,직진우회전진행방해,젖음/습기,흐림,교차로 - 교차로안,이륜,남,15세,부상신고,승용,남,59세,경상
2019100300100177,2019년 10월 3일 06시,목요일,충청남도 아산시 온천동,경상사고,0,0,1,0,차대차 - 기타,안전운전불이행,젖음/습기,비,교차로 - 교차로부근,승용,남,29세,상해없음,승용,남,42세,경상
2019100300100202,2019년 10월 3일 08시,목요일,충청남도 논산시 부적면,중상사고,0,1,0,0,차대차 - 추돌,안전운전불이행,젖음/습기,흐림,단일로 - 기타,승용,여,45세,상해없음,이륜,남,74세,중상
2019100300100224,2019년 10월 3일 09시,목요일,충청남도 부여군 은산면,사망사고,2,0,0,0,차량단독 - 도로외이탈 - 추락,안전운전불이행,건조,맑음,단일로 - 기타,화물,남,41세,상해없음,,,,
2019100300100225,2019년 10월 3일 09시,목요일,충청남도 천안시 동남구 다가동,부상신고사고,0,0,0,1,차대사람 - 기타,안전운전불이행,건조,맑음,교차로 - 교차로부근,화물,남,58세,상해없음,보행자,남,50세,부상신고
2019100300100286,2019년 10월 3일 12시,목요일,충청남도 아산시 온천동,중상사고,0,1,0,0,차대차 - 기타,안전운전불이행,건조,맑음,단일로 - 기타,이륜,남,38세,중상,승용,남,55세,상해없음
2019100300100287,2019년 10월 3일 12시,목요일,충청남도 예산군 삽교읍,경상사고,0,0,2,0,차대차 - 추돌,차로위반,건조,맑음,단일로 - 기타,승용,여,43세,상해없음,승용,남,66세,경상
2019100300100288,2019년 10월 3일 12시,목요일,충청남도 천안시 동남구 구룡동,경상사고,0,0,1,0,차대차 - 측면충돌,교차로운행방법위반,건조,맑음,교차로 - 교차로안,승용,남,48세,상해없음,화물,남,49세,경상
2019100300100308,2019년 10월 3일 13시,목요일,충청남도 천안시 서북구 입장면,중상사고,0,1,0,0,차대사람 - 횡단중,안전운전불이행,건조,맑음,단일로 - 기타,화물,남,48세,상해없음,보행자,여,68세,중상
2019100300100345,2019년 10월 3일 14시,목요일,충청남도 아산시 법곡동,경상사고,0,0,3,0,차대차 - 기타,신호위반,건조,맑음,교차로 - 교차로안,승용,여,74세,상해없음,승용,여,32세,경상
2019100300100346,2019년 10월 3일 14시,목요일,충청남도 예산군 예산읍,중상사고,0,1,0,0,차대차 - 후진중충돌,안전운전불이행,건조,맑음,기타 - 기타,승용,남,61세,상해없음,화물,남,49세,상해없음
2019100300100422,2019년 10월 3일 16시,목요일,충청남도 서산시 지곡면,부상신고사고,0,0,0,1,차대차 - 추돌,교차로운행방법위반,건조,맑음,교차로 - 교차로안,이륜,여,66세,부상신고,승용,여,44세,상해없음
2019100300100452,2019년 10월 3일 17시,목요일,충청남도 천안시 서북구 두정동,경상사고,0,0,1,0,차대차 - 후진중충돌,안전운전불이행,건조,맑음,교차로 - 교차로횡단보도내,승용,남,65세,상해없음,이륜,남,39세,경상
2019100300100453,2019년 10월 3일 17시,목요일,충청남도 청양군 남양면,중상사고,0,1,0,0,차량단독 - 도로외이탈 - 기타,안전운전불이행,건조,맑음,단일로 - 기타,이륜,남,58세,중상,,,,
2019100300100482,2019년 10월 3일 18시,목요일,충청남도 천안시 동남구 안서동,중상사고,0,1,1,0,차대사람 - 기타,안전운전불이행,건조,맑음,교차로 - 교차로안,승용,남,57세,상해없음,보행자,남,22세,중상
2019100300100517,2019년 10월 3일 19시,목요일,충청남도 당진시 읍내리,경상사고,0,0,5,0,차대차 - 추돌,안전거리미확보,건조,맑음,교차로 - 교차로안,승용,여,57세,상해없음,승용,여,40세,경상
2019100300100538,2019년 10월 3일 20시,목요일,충청남도 천안시 서북구 입장면,중상사고,0,1,0,0,차대사람 - 기타,안전운전불이행,건조,맑음,단일로 - 기타,승용,남,27세,상해없음,보행자,여,77세,중상
2019100300100539,2019년 10월 3일 20시,목요일,충청남도 천안시 서북구 쌍용동,중상사고,0,1,0,0,차량단독 - 기타,안전운전불이행,건조,맑음,단일로 - 기타,승합,남,54세,상해없음,,,,
2019100300100541,2019년 10월 3일 20시,목요일,충청남도 당진시 용연리,경상사고,0,0,1,0,차량단독 - 기타,안전운전불이행,건조,맑음,단일로 - 기타,승합,남,54세,상해없음,,,,
2019100300100586,2019년 10월 3일 22시,목요일,충청남도 천안시 서북구 성정동,경상사고,0,0,1,0,차대차 - 추돌,안전거리미확보,건조,맑음,단일로 - 기타,이륜,남,44세,상해없음,승용,남,26세,경상
2019100400100067,2019년 10월 4일 05시,금요일,충청남도 천안시 서북구 성정동,경상사고,0,0,1,0,차대사람 - 횡단중,중앙선침범,건조,맑음,단일로 - 기타,승용,남,58세,상해없음,보행자,여,77세,경상
2019100400100068,2019년 10월 4일 05시,금요일,충청남도 청양군 화성면,경상사고,0,0,2,0,차대차 - 기타,중앙선침범,건조,맑음,단일로 - 기타,승용,남,49세,기타불명,승용,남,29세,경상
2019100400100145,2019년 10월 4일 08시,금요일,충청남도 논산시 양촌면,경상사고,0,0,7,0,차대차 - 측면충돌,차로위반,건조,맑음,단일로 - 기타,승용,남,23세,경상,건설기계,남,47세,경상
2019100400100146,2019년 10월 4일 08시,금요일,충청남도 서천군 마서면,경상사고,0,0,1,1,차대차 - 측면충돌,신호위반,건조,맑음,교차로 - 교차로안,승용,남,82세,부상신고,승용,남,54세,경상
2019100400100211,2019년 10월 4일 10시,금요일,충청남도 아산시 배방읍,경상사고,0,0,1,0,차대차 - 기타,신호위반,건조,맑음,교차로 - 교차로안,승용,남,45세,상해없음,승용,남,34세,경상
2019100400100244,2019년 10월 4일 11시,금요일,충청남도 당진시 읍내리,중상사고,0,1,0,0,차대사람 - 횡단중,안전운전불이행,건조,맑음,교차로 - 교차로안,화물,남,46세,상해없음,보행자,여,73세,중상
2019100400100245,2019년 10월 4일 11시,금요일,충청남도 태안군 안면읍,경상사고,0,0,1,0,차대차 - 측면충돌,신호위반,건조,맑음,교차로 - 교차로안,승용,남,36세,상해없음,승용,남,59세,경상
2019100400100289,2019년 10월 4일 12시,금요일,충청남도 천안시 동남구 목천읍,중상사고,0,1,1,0,차대차 - 기타,신호위반,건조,맑음,교차로 - 교차로안,승용,남,26세,중상,건설기계,남,36세,경상
2019100400100344,2019년 10월 4일 13시,금요일,충청남도 논산시 대교동,중상사고,0,1,0,0,차대차 - 측면충돌,직진우회전진행방해,건조,맑음,교차로 - 교차로안,화물,남,60세,상해없음,이륜,남,18세,중상
2019100400100345,2019년 10월 4일 13시,금요일,충청남도 부여군 부여읍,중상사고,0,1,0,0,차대사람 - 기타,안전운전불이행,건조,맑음,단일로 - 기타,승용,여,35세,상해없음,보행자,남,84세,중상
2019100400100396,2019년 10월 4일 14시,금요일,충청남도 천안시 서북구 성거읍,경상사고,0,0,1,0,차대차 - 측면충돌,교차로운행방법위반,건조,맑음,단일로 - 기타,이륜,남,32세,상해없음,승용,여,35세,경상
2019100400100397,2019년 10월 4일 14시,금요일,충청남도 천안시 동남구 수신면,경상사고,0,0,1,0,차대차 - 후진중충돌,안전운전불이행,건조,맑음,기타 - 기타,승용,남,34세,상해없음,화물,남,36세,경상
2019100400100481,2019년 10월 4일 16시,금요일,충청남도 천안시 서북구 두정동,경상사고,0,0,1,0,차대차 - 측면충돌,신호위반,건조,맑음,단일로 - 기타,승용,남,78세,상해없음,승용,남,27세,경상
2019100400100482,2019년 10월 4일 16시,금요일,충청남도 천안시 동남구 원성동,중상사고,0,1,0,0,차대차 - 추돌,안전운전불이행,건조,맑음,교차로 - 교차로안,승용,남,81세,상해없음,이륜,여,27세,중상
2019100400100517,2019년 10월 4일 17시,금요일,충청남도 공주시 사곡면,경상사고,0,0,1,0,차대차 - 측면충돌,안전운전불이행,건조,맑음,단일로 - 기타,화물,남,57세,상해없음,농기계,남,81세,경상
2019100400100518,2019년 10월 4일 17시,금요일,충청남도 천안시 동남구 신방동,경상사고,0,0,1,1,차대차 - 기타,직진우회전진행방해,건조,맑음,교차로 - 교차로안,승용,남,40세,부상신고,화물,남,55세,경상
2019100400100572,2019년 10월 4일 18시,금요일,충청남도 천안시 서북구 불당동,부상신고사고,0,0,0,1,차대차 - 측면충돌,안전운전불이행,건조,맑음,교차로 - 교차로부근,이륜,남,17세,부상신고,승용,남,57세,상해없음
2019100400100573,2019년 10월 4일 18시,금요일,충청남도 태안군 태안읍,경상사고,0,0,1,0,차대차 - 기타,중앙선침범,건조,맑음,단일로 - 기타,이륜,여,62세,경상,승용,남,47세,상해없음
2019100400100680,2019년 10월 4일 20시,금요일,충청남도 천안시 서북구 성성동,부상신고사고,0,0,0,1,차대차 - 측면충돌,안전운전불이행,건조,맑음,단일로 - 기타,이륜,남,40세,부상신고,승용,남,30세,상해없음
2019100400100681,2019년 10월 4일 20시,금요일,충청남도 천안시 서북구 불당동,경상사고,0,0,3,0,차대차 - 추돌,안전운전불이행,건조,맑음,단일로 - 기타,승용,여,43세,상해없음,승용,여,45세,경상
2019100400100682,2019년 10월 4일 20시,금요일,충청남도 예산군 신암면,중상사고,0,1,0,0,차대사람 - 차도통행중,안전운전불이행,건조,맑음,단일로 - 기타,승용,남,42세,상해없음,보행자,여,66세,중상
2019100400100683,2019년 10월 4일 20시,금요일,충청남도 당진시 송악읍,중상사고,0,1,0,0,차대차 - 측면충돌,안전운전불이행,건조,기타,교차로 - 교차로안,이륜,남,26세,중상,승용,남,59세,상해없음
2019100400100684,2019년 10월 4일 20시,금요일,충청남도 청양군 화성면,중상사고,0,4,1,0,차대차 - 정면충돌,안전운전불이행,건조,맑음,단일로 - 기타,승용,남,19세,경상,승용,남,43세,중상
2019100400100735,2019년 10월 4일 22시,금요일,충청남도 천안시 동남구 신부동,부상신고사고,0,0,0,1,차대차 - 측면충돌,교차로운행방법위반,건조,맑음,교차로 - 교차로안,이륜,남,37세,부상신고,승용,남,54세,상해없음
2019100400100756,2019년 10월 4일 23시,금요일,충청남도 천안시 서북구 백석동,경상사고,0,0,1,0,차대차 - 추돌,안전운전불이행,건조,맑음,교차로 - 교차로부근,승용,남,30세,상해없음,승용,여,25세,경상
2019100400100757,2019년 10월 4일 23시,금요일,충청남도 천안시 서북구 두정동,경상사고,0,0,1,0,차대차 - 추돌,안전운전불이행,건조,맑음,교차로 - 교차로안,승용,남,40세,상해없음,승용,남,69세,경상
2019100400100758,2019년 10월 4일 23시,금요일,충청남도 천안시 동남구 목천읍,중상사고,0,2,1,0,차대차 - 추돌,안전운전불이행,건조,맑음,단일로 - 터널,승용,남,41세,상해없음,승합,여,52세,경상
2019100500100083,2019년 10월 5일 06시,토요일,충청남도 천안시 서북구 성환읍,경상사고,0,0,1,0,차대차 - 측면충돌,안전운전불이행,건조,맑음,단일로 - 기타,이륜,남,77세,상해없음,이륜,남,57세,경상
2019100500100119,2019년 10월 5일 08시,토요일,충청남도 천안시 동남구 유량동,사망사고,1,4,2,0,차량단독 - 공작물충돌,과속,건조,맑음,단일로 - 기타,승합,남,27세,경상,,,,
2019100500100153,2019년 10월 5일 09시,토요일,충청남도 서산시 읍내동,경상사고,0,0,1,0,차대사람 - 횡단중,보행자보호의무위반,건조,흐림,단일로 - 기타,화물,남,53세,상해없음,보행자,여,66세,경상
2019100500100154,2019년 10월 5일 09시,토요일,충청남도 청양군 정산면,경상사고,0,0,1,0,차대차 - 측면충돌,신호위반,건조,맑음,교차로 - 교차로안,농기계,남,73세,경상,승용,남,63세,상해없음
2019100500100181,2019년 10월 5일 10시,토요일,충청남도 청양군 남양면,중상사고,0,1,0,0,차대차 - 측면충돌,중앙선침범,건조,맑음,단일로 - 기타,승용,남,27세,상해없음,승용,남,27세,중상
2019100500100211,2019년 10월 5일 11시,토요일,충청남도 아산시 배방읍,경상사고,0,0,4,0,차대차 - 추돌,안전운전불이행,건조,맑음,단일로 - 기타,화물,남,39세,상해없음,승용,남,35세,경상
2019100500100212,2019년 10월 5일 11시,토요일,충청남도 아산시 배방읍,경상사고,0,0,1,0,차대차 - 기타,안전운전불이행,건조,맑음,교차로 - 교차로안,화물,남,34세,상해없음,승용,여,39세,경상
2019100500100213,2019년 10월 5일 11시,토요일,충청남도 공주시 유구읍,경상사고,0,0,1,0,차대차 - 측면충돌,안전운전불이행,건조,맑음,교차로 - 교차로안,승용,여,59세,경상,승용,남,47세,상해없음
2019100500100214,2019년 10월 5일 11시,토요일,충청남도 천안시 동남구 봉명동,경상사고,0,0,1,0,차대사람 - 기타,안전운전불이행,건조,맑음,단일로 - 기타,승용,남,26세,상해없음,보행자,여,23세,경상
2019100500100215,2019년 10월 5일 11시,토요일,충청남도 천안시 동남구 오룡동,경상사고,0,0,1,0,차대차 - 추돌,안전운전불이행,건조,맑음,단일로 - 기타,이륜,남,63세,경상,승용,남,45세,상해없음
2019100500100241,2019년 10월 5일 12시,토요일,충청남도 서산시 읍내동,경상사고,0,0,1,0,차대차 - 측면충돌,중앙선침범,건조,맑음,교차로 - 교차로안,자전거,여,24세,경상,승용,여,68세,상해없음
2019100500100242,2019년 10월 5일 12시,토요일,충청남도 천안시 서북구 불당동,경상사고,0,0,1,0,차대차 - 정면충돌,신호위반,건조,맑음,교차로 - 교차로안,승합,남,28세,상해없음,승용,남,23세,경상
2019100500100243,2019년 10월 5일 12시,토요일,충청남도 공주시 유구읍,경상사고,0,0,6,0,차대차 - 후진중충돌,안전운전불이행,건조,맑음,단일로 - 기타,승용,남,56세,기타불명,승용,남,74세,경상
2019100500100244,2019년 10월 5일 12시,토요일,충청남도 천안시 동남구 목천읍,경상사고,0,0,1,1,차대차 - 측면충돌,중앙선침범,젖음/습기,비,단일로 - 기타,승용,여,23세,부상신고,승용,남,29세,경상
2019100500100282,2019년 10월 5일 13시,토요일,충청남도 홍성군 장곡면,경상사고,0,0,1,1,차대차 - 정면충돌,교차로운행방법위반,건조,맑음,교차로 - 교차로안,화물,남,58세,상해없음,승용,남,34세,경상
2019100500100283,2019년 10월 5일 13시,토요일,충청남도 천안시 동남구 구룡동,경상사고,0,0,1,0,차대사람 - 횡단중,보행자보호의무위반,건조,맑음,교차로 - 교차로안,승용,남,58세,상해없음,보행자,여,18세,경상
2019100500100321,2019년 10월 5일 14시,토요일,충청남도 공주시 정안면,경상사고,0,0,4,0,차대차 - 추돌,안전운전불이행,건조,맑음,단일로 - 기타,승용,남,30세,상해없음,승용,남,32세,경상
2019100500100354,2019년 10월 5일 15시,토요일,충청남도 천안시 서북구 성환읍,중상사고,0,2,2,0,차대차 - 정면충돌,안전운전불이행,건조,맑음,단일로 - 기타,승용,남,49세,상해없음,승용,남,70세,중상
2019100500100387,2019년 10월 5일 16시,토요일,충청남도 서산시 예천동,경상사고,0,0,2,0,차대차 - 측면충돌,안전운전불이행,건조,맑음,교차로 - 교차로부근,승용,남,60세,상해없음,승용,남,46세,경상
2019100500100388,2019년 10월 5일 16시,토요일,충청남도 예산군 오가면,경상사고,0,0,2,0,차대차 - 측면충돌,불법유턴,건조,맑음,교차로 - 교차로안,승용,여,60세,경상,이륜,남,47세,경상
2019100500100493,2019년 10월 5일 19시,토요일,충청남도 당진시 정미면,중상사고,0,1,0,0,차대사람 - 횡단중,안전운전불이행,건조,맑음,단일로 - 기타,승용,남,69세,상해없음,보행자,남,85세,중상
2019100500100494,2019년 10월 5일 19시,토요일,충청남도 당진시 읍내리,경상사고,0,0,1,0,차대차 - 기타,교차로운행방법위반,건조,맑음,교차로 - 교차로안,승용,남,34세,상해없음,이륜,남,27세,경상
2019100500100495,2019년 10월 5일 19시,토요일,충청남도 천안시 동남구 대흥동,부상신고사고,0,0,0,1,차대차 - 측면충돌,신호위반,건조,맑음,교차로 - 교차로안,이륜,남,25세,부상신고,승용,남,71세,상해없음
2019100500100552,2019년 10월 5일 21시,토요일,충청남도 서산시 성연면,중상사고,0,1,0,0,차대차 - 추돌,안전운전불이행,건조,맑음,교차로 - 교차로부근,승용,남,70세,상해없음,승용,남,63세,상해없음
2019100500100553,2019년 10월 5일 21시,토요일,충청남도 공주시 반포면,경상사고,0,0,1,0,차대차 - 추돌,안전운전불이행,건조,맑음,교차로 - 교차로부근,승용,여,57세,상해없음,승용,여,42세,경상
2019100500100573,2019년 10월 5일 22시,토요일,충청남도 천안시 서북구 성성동,경상사고,0,0,2,0,차대차 - 측면충돌,신호위반,건조,맑음,교차로 - 교차로안,승용,남,33세,상해없음,승용,남,30세,경상
2019100500100574,2019년 10월 5일 22시,토요일,충청남도 예산군 예산읍,경상사고,0,0,1,0,차대차 - 측면충돌,안전거리미확보,건조,맑음,교차로 - 교차로부근,승용,남,46세,상해없음,승용,남,53세,경상
2019100500100604,2019년 10월 5일 23시,토요일,충청남도 아산시 용화동,경상사고,0,0,1,0,차대사람 - 기타,보행자보호의무위반,건조,맑음,교차로 - 교차로횡단보도내,승용,남,53세,상해없음,보행자,남,56세,경상
2019100600100040,2019년 10월 6일 01시,일요일,충청남도 서산시 석남동,경상사고,0,0,4,0,차대차 - 측면충돌,직진우회전진행방해,건조,맑음,교차로 - 교차로안,승용,여,50세,경상,승용,여,25세,경상
2019100600100073,2019년 10월 6일 04시,일요일,충청남도 천안시 서북구 두정동,경상사고,0,0,2,0,차대사람 - 횡단중,보행자보호의무위반,건조,맑음,단일로 - 기타,승용,여,48세,상해없음,보행자,여,22세,경상
2019100600100087,2019년 10월 6일 05시,일요일,충청남도 서천군 마서면,경상사고,0,0,1,0,차대차 - 추돌,안전운전불이행,건조,맑음,단일로 - 기타,승용,남,65세,상해없음,농기계,남,44세,경상
2019100600100107,2019년 10월 6일 07시,일요일,충청남도 당진시 송산면,경상사고,0,0,3,0,차대차 - 추돌,안전운전불이행,건조,맑음,단일로 - 기타,승용,남,35세,상해없음,기타불명,기타불명,미분류,기타불명
2019100600100108,2019년 10월 6일 07시,일요일,충청남도 천안시 동남구 삼룡동,경상사고,0,0,1,0,차대차 - 측면충돌,직진우회전진행방해,건조,맑음,교차로 - 교차로안,승용,여,55세,상해없음,승용,여,58세,경상
2019100600100123,2019년 10월 6일 08시,일요일,충청남도 아산시 신창면,경상사고,0,0,2,0,차대차 - 기타,중앙선침범,건조,맑음,단일로 - 기타,화물,남,71세,상해없음,승합,남,33세,경상
2019100600100160,2019년 10월 6일 10시,일요일,충청남도 논산시 은진면,중상사고,0,2,0,0,차대차 - 기타,신호위반,건조,맑음,교차로 - 교차로안,승용,여,28세,중상,승용,남,43세,중상
2019100600100161,2019년 10월 6일 10시,일요일,충청남도 아산시 탕정면,경상사고,0,0,1,0,차대차 - 기타,중앙선침범,건조,맑음,단일로 - 기타,기타불명,남,45세,경상,승용,남,36세,상해없음
2019100600100179,2019년 10월 6일 11시,일요일,충청남도 공주시 금흥동,경상사고,0,0,2,0,차대차 - 측면충돌,신호위반,건조,맑음,교차로 - 교차로안,이륜,남,59세,경상,이륜,남,17세,경상
2019100600100180,2019년 10월 6일 11시,일요일,충청남도 공주시 우성면,경상사고,0,0,1,0,차대차 - 측면충돌,안전운전불이행,건조,맑음,교차로 - 교차로부근,화물,남,63세,상해없음,특수,남,42세,경상
2019100600100209,2019년 10월 6일 12시,일요일,충청남도 천안시 서북구 불당동,경상사고,0,0,1,1,차대차 - 측면충돌,안전거리미확보,건조,맑음,교차로 - 교차로부근,이륜,남,27세,부상신고,승용,남,31세,경상
2019100600100235,2019년 10월 6일 13시,일요일,충청남도 천안시 서북구 성환읍,경상사고,0,0,1,0,차대차 - 측면충돌,안전운전불이행,건조,맑음,단일로 - 기타,승용,여,67세,상해없음,이륜,남,78세,경상
2019100600100236,2019년 10월 6일 13시,일요일,충청남도 아산시 둔포면,중상사고,0,1,0,0,차대차 - 기타,안전거리미확보,건조,맑음,단일로 - 기타,승용,남,28세,상해없음,승합,여,39세,중상
2019100600100274,2019년 10월 6일 14시,일요일,충청남도 아산시 음봉면,중상사고,0,1,0,0,차대차 - 기타,신호위반,건조,맑음,교차로 - 교차로횡단보도내,원동기,남,41세,중상,승용,남,46세,상해없음
2019100600100275,2019년 10월 6일 14시,일요일,충청남도 공주시 정안면,중상사고,0,1,0,0,차량단독 - 전도전복 - 전도,안전운전불이행,건조,맑음,단일로 - 기타,자전거,남,46세,중상,,,,
2019100600100276,2019년 10월 6일 14시,일요일,충청남도 예산군 응봉면,경상사고,0,0,1,0,차대차 - 기타,교차로운행방법위반,건조,맑음,교차로 - 교차로안,승합,남,62세,상해없음,승용,여,50세,경상
2019100600100304,2019년 10월 6일 15시,일요일,충청남도 천안시 동남구 신부동,경상사고,0,0,1,0,차대차 - 측면충돌,안전운전불이행,건조,맑음,단일로 - 기타,이륜,남,36세,상해없음,승용,남,24세,경상
2019100600100305,2019년 10월 6일 15시,일요일,충청남도 청양군 목면,경상사고,0,0,2,0,차대차 - 추돌,안전운전불이행,건조,맑음,단일로 - 기타,승용,남,38세,상해없음,승용,남,42세,상해없음
2019100600100339,2019년 10월 6일 16시,일요일,충청남도 아산시 배방읍,경상사고,0,0,1,0,차대차 - 기타,안전거리미확보,건조,맑음,단일로 - 기타,승용,남,49세,상해없음,이륜,남,16세,경상
2019100600100340,2019년 10월 6일 16시,일요일,충청남도 공주시 신관동,중상사고,0,1,1,0,차대차 - 측면충돌,안전운전불이행,건조,맑음,교차로 - 교차로안,승용,여,50세,상해없음,승용,남,30세,상해없음
2019100600100367,2019년 10월 6일 17시,일요일,충청남도 당진시 순성면,중상사고,0,1,0,0,차대차 - 측면충돌,안전거리미확보,건조,맑음,단일로 - 기타,승용,남,53세,상해없음,승용,남,46세,중상
2019100600100401,2019년 10월 6일 18시,일요일,충청남도 공주시 신관동,중상사고,0,1,0,0,차대차 - 기타,안전운전불이행,건조,맑음,교차로 - 교차로부근,승용,여,41세,상해없음,자전거,남,67세,중상
2019100600100404,2019년 10월 6일 18시,일요일,충청남도 서산시 해미면,중상사고,0,1,1,0,차대차 - 추돌,안전운전불이행,건조,맑음,단일로 - 기타,승용,남,32세,상해없음,승용,남,53세,경상
2019100600100440,2019년 10월 6일 19시,일요일,충청남도 서산시 해미면,경상사고,0,0,1,0,차대차 - 정면충돌,안전운전불이행,건조,맑음,교차로 - 교차로안,승용,남,44세,상해없음,승용,여,21세,경상
2019100600100441,2019년 10월 6일 19시,일요일,충청남도 보령시 명천동,경상사고,0,0,2,0,차대사람 - 길가장자리구역통행중,안전운전불이행,건조,맑음,단일로 - 기타,승용,여,39세,상해없음,보행자,여,45세,경상
2019100600100470,2019년 10월 6일 20시,일요일,충청남도 서산시 예천동,경상사고,0,0,5,0,차대차 - 측면충돌,중앙선침범,건조,맑음,교차로 - 교차로부근,이륜,남,53세,상해없음,화물,남,38세,경상
2019100600100471,2019년 10월 6일 20시,일요일,충청남도 당진시 읍내리,중상사고,0,1,0,0,차대차 - 기타,신호위반,건조,맑음,교차로 - 교차로안,이륜,남,46세,중상,승용,남,63세,상해없음
2019100600100515,2019년 10월 6일 22시,일요일,충청남도 천안시 동남구 청수동,경상사고,0,0,1,0,차량단독 - 기타,안전운전불이행,건조,맑음,단일로 - 기타,승용,남,60세,상해없음,,,,
2019100600100524,2019년 10월 6일 23시,일요일,충청남도 금산군 금성면,중상사고,0,1,0,0,차대사람 - 길가장자리구역통행중,안전운전불이행,건조,맑음,단일로 - 기타,승용,남,58세,상해없음,보행자,남,57세,중상
2019100700100054,2019년 10월 7일 04시,월요일,충청남도 천안시 서북구 백석동,경상사고,0,0,1,0,차대차 - 측면충돌,안전운전불이행,젖음/습기,비,단일로 - 기타,승용,여,27세,상해없음,승용,여,41세,경상
2019100700100089,2019년 10월 7일 06시,월요일,충청남도 천안시 동남구 원성동,경상사고,0,0,1,0,차대사람 - 횡단중,신호위반,건조,맑음,교차로 - 교차로부근,승용,남,79세,상해없음,보행자,남,21세,경상
2019100700100114,2019년 10월 7일 07시,월요일,충청남도 아산시 둔포면,경상사고,0,0,1,0,차대차 - 기타,안전운전불이행,건조,기타,교차로 - 교차로안,승합,남,42세,기타불명,승용,남,29세,경상
2019100700100115,2019년 10월 7일 07시,월요일,충청남도 예산군 삽교읍,중상사고,0,1,0,0,차대차 - 측면충돌,신호위반,젖음/습기,비,교차로 - 교차로안,승용,여,50세,기타불명,승용,남,32세,중상
2019100700100161,2019년 10월 7일 08시,월요일,충청남도 서산시 예천동,중상사고,0,2,0,0,차대차 - 측면충돌,신호위반,젖음/습기,비,교차로 - 교차로안,승용,남,60세,상해없음,승용,여,46세,중상
2019100700100162,2019년 10월 7일 08시,월요일,충청남도 서산시 예천동,경상사고,0,0,3,0,차대차 - 기타,안전운전불이행,젖음/습기,비,교차로 - 교차로안,승합,여,57세,상해없음,화물,남,58세,경상
2019100700100163,2019년 10월 7일 08시,월요일,충청남도 서산시 고북면,중상사고,0,1,0,0,차대차 - 측면충돌,신호위반,젖음/습기,비,교차로 - 교차로안,건설기계,남,41세,상해없음,화물,여,40세,중상
2019100700100164,2019년 10월 7일 08시,월요일,충청남도 천안시 서북구 성정동,경상사고,0,0,1,0,차대차 - 기타,안전운전불이행,건조,맑음,교차로 - 교차로안,승용,여,48세,상해없음,이륜,남,45세,경상
2019100700100165,2019년 10월 7일 08시,월요일,충청남도 공주시 신관동,중상사고,0,2,2,0,차대차 - 측면충돌,교차로운행방법위반,젖음/습기,비,교차로 - 교차로안,승용,남,80세,경상,승용,남,67세,경상
2019100700100211,2019년 10월 7일 09시,월요일,충청남도 보령시 동대동,경상사고,0,0,1,0,차대차 - 추돌,불법유턴,젖음/습기,비,교차로 - 교차로안,승용,여,51세,상해없음,승용,남,24세,경상
2019100700100246,2019년 10월 7일 10시,월요일,충청남도 논산시 광석면,경상사고,0,0,1,0,차대차 - 측면충돌,안전운전불이행,젖음/습기,맑음,단일로 - 기타,승용,남,25세,상해없음,화물,남,55세,경상
2019100700100247,2019년 10월 7일 10시,월요일,충청남도 예산군 오가면,경상사고,0,0,1,0,차량단독 - 공작물충돌,안전운전불이행,젖음/습기,비,단일로 - 기타,화물,남,47세,경상,,,,
2019100700100312,2019년 10월 7일 12시,월요일,충청남도 예산군 봉산면,중상사고,0,1,0,0,차대차 - 측면충돌,중앙선침범,젖음/습기,비,단일로 - 기타,화물,남,81세,상해없음,화물,남,60세,중상
2019100700100339,2019년 10월 7일 13시,월요일,충청남도 천안시 서북구 불당동,경상사고,0,0,1,0,차대차 - 기타,안전운전불이행,젖음/습기,흐림,단일로 - 기타,승용,여,51세,상해없음,이륜,남,35세,경상