사고번호,사고일시,요일,시군구,사고내용,사망자수,중상자수,경상자수,부상신고자수,사고유형,법규위반,노면상태,기상상태,도로형태,가해운전자 차종,가해운전자 성별,가해운전자 연령,가해운전자 상해정도,피해운전자 차종,피해운전자 성별,피해운전자 연령,피해운전자 상해정도
2019101800100776,2019년 10월 18일 21시,금요일,충청남도 논산시 강경읍,경상사고,0,0,6,0,차대차 - 측면충돌,중앙선침범,건조,맑음,단일로 - 기타,승용,여,66세,경상,승용,남,35세,경상
2019101800100777,2019년 10월 18일 21시,금요일,충청남도 홍성군 홍성읍,경상사고,0,0,1,0,차대차 - 측면충돌,안전운전불이행,건조,맑음,교차로 - 교차로안,이륜,남,19세,경상,승용,여,24세,상해없음
2019101800100822,2019년 10월 18일 22시,금요일,충청남도 천안시 서북구 두정동,경상사고,0,0,1,0,차대차 - 측면충돌,안전운전불이행,건조,맑음,단일로 - 기타,승용,남,25세,상해없음,승용,남,52세,경상
2019101900100082,2019년 10월 19일 03시,토요일,충청남도 천안시 서북구 불당동,부상신고사고,0,0,0,1,차량단독 - 전도전복 - 전복,안전운전불이행,건조,맑음,단일로 - 기타,원동기,남,35세,부상신고,,,,
2019101900100145,2019년 10월 19일 07시,토요일,충청남도 아산시 염치읍,중상사고,0,1,1,0,차대차 - 기타,중앙선침범,건조,맑음,단일로 - 기타,화물,남,68세,상해없음,자전거,남,44세,중상
2019101900100146,2019년 10월 19일 07시,토요일,충청남도 부여군 부여읍,경상사고,0,0,1,0,차량단독 - 전도전복 - 전도,안전운전불이행,건조,맑음,단일로 - 기타,이륜,남,20세,경상,,,,
2019101900100219,2019년 10월 19일 10시,토요일,충청남도 아산시 배방읍,중상사고,0,1,5,0,차대차 - 기타,안전운전불이행,건조,맑음,단일로 - 기타,승용,여,23세,상해없음,승용,남,27세,상해없음
2019101900100255,2019년 10월 19일 11시,토요일,충청남도 천안시 동남구 목천읍,중상사고,0,1,0,0,차대차 - 기타,교차로운행방법위반,건조,맑음,교차로 - 교차로안,승합,남,61세,상해없음,승용,남,62세,중상
2019101900100293,2019년 10월 19일 12시,토요일,충청남도 홍성군 홍성읍,중상사고,0,1,0,0,차대차 - 측면충돌,교차로운행방법위반,건조,맑음,교차로 - 교차로안,승용,여,42세,상해없음,이륜,여,39세,중상
2019101900100362,2019년 10월 19일 14시,토요일,충청남도 천안시 동남구 사직동,중상사고,0,1,1,0,차대차 - 기타,안전운전불이행,건조,맑음,단일로 - 기타,승용,남,66세,상해없음,승용,여,31세,중상
2019101900100409,2019년 10월 19일 15시,토요일,충청남도 서천군 서천읍,경상사고,0,0,2,0,차대차 - 측면충돌,안전운전불이행,건조,맑음,주차장 - 주차장,화물,남,54세,상해없음,승용,여,44세,경상
2019101900100410,2019년 10월 19일 15시,토요일,충청남도 예산군 신양면,경상사고,0,0,1,0,차대차 - 측면충돌,중앙선침범,건조,맑음,기타 - 기타,승용,남,42세,상해없음,승용,남,71세,경상
2019101900100503,2019년 10월 19일 17시,토요일,충청남도 천안시 서북구 입장면,경상사고,0,0,4,0,차대차 - 측면충돌,안전운전불이행,건조,맑음,교차로 - 교차로안,화물,남,57세,상해없음,승용,여,44세,경상
2019101900100504,2019년 10월 19일 17시,토요일,충청남도 천안시 서북구 백석동,경상사고,0,0,1,0,차대차 - 측면충돌,안전운전불이행,건조,맑음,단일로 - 기타,승용,남,31세,경상,승용,남,18세,상해없음
2019101900100505,2019년 10월 19일 17시,토요일,충청남도 부여군 부여읍,중상사고,0,1,0,0,차대차 - 정면충돌,중앙선침범,건조,맑음,교차로 - 교차로부근,승용,남,34세,상해없음,승합,여,57세,중상
2019101900100547,2019년 10월 19일 18시,토요일,충청남도 논산시 노성면,중상사고,0,1,0,0,차대차 - 추돌,안전운전불이행,건조,맑음,단일로 - 기타,승용,남,62세,상해없음,농기계,남,69세,중상
2019101900100548,2019년 10월 19일 18시,토요일,충청남도 보령시 남곡동,경상사고,0,0,4,0,차대차 - 추돌,안전운전불이행,건조,맑음,교차로 - 교차로부근,화물,남,58세,상해없음,승용,남,52세,경상
2019101900100549,2019년 10월 19일 18시,토요일,충청남도 예산군 예산읍,중상사고,0,1,1,0,차대차 - 측면충돌,안전운전불이행,건조,흐림,교차로 - 교차로안,승용,남,25세,상해없음,이륜,남,37세,경상
2019101900100596,2019년 10월 19일 19시,토요일,충청남도 홍성군 홍북읍,경상사고,0,0,1,0,차대차 - 추돌,안전운전불이행,건조,맑음,단일로 - 기타,승용,남,30세,상해없음,승용,남,25세,경상
2019101900100597,2019년 10월 19일 19시,토요일,충청남도 당진시 읍내리,중상사고,0,1,0,0,차대차 - 측면충돌,교차로운행방법위반,건조,맑음,교차로 - 교차로안,승용,남,22세,상해없음,이륜,남,48세,중상
2019101900100630,2019년 10월 19일 20시,토요일,충청남도 아산시 온천동,경상사고,0,0,6,0,차대차 - 기타,안전운전불이행,건조,맑음,교차로 - 교차로부근,승용,남,47세,상해없음,승용,여,53세,경상
2019101900100658,2019년 10월 19일 21시,토요일,충청남도 서산시 읍내동,중상사고,0,1,0,0,차대차 - 기타,신호위반,건조,맑음,교차로 - 교차로안,이륜,남,28세,중상,이륜,남,26세,상해없음
2019101900100659,2019년 10월 19일 21시,토요일,충청남도 서산시 예천동,부상신고사고,0,0,0,1,차대사람 - 기타,안전운전불이행,건조,맑음,단일로 - 기타,승용,남,21세,상해없음,보행자,여,18세,부상신고
2019101900100660,2019년 10월 19일 21시,토요일,충청남도 아산시 영인면,경상사고,0,0,1,0,차대사람 - 기타,안전운전불이행,건조,맑음,교차로 - 교차로부근,원동기,기타불명,미분류,기타불명,보행자,여,49세,상해없음
2019101900100686,2019년 10월 19일 22시,토요일,충청남도 천안시 서북구 두정동,경상사고,0,0,1,0,차대차 - 측면충돌,안전운전불이행,건조,맑음,단일로 - 기타,승용,여,52세,기타불명,승용,여,41세,경상
2019101900100687,2019년 10월 19일 22시,토요일,충청남도 논산시 취암동,경상사고,0,0,1,0,차대차 - 기타,중앙선침범,건조,맑음,단일로 - 기타,이륜,남,61세,상해없음,이륜,남,40세,경상
2019101900100688,2019년 10월 19일 22시,토요일,충청남도 예산군 예산읍,경상사고,0,0,3,0,차대차 - 측면충돌,신호위반,건조,맑음,교차로 - 교차로안,승용,여,25세,경상,승용,남,55세,경상
2019102000100073,2019년 10월 20일 03시,일요일,충청남도 천안시 서북구 성환읍,경상사고,0,0,1,0,차대사람 - 기타,안전운전불이행,건조,맑음,단일로 - 기타,승용,남,42세,상해없음,보행자,남,17세,경상
2019102000100074,2019년 10월 20일 03시,일요일,충청남도 태안군 근흥면,경상사고,0,0,1,0,차대사람 - 차도통행중,안전운전불이행,건조,맑음,단일로 - 기타,승용,남,69세,상해없음,보행자,남,52세,경상
2019102000100101,2019년 10월 20일 06시,일요일,충청남도 천안시 서북구 성환읍,중상사고,0,1,0,0,차대사람 - 횡단중,안전운전불이행,젖음/습기,안개,단일로 - 기타,승용,남,38세,상해없음,보행자,여,77세,중상
2019102000100153,2019년 10월 20일 10시,일요일,충청남도 논산시 등화동,경상사고,0,0,1,0,차량단독 - 전도전복 - 전도,안전운전불이행,건조,맑음,단일로 - 기타,이륜,남,61세,경상,,,,
2019102000100178,2019년 10월 20일 11시,일요일,충청남도 논산시 취암동,중상사고,0,1,0,0,차대차 - 측면충돌,중앙선침범,건조,맑음,교차로 - 교차로부근,화물,기타불명,미분류,기타불명,이륜,남,60세,중상
2019102000100179,2019년 10월 20일 11시,일요일,충청남도 계룡시 두마면,경상사고,0,0,1,0,차량단독 - 기타,안전운전불이행,건조,맑음,교차로 - 교차로안,승합,남,62세,상해없음,,,,
2019102000100180,2019년 10월 20일 11시,일요일,충청남도 논산시 양촌면,중상사고,0,1,0,0,차대사람 - 기타,안전운전불이행,건조,맑음,기타 - 기타,화물,여,60세,상해없음,보행자,남,60세,중상
2019102000100248,2019년 10월 20일 13시,일요일,충청남도 공주시 금성동,중상사고,0,2,1,0,차대차 - 정면충돌,중앙선침범,건조,맑음,단일로 - 기타,승용,남,28세,기타불명,승용,여,46세,중상
2019102000100249,2019년 10월 20일 13시,일요일,충청남도 당진시 읍내리,중상사고,0,1,0,0,차대사람 - 횡단중,보행자보호의무위반,건조,맑음,단일로 - 기타,승용,남,35세,상해없음,보행자,여,79세,중상
2019102000100250,2019년 10월 20일 13시,일요일,충청남도 공주시 정안면,중상사고,0,2,6,2,차대차 - 추돌,안전운전불이행,건조,맑음,단일로 - 터널,승용,남,29세,상해없음,승용,남,51세,경상
2019102000100285,2019년 10월 20일 14시,일요일,충청남도 서산시 고북면,중상사고,0,1,0,0,차량단독 - 공작물충돌,안전운전불이행,건조,맑음,단일로 - 기타,승용,남,63세,중상,,,,
2019102000100286,2019년 10월 20일 14시,일요일,충청남도 청양군 정산면,사망사고,1,0,0,0,차량단독 - 도로외이탈 - 기타,안전운전불이행,건조,맑음,교차로 - 교차로부근,승용,남,76세,사망,,,,
2019102000100320,2019년 10월 20일 15시,일요일,충청남도 천안시 서북구 불당동,경상사고,0,0,3,0,차대차 - 정면충돌,신호위반,건조,맑음,교차로 - 교차로안,승용,남,29세,상해없음,승용,여,37세,경상
2019102000100321,2019년 10월 20일 15시,일요일,충청남도 공주시 우성면,중상사고,0,1,0,0,차대사람 - 횡단중,안전운전불이행,건조,맑음,단일로 - 기타,승용,남,29세,상해없음,보행자,여,10세,중상
2019102000100352,2019년 10월 20일 16시,일요일,충청남도 아산시 배방읍,경상사고,0,0,3,0,차대차 - 측면충돌,신호위반,건조,맑음,교차로 - 교차로안,승용,여,69세,상해없음,승용,여,40세,경상
2019102000100394,2019년 10월 20일 17시,일요일,충청남도 서산시 성연면,경상사고,0,0,1,0,차대차 - 추돌,안전운전불이행,건조,맑음,단일로 - 기타,화물,남,50세,상해없음,승용,남,50세,경상
2019102000100395,2019년 10월 20일 17시,일요일,충청남도 아산시 실옥동,경상사고,0,0,1,0,차대차 - 기타,교차로운행방법위반,건조,맑음,교차로 - 교차로안,승합,남,53세,상해없음,승용,남,21세,경상
2019102000100465,2019년 10월 20일 19시,일요일,충청남도 천안시 서북구 직산읍,경상사고,0,0,1,0,차대차 - 기타,안전운전불이행,건조,맑음,단일로 - 기타,이륜,남,22세,경상,승용,남,50세,상해없음
2019102000100466,2019년 10월 20일 19시,일요일,충청남도 천안시 동남구 다가동,경상사고,0,0,3,1,차대차 - 측면충돌,신호위반,건조,맑음,교차로 - 교차로안,승용,여,65세,부상신고,승용,남,58세,경상
2019102000100494,2019년 10월 20일 20시,일요일,충청남도 천안시 서북구 쌍용동,중상사고,0,1,0,0,차대차 - 기타,기타,건조,맑음,단일로 - 기타,승용,남,31세,상해없음,이륜,남,64세,중상
2019102000100543,2019년 10월 20일 22시,일요일,충청남도 천안시 서북구 성정동,경상사고,0,0,1,0,차대차 - 기타,안전운전불이행,건조,맑음,교차로 - 교차로부근,승용,남,51세,상해없음,승용,남,41세,경상
2019102000100544,2019년 10월 20일 22시,일요일,충청남도 천안시 동남구 신부동,경상사고,0,0,3,1,차대차 - 측면충돌,안전거리미확보,건조,맑음,단일로 - 기타,승용,여,25세,부상신고,승용,여,36세,경상
2019102000100558,2019년 10월 20일 23시,일요일,충청남도 서산시 성연면,중상사고,0,1,1,0,차대차 - 추돌,안전운전불이행,건조,맑음,교차로 - 교차로부근,승용,남,34세,상해없음,승용,남,48세,중상
2019102000100559,2019년 10월 20일 23시,일요일,충청남도 홍성군 홍북읍,중상사고,0,5,0,0,차대차 - 정면충돌,신호위반,건조,맑음,교차로 - 교차로안,승용,여,48세,중상,승용,여,63세,중상
2019102100100033,2019년 10월 21일 02시,월요일,충청남도 당진시 수청리,사망사고,1,0,0,0,차량단독 - 공작물충돌,안전운전불이행,건조,맑음,단일로 - 기타,이륜,남,31세,사망,,,,
2019102100100034,2019년 10월 21일 02시,월요일,충청남도 천안시 동남구 목천읍,사망사고,1,0,0,0,차대차 - 기타,안전운전불이행,건조,맑음,단일로 - 기타,화물,남,46세,상해없음,승용,남,22세,사망
2019102100100074,2019년 10월 21일 06시,월요일,충청남도 천안시 동남구 신방동,중상사고,0,1,0,0,차대사람 - 횡단중,신호위반,건조,맑음,단일로 - 기타,승용,남,46세,상해없음,보행자,남,63세,중상
2019102100100181,2019년 10월 21일 09시,월요일,충청남도 천안시 서북구 성거읍,경상사고,0,0,1,0,차량단독 - 기타,안전운전불이행,건조,맑음,단일로 - 기타,승합,남,47세,상해없음,,,,
2019102100100261,2019년 10월 21일 11시,월요일,충청남도 천안시 서북구 백석동,경상사고,0,0,1,0,차대차 - 측면충돌,안전운전불이행,건조,맑음,단일로 - 기타,승용,남,35세,상해없음,승용,여,42세,경상
2019102100100262,2019년 10월 21일 11시,월요일,충청남도 보령시 천북면,경상사고,0,0,1,0,차대차 - 기타,안전운전불이행,건조,맑음,단일로 - 기타,승용,남,70세,상해없음,이륜,남,74세,경상
2019102100100263,2019년 10월 21일 11시,월요일,충청남도 공주시 반포면,경상사고,0,0,1,0,차대차 - 정면충돌,중앙선침범,건조,맑음,단일로 - 기타,승용,남,30세,기타불명,승용,남,42세,경상
2019102100100264,2019년 10월 21일 11시,월요일,충청남도 태안군 태안읍,중상사고,0,1,0,1,차대차 - 추돌,안전운전불이행,건조,맑음,교차로 - 교차로안,화물,남,46세,부상신고,승용,남,73세,중상
2019102100100312,2019년 10월 21일 12시,월요일,충청남도 천안시 동남구 광덕면,중상사고,0,1,1,0,차대차 - 추돌,안전운전불이행,건조,맑음,단일로 - 기타,승용,여,52세,상해없음,승용,남,57세,경상
2019102100100358,2019년 10월 21일 13시,월요일,충청남도 청양군 청양읍,경상사고,0,0,1,0,차대차 - 측면충돌,직진우회전진행방해,건조,맑음,교차로 - 교차로부근,이륜,여,72세,경상,승용,남,38세,상해없음
2019102100100397,2019년 10월 21일 14시,월요일,충청남도 태안군 태안읍,부상신고사고,0,0,0,1,차대차 - 측면충돌,직진우회전진행방해,건조,맑음,교차로 - 교차로안,이륜,남,26세,부상신고,승용,남,67세,상해없음
2019102100100482,2019년 10월 21일 16시,월요일,충청남도 당진시 신평면,중상사고,0,1,0,0,차대차 - 기타,안전운전불이행,건조,맑음,기타 - 기타,원동기,여,25세,상해없음,원동기,여,28세,중상
2019102100100483,2019년 10월 21일 16시,월요일,충청남도 천안시 동남구 안서동,경상사고,0,0,1,0,차대사람 - 횡단중,보행자보호의무위반,건조,맑음,교차로 - 교차로안,승용,남,37세,상해없음,보행자,여,19세,경상
2019102100100529,2019년 10월 21일 17시,월요일,충청남도 천안시 서북구 두정동,경상사고,0,0,1,0,차대사람 - 기타,보행자보호의무위반,건조,맑음,교차로 - 교차로횡단보도내,화물,남,56세,상해없음,보행자,남,23세,경상
2019102100100530,2019년 10월 21일 17시,월요일,충청남도 천안시 서북구 직산읍,경상사고,0,0,1,0,차대차 - 추돌,안전거리미확보,건조,맑음,단일로 - 기타,화물,남,57세,상해없음,승용,여,32세,경상
2019102100100578,2019년 10월 21일 18시,월요일,충청남도 공주시 계룡면,경상사고,0,0,1,0,차대차 - 정면충돌,안전운전불이행,건조,맑음,단일로 - 기타,승용,남,64세,경상,농기계,남,70세,상해없음
2019102100100633,2019년 10월 21일 19시,월요일,충청남도 천안시 동남구 사직동,경상사고,0,0,1,0,차대차 - 측면충돌,안전운전불이행,건조,맑음,단일로 - 기타,승용,남,50세,상해없음,승용,남,38세,경상
2019102200100042,2019년 10월 22일 01시,화요일,충청남도 아산시 권곡동,중상사고,0,1,0,0,차대차 - 기타,안전운전불이행,건조,맑음,교차로 - 교차로안,이륜,남,21세,중상,승용,남,40세,상해없음
2019102200100111,2019년 10월 22일 07시,화요일,충청남도 예산군 예산읍,경상사고,0,0,1,0,차대차 - 측면충돌,신호위반,건조,맑음,교차로 - 교차로안,화물,남,73세,상해없음,승용,남,72세,경상
2019102200100112,2019년 10월 22일 07시,화요일,충청남도 부여군 외산면,중상사고,0,1,1,0,차대차 - 측면충돌,직진우회전진행방해,건조,맑음,교차로 - 교차로안,승용,남,62세,경상,승용,남,46세,상해없음
2019102200100113,2019년 10월 22일 07시,화요일,충청남도 태안군 안면읍,중상사고,0,1,0,0,차대차 - 측면충돌,신호위반,건조,맑음,교차로 - 교차로안,건설기계,남,41세,상해없음,화물,여,63세,중상
2019102200100156,2019년 10월 22일 08시,화요일,충청남도 천안시 서북구 성성동,중상사고,0,1,0,0,차대차 - 측면충돌,안전운전불이행,건조,맑음,교차로 - 교차로안,승용,남,32세,상해없음,승용,여,37세,중상
2019102200100157,2019년 10월 22일 08시,화요일,충청남도 보령시 대천동,사망사고,1,0,0,0,차대사람 - 횡단중,보행자보호의무위반,건조,맑음,교차로 - 교차로횡단보도내,화물,남,60세,상해없음,보행자,여,81세,사망
2019102200100158,2019년 10월 22일 08시,화요일,충청남도 부여군 규암면,중상사고,0,1,1,0,차대차 - 측면충돌,직진우회전진행방해,건조,맑음,교차로 - 교차로안,농기계,남,63세,중상,승합,남,45세,경상
2019102200100228,2019년 10월 22일 10시,화요일,충청남도 서산시 동문동,경상사고,0,0,2,0,차대차 - 기타,안전운전불이행,건조,맑음,교차로 - 교차로안,승합,남,59세,상해없음,승용,남,50세,경상
2019102200100229,2019년 10월 22일 10시,화요일,충청남도 보령시 웅천읍,중상사고,0,1,0,0,차대차 - 기타,직진우회전진행방해,건조,맑음,교차로 - 교차로안,승용,남,77세,상해없음,사륜오토바이(ATV),여,68세,중상
2019102200100230,2019년 10월 22일 10시,화요일,충청남도 당진시 신평면,중상사고,0,1,0,0,차대차 - 측면충돌,직진우회전진행방해,건조,맑음,교차로 - 교차로안,승용,남,46세,상해없음,이륜,남,83세,중상
2019102200100231,2019년 10월 22일 10시,화요일,충청남도 당진시 신평면,경상사고,0,0,1,0,차대차 - 측면충돌,안전거리미확보,건조,맑음,단일로 - 기타,승용,여,45세,상해없음,승용,남,25세,경상
2019102200100232,2019년 10월 22일 10시,화요일,충청남도 천안시 동남구 신부동,경상사고,0,0,1,0,차대차 - 측면충돌,안전운전불이행,건조,맑음,단일로 - 기타,승용,여,43세,상해없음,승용,남,63세,경상
2019102200100256,2019년 10월 22일 11시,화요일,충청남도 논산시 지산동,중상사고,0,1,0,0,차대차 - 기타,교차로운행방법위반,건조,맑음,교차로 - 교차로안,화물,남,45세,상해없음,이륜,남,68세,중상
2019102200100257,2019년 10월 22일 11시,화요일,충청남도 공주시 중동,중상사고,0,1,0,0,차대차 - 기타,안전운전불이행,건조,맑음,단일로 - 기타,승용,남,66세,상해없음,이륜,남,31세,중상
2019102200100258,2019년 10월 22일 11시,화요일,충청남도 당진시 석문면,중상사고,0,1,5,0,차대차 - 측면충돌,중앙선침범,건조,맑음,단일로 - 기타,승용,여,59세,경상,화물,남,60세,경상
2019102200100288,2019년 10월 22일 12시,화요일,충청남도 당진시 수청리,중상사고,0,1,2,0,차대차 - 측면충돌,안전운전불이행,건조,맑음,단일로 - 기타,승용,여,69세,경상,승용,남,47세,상해없음
2019102200100333,2019년 10월 22일 13시,화요일,충청남도 공주시 금성동,경상사고,0,0,2,0,차대차 - 측면충돌,신호위반,건조,맑음,교차로 - 교차로안,승용,여,56세,경상,승용,남,62세,경상
2019102200100334,2019년 10월 22일 13시,화요일,충청남도 예산군 삽교읍,사망사고,1,0,0,0,차대차 - 측면충돌,직진우회전진행방해,건조,맑음,교차로 - 교차로안,화물,남,67세,상해없음,이륜,남,80세,사망
2019102200100369,2019년 10월 22일 14시,화요일,충청남도 홍성군 구항면,경상사고,0,0,1,0,차대차 - 기타,안전운전불이행,건조,맑음,교차로 - 교차로부근,이륜,남,75세,경상,승용,남,68세,상해없음
2019102200100403,2019년 10월 22일 15시,화요일,충청남도 홍성군 결성면,중상사고,0,1,0,0,차대사람 - 기타,안전운전불이행,건조,맑음,교차로 - 교차로부근,화물,남,68세,상해없음,보행자,남,57세,중상
2019102200100404,2019년 10월 22일 15시,화요일,충청남도 아산시 온천동,부상신고사고,0,0,0,1,차대사람 - 기타,안전운전불이행,건조,맑음,기타 - 기타,화물,남,58세,상해없음,보행자,남,57세,부상신고
2019102200100405,2019년 10월 22일 15시,화요일,충청남도 공주시 반포면,경상사고,0,0,2,0,차대차 - 측면충돌,신호위반,건조,맑음,교차로 - 교차로안,건설기계,남,55세,기타불명,승용,남,28세,경상
2019102200100447,2019년 10월 22일 16시,화요일,충청남도 서산시 석림동,경상사고,0,0,2,0,차대차 - 기타,교차로운행방법위반,건조,맑음,교차로 - 교차로안,승합,남,59세,상해없음,승용,여,60세,경상
2019102200100491,2019년 10월 22일 17시,화요일,충청남도 아산시 영인면,경상사고,0,0,1,0,차대차 - 기타,안전운전불이행,건조,맑음,교차로 - 교차로부근,승합,남,64세,상해없음,승용,여,48세,경상
2019102200100544,2019년 10월 22일 18시,화요일,충청남도 논산시 내동,경상사고,0,0,1,1,차대차 - 측면충돌,직진우회전진행방해,건조,맑음,교차로 - 교차로안,이륜,남,24세,부상신고,이륜,남,56세,경상
2019102200100545,2019년 10월 22일 18시,화요일,충청남도 예산군 오가면,경상사고,0,0,3,0,차대차 - 추돌,안전거리미확보,건조,맑음,단일로 - 기타,화물,남,52세,상해없음,승용,여,36세,경상
2019102200100623,2019년 10월 22일 19시,화요일,충청남도 천안시 서북구 불당동,부상신고사고,0,0,0,1,차대차 - 측면충돌,안전운전불이행,건조,맑음,단일로 - 기타,이륜,남,38세,부상신고,승용,여,41세,상해없음
2019102200100667,2019년 10월 22일 20시,화요일,충청남도 아산시 권곡동,경상사고,0,0,1,0,차대차 - 기타,신호위반,건조,맑음,교차로 - 교차로부근,승용,남,24세,상해없음,승합,남,49세,경상
2019102200100668,2019년 10월 22일 20시,화요일,충청남도 천안시 동남구 사직동,경상사고,0,0,1,0,차대사람 - 횡단중,보행자보호의무위반,건조,맑음,단일로 - 기타,승합,남,51세,상해없음,보행자,남,34세,경상
2019102200100732,2019년 10월 22일 23시,화요일,충청남도 당진시 읍내리,경상사고,0,0,2,0,차대사람 - 기타,안전운전불이행,건조,기타,교차로 - 교차로안,승용,남,25세,상해없음,보행자,남,32세,경상
2019102300100041,2019년 10월 23일 00시,수요일,충청남도 아산시 도고면,경상사고,0,0,1,0,차량단독 - 공작물충돌,안전운전불이행,건조,맑음,교차로 - 교차로부근,승용,남,31세,경상,,,,
2019102300100145,2019년 10월 23일 08시,수요일,충청남도 천안시 서북구 성정동,경상사고,0,0,1,0,차대차 - 측면충돌,직진우회전진행방해,건조,맑음,교차로 - 교차로안,승용,여,39세,상해없음,승용,여,59세,경상
2019102300100179,2019년 10월 23일 09시,수요일,충청남도 예산군 예산읍,경상사고,0,0,1,0,차대차 - 정면충돌,안전운전불이행,건조,맑음,교차로 - 교차로안,자전거,남,58세,경상,승용,남,77세,상해없음
2019102300100209,2019년 10월 23일 10시,수요일,충청남도 서천군 장항읍,경상사고,0,0,1,0,차대사람 - 길가장자리구역통행중,안전운전불이행,건조,맑음,단일로 - 기타,건설기계,남,68세,상해없음,보행자,여,76세,경상
2019102300100236,2019년 10월 23일 11시,수요일,충청남도 공주시 탄천면,중상사고,0,1,0,0,차대차 - 측면충돌,안전운전불이행,건조,맑음,단일로 - 기타,자전거,남,45세,중상,화물,남,49세,상해없음
2019102300100237,2019년 10월 23일 11시,수요일,충청남도 당진시 원당리,경상사고,0,0,1,0,차대차 - 측면충돌,신호위반,건조,맑음,교차로 - 교차로안,승용,여,65세,상해없음,승용,남,57세,경상
2019102300100269,2019년 10월 23일 12시,수요일,충청남도 홍성군 홍북읍,경상사고,0,0,1,0,차대차 - 측면충돌,신호위반,건조,맑음,교차로 - 교차로안,승용,남,51세,상해없음,승용,여,34세,경상
2019102300100325,2019년 10월 23일 14시,수요일,충청남도 예산군 예산읍,경상사고,0,0,1,0,차대차 - 측면충돌,직진우회전진행방해,건조,맑음,교차로 - 교차로안,이륜,남,62세,경상,승용,여,59세,상해없음
2019102300100367,2019년 10월 23일 15시,수요일,충청남도 서산시 음암면,중상사고,0,1,0,0,차대차 - 측면충돌,신호위반,건조,맑음,교차로 - 교차로부근,승용,남,61세,상해없음,승용,남,80세,중상
2019102300100368,2019년 10월 23일 15시,수요일,충청남도 천안시 동남구 청당동,경상사고,0,0,2,0,차대차 - 측면충돌,직진우회전진행방해,건조,맑음,교차로 - 교차로안,승용,여,62세,상해없음,승용,남,43세,경상
2019102300100502,2019년 10월 23일 18시,수요일,충청남도 서산시 대산읍,경상사고,0,0,1,0,차대차 - 측면충돌,안전운전불이행,건조,맑음,단일로 - 기타,승용,남,28세,상해없음,화물,남,56세,경상
2019102300100503,2019년 10월 23일 18시,수요일,충청남도 서산시 대산읍,중상사고,0,1,0,0,차대사람 - 횡단중,신호위반,건조,맑음,교차로 - 교차로안,승용,남,61세,상해없음,보행자,남,55세,중상
2019102300100504,2019년 10월 23일 18시,수요일,충청남도 부여군 구룡면,중상사고,0,1,0,0,차대사람 - 횡단중,안전운전불이행,건조,맑음,단일로 - 기타,화물,남,66세,상해없음,보행자,남,58세,중상
2019102300100566,2019년 10월 23일 19시,수요일,충청남도 서산시 예천동,경상사고,0,0,1,1,차대차 - 측면충돌,안전운전불이행,건조,맑음,교차로 - 교차로부근,자전거,여,56세,부상신고,이륜,남,42세,경상
2019102300100628,2019년 10월 23일 21시,수요일,충청남도 천안시 서북구 성정동,경상사고,0,0,2,0,차대차 - 측면충돌,교차로운행방법위반,건조,맑음,교차로 - 교차로안,원동기,남,42세,경상,승용,남,32세,경상
2019102300100629,2019년 10월 23일 21시,수요일,충청남도 아산시 용화동,중상사고,0,1,0,0,차대차 - 측면충돌,안전운전불이행,건조,맑음,단일로 - 기타,승용,남,44세,상해없음,이륜,남,36세,중상
2019102300100630,2019년 10월 23일 21시,수요일,충청남도 아산시 배방읍,경상사고,0,0,1,0,차대사람 - 기타,안전운전불이행,건조,맑음,교차로 - 교차로횡단보도내,화물,남,50세,상해없음,보행자,남,48세,경상
2019102400100032,2019년 10월 24일 00시,목요일,충청남도 천안시 동남구 다가동,경상사고,0,0,1,0,차대차 - 추돌,안전운전불이행,건조,맑음,교차로 - 교차로부근,승용,남,38세,상해없음,승용,여,31세,경상
2019102400100053,2019년 10월 24일 02시,목요일,충청남도 아산시 염치읍,경상사고,0,0,2,0,차대차 - 추돌,안전운전불이행,건조,맑음,단일로 - 기타,승용,남,32세,상해없음,화물,남,53세,경상
2019102400100071,2019년 10월 24일 05시,목요일,충청남도 당진시 수청리,경상사고,0,0,1,0,차대차 - 추돌,안전운전불이행,건조,맑음,교차로 - 교차로안,승용,여,63세,상해없음,승용,여,73세,경상
2019102400100087,2019년 10월 24일 06시,목요일,충청남도 태안군 고남면,중상사고,0,2,0,0,차대차 - 정면충돌,중앙선침범,건조,맑음,단일로 - 기타,승용,남,40세,중상,화물,남,58세,중상
2019102400100112,2019년 10월 24일 07시,목요일,충청남도 아산시 권곡동,경상사고,0,0,1,0,차대사람 - 횡단중,보행자보호의무위반,건조,맑음,교차로 - 교차로횡단보도내,화물,남,63세,상해없음,보행자,남,80세,경상
2019102400100151,2019년 10월 24일 08시,목요일,충청남도 천안시 서북구 직산읍,경상사고,0,0,1,0,차대사람 - 기타,보행자보호의무위반,건조,맑음,교차로 - 교차로횡단보도내,화물,남,54세,상해없음,보행자,여,50세,경상