사고번호,사고일시,요일,시군구,사고내용,사망자수,중상자수,경상자수,부상신고자수,사고유형,법규위반,노면상태,기상상태,도로형태,가해운전자 차종,가해운전자 성별,가해운전자 연령,가해운전자 상해정도,피해운전자 차종,피해운전자 성별,피해운전자 연령,피해운전자 상해정도
2019110100100255,2019년 11월 1일 10시,금요일,충청남도 천안시 동남구 신방동,경상사고,0,0,1,0,차대차 - 측면충돌,안전운전불이행,건조,맑음,단일로 - 기타,특수,남,47세,상해없음,승용,여,72세,경상
2019110100100293,2019년 11월 1일 11시,금요일,충청남도 서산시 해미면,중상사고,0,2,0,0,차대차 - 추돌,안전운전불이행,건조,맑음,단일로 - 기타,화물,남,72세,상해없음,화물,남,40세,중상
2019110100100294,2019년 11월 1일 11시,금요일,충청남도 보령시 명천동,중상사고,0,1,0,0,차대차 - 기타,안전운전불이행,건조,맑음,교차로 - 교차로안,승용,남,29세,상해없음,승용,남,29세,중상
2019110100100295,2019년 11월 1일 11시,금요일,충청남도 예산군 예산읍,중상사고,0,1,0,0,차대사람 - 길가장자리구역통행중,안전운전불이행,건조,맑음,교차로 - 교차로부근,승용,여,72세,상해없음,보행자,여,78세,중상
2019110100100374,2019년 11월 1일 13시,금요일,충청남도 천안시 서북구 두정동,경상사고,0,0,1,0,차대차 - 후진중충돌,안전운전불이행,건조,맑음,교차로 - 교차로부근,승용,남,58세,상해없음,승용,여,50세,경상
2019110100100375,2019년 11월 1일 13시,금요일,충청남도 홍성군 광천읍,경상사고,0,0,1,0,차대차 - 측면충돌,안전운전불이행,건조,맑음,단일로 - 기타,건설기계,남,61세,상해없음,승용,남,76세,경상
2019110100100376,2019년 11월 1일 13시,금요일,충청남도 당진시 읍내리,중상사고,0,1,0,0,차대차 - 측면충돌,신호위반,건조,맑음,교차로 - 교차로안,승합,남,74세,상해없음,이륜,남,56세,중상
2019110100100414,2019년 11월 1일 14시,금요일,충청남도 천안시 동남구 성황동,경상사고,0,0,1,0,차대차 - 측면충돌,안전운전불이행,건조,맑음,교차로 - 교차로안,승용,여,27세,상해없음,이륜,남,22세,경상
2019110100100415,2019년 11월 1일 14시,금요일,충청남도 천안시 동남구 용곡동,중상사고,0,1,0,0,차대사람 - 횡단중,안전운전불이행,건조,맑음,교차로 - 교차로안,승합,남,46세,상해없음,보행자,남,11세,중상
2019110100100492,2019년 11월 1일 16시,금요일,충청남도 아산시 음봉면,경상사고,0,0,1,0,차대차 - 측면충돌,안전운전불이행,건조,맑음,단일로 - 기타,화물,남,58세,상해없음,이륜,남,64세,경상
2019110100100493,2019년 11월 1일 16시,금요일,충청남도 보령시 주교면,중상사고,0,2,2,0,차대차 - 기타,기타,건조,맑음,단일로 - 기타,화물,남,57세,상해없음,승합,남,61세,중상
2019110100100494,2019년 11월 1일 16시,금요일,충청남도 예산군 예산읍,경상사고,0,0,1,0,차대차 - 추돌,안전거리미확보,건조,맑음,교차로 - 교차로부근,화물,남,65세,상해없음,승용,남,19세,경상
2019110100100495,2019년 11월 1일 16시,금요일,충청남도 예산군 예산읍,경상사고,0,0,3,0,차대차 - 추돌,기타,건조,맑음,기타 - 기타,승용,여,55세,경상,화물,남,54세,상해없음
2019110100100538,2019년 11월 1일 17시,금요일,충청남도 예산군 예산읍,경상사고,0,0,2,0,차대차 - 측면충돌,신호위반,건조,맑음,교차로 - 교차로안,승용,여,64세,경상,화물,남,38세,경상
2019110100100539,2019년 11월 1일 17시,금요일,충청남도 천안시 동남구 영성동,경상사고,0,0,1,0,차대사람 - 기타,보행자보호의무위반,건조,맑음,단일로 - 기타,기타불명,기타불명,미분류,기타불명,보행자,여,55세,경상
2019110100100540,2019년 11월 1일 17시,금요일,충청남도 천안시 동남구 목천읍,경상사고,0,0,2,0,차대차 - 추돌,안전운전불이행,건조,맑음,단일로 - 기타,승용,남,19세,상해없음,화물,남,24세,경상
2019110100100602,2019년 11월 1일 18시,금요일,충청남도 천안시 서북구 성환읍,경상사고,0,0,1,0,차대차 - 측면충돌,신호위반,건조,맑음,교차로 - 교차로안,화물,남,71세,상해없음,화물,남,23세,경상
2019110100100603,2019년 11월 1일 18시,금요일,충청남도 논산시 채운면,중상사고,0,2,1,0,차대차 - 추돌,안전운전불이행,건조,맑음,단일로 - 기타,승용,남,32세,경상,농기계,남,29세,중상
2019110100100604,2019년 11월 1일 18시,금요일,충청남도 계룡시 엄사면,경상사고,0,0,1,0,차대차 - 측면충돌,차로위반,건조,맑음,교차로 - 교차로부근,승용,남,80세,상해없음,승용,여,68세,경상
2019110100100605,2019년 11월 1일 18시,금요일,충청남도 천안시 동남구 병천면,경상사고,0,0,2,0,차대차 - 추돌,안전운전불이행,건조,맑음,단일로 - 기타,화물,남,59세,상해없음,승용,여,37세,경상
2019110100100665,2019년 11월 1일 19시,금요일,충청남도 보령시 죽정동,경상사고,0,0,1,0,차대차 - 기타,신호위반,건조,맑음,교차로 - 교차로안,승용,남,69세,상해없음,승용,남,22세,경상
2019110100100666,2019년 11월 1일 19시,금요일,충청남도 태안군 원북면,중상사고,0,1,0,0,차대사람 - 횡단중,안전운전불이행,건조,맑음,단일로 - 기타,승용,남,57세,상해없음,보행자,여,57세,중상
2019110100100719,2019년 11월 1일 20시,금요일,충청남도 예산군 삽교읍,경상사고,0,0,1,0,차대사람 - 횡단중,기타,건조,맑음,기타 - 기타,승용,여,61세,상해없음,보행자,여,64세,경상
2019110100100747,2019년 11월 1일 21시,금요일,충청남도 천안시 서북구 불당동,경상사고,0,0,2,0,차대차 - 측면충돌,신호위반,건조,맑음,교차로 - 교차로안,승용,여,34세,상해없음,승용,남,36세,경상
2019110100100748,2019년 11월 1일 21시,금요일,충청남도 천안시 서북구 불당동,중상사고,0,1,0,0,차대차 - 측면충돌,안전운전불이행,건조,맑음,교차로 - 교차로부근,승용,남,32세,기타불명,이륜,남,38세,중상
2019110100100749,2019년 11월 1일 21시,금요일,충청남도 천안시 서북구 두정동,경상사고,0,0,3,0,차대차 - 측면충돌,안전운전불이행,건조,맑음,단일로 - 기타,승용,남,61세,상해없음,승용,남,29세,경상
2019110100100796,2019년 11월 1일 23시,금요일,충청남도 천안시 서북구 두정동,경상사고,0,0,1,0,차대차 - 추돌,신호위반,건조,맑음,단일로 - 기타,승용,남,44세,상해없음,승합,여,25세,경상
2019110200100046,2019년 11월 2일 01시,토요일,충청남도 서산시 대산읍,경상사고,0,0,1,0,차대차 - 측면충돌,안전거리미확보,건조,맑음,단일로 - 기타,승용,남,38세,경상,승용,남,45세,상해없음
2019110200100082,2019년 11월 2일 04시,토요일,충청남도 논산시 부창동,중상사고,0,1,1,0,차대차 - 측면충돌,중앙선침범,건조,맑음,단일로 - 기타,승용,남,29세,상해없음,화물,남,31세,중상
2019110200100149,2019년 11월 2일 08시,토요일,충청남도 아산시 용화동,중상사고,0,1,0,0,차대사람 - 횡단중,안전운전불이행,건조,맑음,교차로 - 교차로부근,승용,남,51세,상해없음,보행자,여,70세,중상
2019110200100150,2019년 11월 2일 08시,토요일,충청남도 당진시 송산면,경상사고,0,0,1,0,차대차 - 추돌,안전운전불이행,건조,맑음,단일로 - 기타,승용,남,33세,상해없음,특수,남,60세,경상
2019110200100183,2019년 11월 2일 09시,토요일,충청남도 천안시 서북구 불당동,경상사고,0,0,1,0,차대차 - 추돌,안전운전불이행,건조,맑음,단일로 - 기타,승용,남,36세,상해없음,승용,여,39세,경상
2019110200100184,2019년 11월 2일 09시,토요일,충청남도 아산시 영인면,부상신고사고,0,0,0,1,차대차 - 후진중충돌,안전운전불이행,건조,맑음,단일로 - 기타,자전거,남,81세,부상신고,화물,남,39세,상해없음
2019110200100185,2019년 11월 2일 09시,토요일,충청남도 공주시 금성동,경상사고,0,0,1,0,차대차 - 측면충돌,신호위반,건조,맑음,교차로 - 교차로안,승용,여,37세,상해없음,승합,남,24세,경상
2019110200100272,2019년 11월 2일 11시,토요일,충청남도 보령시 대천동,중상사고,0,1,0,0,차대차 - 측면충돌,신호위반,건조,맑음,교차로 - 교차로안,승용,여,56세,상해없음,승용,남,65세,중상
2019110200100319,2019년 11월 2일 12시,토요일,충청남도 아산시 도고면,중상사고,0,1,0,0,차대차 - 기타,중앙선침범,건조,맑음,단일로 - 기타,승용,남,57세,상해없음,승용,남,38세,중상
2019110200100357,2019년 11월 2일 13시,토요일,충청남도 천안시 서북구 성정동,경상사고,0,0,2,0,차대차 - 측면충돌,교차로운행방법위반,건조,맑음,교차로 - 교차로안,승합,남,45세,상해없음,이륜,남,27세,경상
2019110200100396,2019년 11월 2일 14시,토요일,충청남도 아산시 온천동,경상사고,0,0,1,0,차대차 - 추돌,안전운전불이행,건조,맑음,교차로 - 교차로안,화물,남,57세,상해없음,승용,여,24세,경상
2019110200100397,2019년 11월 2일 14시,토요일,충청남도 예산군 응봉면,경상사고,0,0,4,0,차대차 - 측면충돌,중앙선침범,건조,맑음,단일로 - 기타,화물,남,72세,상해없음,승용,남,70세,경상
2019110200100440,2019년 11월 2일 15시,토요일,충청남도 서산시 고북면,중상사고,0,1,0,0,차대차 - 측면충돌,안전운전불이행,건조,맑음,단일로 - 기타,농기계,남,54세,상해없음,이륜,남,76세,중상
2019110200100520,2019년 11월 2일 17시,토요일,충청남도 논산시 취암동,중상사고,0,2,0,0,차대차 - 측면충돌,신호위반,건조,맑음,교차로 - 교차로안,승용,여,42세,상해없음,승용,남,34세,중상
2019110200100521,2019년 11월 2일 17시,토요일,충청남도 아산시 배방읍,경상사고,0,0,1,0,차대사람 - 기타,안전운전불이행,건조,맑음,주차장 - 주차장,승용,여,46세,상해없음,보행자,여,34세,경상
2019110200100522,2019년 11월 2일 17시,토요일,충청남도 보령시 남포면,중상사고,0,1,0,0,차량단독 - 전도전복 - 전도,안전운전불이행,건조,맑음,단일로 - 기타,사륜오토바이(ATV),남,21세,상해없음,,,,
2019110200100568,2019년 11월 2일 18시,토요일,충청남도 천안시 서북구 두정동,부상신고사고,0,0,0,1,차대차 - 측면충돌,신호위반,건조,맑음,교차로 - 교차로횡단보도내,자전거,남,26세,부상신고,승용,여,58세,상해없음
2019110200100569,2019년 11월 2일 18시,토요일,충청남도 천안시 서북구 성정동,경상사고,0,0,1,0,차대차 - 측면충돌,차로위반,건조,맑음,단일로 - 기타,승용,남,27세,상해없음,이륜,남,45세,경상
2019110200100570,2019년 11월 2일 18시,토요일,충청남도 천안시 서북구 불당동,경상사고,0,0,4,0,차대차 - 측면충돌,교차로운행방법위반,건조,맑음,교차로 - 교차로안,승용,여,19세,상해없음,승용,남,48세,경상
2019110200100571,2019년 11월 2일 18시,토요일,충청남도 서천군 서면,경상사고,0,0,1,0,차대사람 - 기타,안전운전불이행,건조,맑음,교차로 - 교차로부근,승용,남,50세,상해없음,보행자,남,56세,경상
2019110200100572,2019년 11월 2일 18시,토요일,충청남도 금산군 진산면,경상사고,0,0,1,0,차대사람 - 기타,안전운전불이행,건조,맑음,단일로 - 기타,승용,남,72세,상해없음,보행자,여,64세,경상
2019110200100624,2019년 11월 2일 19시,토요일,충청남도 천안시 서북구 쌍용동,중상사고,0,1,0,0,차대사람 - 횡단중,보행자보호의무위반,건조,맑음,교차로 - 교차로횡단보도내,화물,남,31세,상해없음,보행자,여,16세,중상
2019110200100625,2019년 11월 2일 19시,토요일,충청남도 보령시 대천동,중상사고,0,1,0,0,차대사람 - 횡단중,보행자보호의무위반,건조,맑음,교차로 - 교차로안,승용,여,56세,상해없음,보행자,남,63세,중상
2019110200100626,2019년 11월 2일 19시,토요일,충청남도 부여군 옥산면,사망사고,1,0,0,0,차대사람 - 횡단중,안전운전불이행,건조,맑음,단일로 - 교량,승합,남,48세,상해없음,보행자,여,83세,사망
2019110200100674,2019년 11월 2일 20시,토요일,충청남도 태안군 소원면,경상사고,0,0,5,0,차대차 - 측면충돌,차로위반,건조,맑음,교차로 - 교차로부근,승용,남,58세,상해없음,승용,남,39세,경상
2019110200100705,2019년 11월 2일 21시,토요일,충청남도 예산군 삽교읍,중상사고,0,1,0,0,차량단독 - 전도전복 - 전도,안전운전불이행,건조,맑음,단일로 - 기타,승용,남,26세,중상,,,,
2019110200100706,2019년 11월 2일 21시,토요일,충청남도 당진시 송악읍,경상사고,0,0,1,0,차대사람 - 횡단중,안전운전불이행,건조,맑음,교차로 - 교차로부근,원동기,남,17세,상해없음,보행자,남,38세,경상
2019110200100753,2019년 11월 2일 23시,토요일,충청남도 천안시 서북구 두정동,중상사고,0,1,1,0,차대차 - 추돌,안전거리미확보,건조,맑음,단일로 - 기타,화물,남,68세,중상,승용,남,28세,경상
2019110300100036,2019년 11월 3일 00시,일요일,충청남도 천안시 동남구 광덕면,경상사고,0,0,1,0,차대차 - 측면충돌,안전운전불이행,건조,맑음,교차로 - 교차로안,승용,남,51세,상해없음,화물,남,26세,경상
2019110300100086,2019년 11월 3일 05시,일요일,충청남도 당진시 시곡리,경상사고,0,0,2,0,차대차 - 추돌,안전운전불이행,건조,맑음,단일로 - 기타,승용,남,32세,경상,건설기계,남,56세,기타불명
2019110300100100,2019년 11월 3일 06시,일요일,충청남도 공주시 정안면,중상사고,0,1,0,0,차대사람 - 횡단중,보행자보호의무위반,젖음/습기,안개,교차로 - 교차로횡단보도내,승용,남,47세,상해없음,보행자,여,66세,중상
2019110300100121,2019년 11월 3일 08시,일요일,충청남도 예산군 예산읍,중상사고,0,1,0,0,차대차 - 기타,안전운전불이행,건조,맑음,교차로 - 교차로부근,승용,남,38세,상해없음,이륜,남,73세,중상
2019110300100239,2019년 11월 3일 13시,일요일,충청남도 홍성군 홍성읍,경상사고,0,0,3,0,차대차 - 추돌,안전운전불이행,건조,맑음,교차로 - 교차로부근,화물,남,50세,상해없음,승용,남,40세,경상
2019110300100240,2019년 11월 3일 13시,일요일,충청남도 예산군 예산읍,경상사고,0,0,2,0,차대차 - 추돌,안전운전불이행,건조,맑음,단일로 - 기타,화물,남,65세,상해없음,승용,여,26세,경상
2019110300100242,2019년 11월 3일 13시,일요일,충청남도 서천군 비인면,경상사고,0,0,1,0,차대사람 - 길가장자리구역통행중,안전운전불이행,건조,맑음,단일로 - 기타,승용,남,27세,상해없음,보행자,여,68세,경상
2019110300100272,2019년 11월 3일 14시,일요일,충청남도 천안시 서북구 두정동,부상신고사고,0,0,0,2,차대차 - 측면충돌,안전운전불이행,건조,맑음,단일로 - 기타,이륜,남,24세,부상신고,승용,남,66세,부상신고
2019110300100273,2019년 11월 3일 14시,일요일,충청남도 아산시 인주면,경상사고,0,0,1,0,차대사람 - 기타,안전운전불이행,건조,맑음,기타 - 기타,승용,남,51세,상해없음,보행자,여,46세,경상
2019110300100274,2019년 11월 3일 14시,일요일,충청남도 예산군 대술면,경상사고,0,0,4,0,차대차 - 측면충돌,중앙선침범,건조,맑음,단일로 - 기타,승용,남,67세,상해없음,승용,남,62세,경상
2019110300100307,2019년 11월 3일 15시,일요일,충청남도 아산시 도고면,경상사고,0,0,1,0,차대차 - 기타,안전운전불이행,건조,맑음,교차로 - 교차로안,승용,남,27세,상해없음,승용,남,67세,경상
2019110300100344,2019년 11월 3일 16시,일요일,충청남도 당진시 채운동,중상사고,0,1,1,0,차대차 - 측면충돌,교차로운행방법위반,건조,맑음,교차로 - 교차로안,승용,남,53세,상해없음,승용,남,48세,경상
2019110300100416,2019년 11월 3일 18시,일요일,충청남도 청양군 화성면,중상사고,0,1,0,0,차대차 - 추돌,안전운전불이행,건조,맑음,기타 - 기타,승용,남,31세,중상,건설기계,남,52세,상해없음
2019110300100501,2019년 11월 3일 21시,일요일,충청남도 천안시 서북구 성정동,중상사고,0,1,0,0,차대차 - 측면충돌,안전운전불이행,건조,맑음,단일로 - 기타,이륜,남,33세,상해없음,이륜,남,32세,중상
2019110300100524,2019년 11월 3일 22시,일요일,충청남도 당진시 신평면,경상사고,0,0,1,0,차대차 - 추돌,안전운전불이행,건조,맑음,단일로 - 교량,승용,남,54세,상해없음,승용,남,25세,경상
2019110400100033,2019년 11월 4일 00시,월요일,충청남도 아산시 온천동,경상사고,0,0,1,0,차대차 - 측면충돌,안전운전불이행,건조,맑음,교차로 - 교차로안,승용,남,50세,상해없음,승용,남,38세,상해없음
2019110400100086,2019년 11월 4일 06시,월요일,충청남도 서산시 부석면,사망사고,1,0,0,0,차대사람 - 차도통행중,안전운전불이행,건조,맑음,단일로 - 기타,화물,남,75세,기타불명,보행자,남,80세,사망
2019110400100110,2019년 11월 4일 07시,월요일,충청남도 천안시 동남구 광덕면,중상사고,0,1,0,0,차대차 - 기타,교차로운행방법위반,건조,맑음,교차로 - 교차로안,화물,남,52세,상해없음,승용,여,61세,중상
2019110400100111,2019년 11월 4일 07시,월요일,충청남도 천안시 동남구 병천면,경상사고,0,0,1,0,차대차 - 정면충돌,중앙선침범,건조,맑음,단일로 - 기타,화물,남,62세,상해없음,이륜,남,52세,경상
2019110400100112,2019년 11월 4일 07시,월요일,충청남도 태안군 안면읍,사망사고,1,0,0,0,차대사람 - 길가장자리구역통행중,안전운전불이행,건조,맑음,단일로 - 기타,화물,남,65세,상해없음,보행자,여,80세,사망
2019110400100153,2019년 11월 4일 08시,월요일,충청남도 아산시 용화동,경상사고,0,0,1,0,차대차 - 기타,안전운전불이행,건조,맑음,교차로 - 교차로안,승용,여,30세,상해없음,자전거,남,15세,경상
2019110400100154,2019년 11월 4일 08시,월요일,충청남도 아산시 온천동,부상신고사고,0,0,0,1,차대사람 - 횡단중,보행자보호의무위반,건조,맑음,기타 - 기타,승용,여,73세,상해없음,보행자,여,59세,부상신고
2019110400100155,2019년 11월 4일 08시,월요일,충청남도 천안시 동남구 신부동,경상사고,0,0,1,0,차대차 - 측면충돌,중앙선침범,건조,맑음,교차로 - 교차로안,개인형이동수단(PM),남,48세,경상,승용,여,45세,상해없음
2019110400100156,2019년 11월 4일 08시,월요일,충청남도 천안시 동남구 구룡동,경상사고,0,0,1,0,차대차 - 측면충돌,안전운전불이행,건조,맑음,교차로 - 교차로부근,승용,남,33세,상해없음,승용,남,63세,경상
2019110400100211,2019년 11월 4일 09시,월요일,충청남도 아산시 신창면,부상신고사고,0,0,0,1,차대차 - 후진중충돌,안전운전불이행,건조,맑음,단일로 - 기타,승용,여,43세,상해없음,이륜,남,27세,부상신고
2019110400100250,2019년 11월 4일 10시,월요일,충청남도 천안시 서북구 성거읍,경상사고,0,0,3,0,차대차 - 추돌,안전운전불이행,건조,맑음,교차로 - 교차로안,이륜,남,48세,경상,승용,남,49세,경상
2019110400100283,2019년 11월 4일 11시,월요일,충청남도 천안시 서북구 입장면,중상사고,0,1,0,0,차대사람 - 횡단중,보행자보호의무위반,건조,맑음,교차로 - 교차로안,화물,남,59세,상해없음,보행자,여,77세,중상
2019110400100284,2019년 11월 4일 11시,월요일,충청남도 천안시 서북구 성정동,경상사고,0,0,2,0,차대차 - 측면충돌,안전운전불이행,건조,맑음,단일로 - 기타,승용,남,41세,상해없음,승용,남,35세,경상
2019110400100285,2019년 11월 4일 11시,월요일,충청남도 아산시 풍기동,경상사고,0,0,2,0,차대차 - 기타,신호위반,건조,맑음,교차로 - 교차로안,승용,여,74세,상해없음,승용,남,47세,경상
2019110400100319,2019년 11월 4일 12시,월요일,충청남도 당진시 수청리,경상사고,0,0,1,0,차대차 - 후진중충돌,안전운전불이행,건조,맑음,주차장 - 주차장,승용,남,52세,상해없음,승용,여,33세,경상
2019110400100363,2019년 11월 4일 13시,월요일,충청남도 서산시 인지면,경상사고,0,0,2,0,차대차 - 측면충돌,직진우회전진행방해,건조,맑음,교차로 - 교차로안,승용,여,53세,경상,승용,남,45세,경상
2019110400100364,2019년 11월 4일 13시,월요일,충청남도 천안시 서북구 신당동,경상사고,0,0,1,0,차대차 - 측면충돌,안전운전불이행,건조,맑음,교차로 - 교차로부근,승용,남,48세,상해없음,승용,남,44세,경상
2019110400100365,2019년 11월 4일 13시,월요일,충청남도 공주시 신관동,경상사고,0,0,3,0,차대차 - 측면충돌,안전운전불이행,건조,맑음,교차로 - 교차로부근,승용,여,69세,경상,승용,남,41세,경상
2019110400100366,2019년 11월 4일 13시,월요일,충청남도 천안시 동남구 원성동,경상사고,0,0,2,0,차대차 - 추돌,안전운전불이행,건조,맑음,단일로 - 기타,승용,남,55세,상해없음,승용,여,51세,경상
2019110400100367,2019년 11월 4일 13시,월요일,충청남도 천안시 동남구 신방동,경상사고,0,0,4,0,차대차 - 추돌,안전운전불이행,건조,맑음,단일로 - 기타,화물,남,48세,경상,화물,남,27세,경상
2019110400100409,2019년 11월 4일 14시,월요일,충청남도 서천군 마서면,사망사고,1,0,0,0,차량단독 - 기타,안전운전불이행,건조,맑음,단일로 - 기타,화물,남,61세,사망,,,,
2019110400100455,2019년 11월 4일 15시,월요일,충청남도 천안시 서북구 두정동,경상사고,0,0,1,0,차대차 - 측면충돌,안전운전불이행,건조,맑음,단일로 - 기타,승용,여,37세,상해없음,이륜,남,26세,경상
2019110400100456,2019년 11월 4일 15시,월요일,충청남도 아산시 둔포면,경상사고,0,0,2,0,차대차 - 추돌,안전운전불이행,건조,맑음,기타 - 기타,특수,남,48세,상해없음,승용,남,76세,경상
2019110400100457,2019년 11월 4일 15시,월요일,충청남도 아산시 선장면,사망사고,1,0,0,0,차량단독 - 전도전복 - 전도,안전운전불이행,건조,맑음,교차로 - 교차로부근,이륜,남,89세,사망,,,,
2019110400100458,2019년 11월 4일 15시,월요일,충청남도 당진시 송악읍,사망사고,1,1,0,0,차대차 - 추돌,안전운전불이행,건조,맑음,단일로 - 기타,화물,남,49세,사망,화물,남,56세,중상
2019110400100459,2019년 11월 4일 15시,월요일,충청남도 천안시 동남구 신부동,경상사고,0,0,1,0,차대차 - 기타,안전운전불이행,건조,맑음,단일로 - 기타,기타불명,기타불명,미분류,기타불명,승용,남,71세,경상
2019110400100506,2019년 11월 4일 16시,월요일,충청남도 천안시 서북구 신당동,경상사고,0,0,1,1,차대차 - 측면충돌,안전운전불이행,건조,맑음,교차로 - 교차로안,이륜,남,15세,부상신고,화물,남,64세,상해없음
2019110400100507,2019년 11월 4일 16시,월요일,충청남도 논산시 강경읍,중상사고,0,1,0,0,차대차 - 추돌,안전운전불이행,건조,맑음,단일로 - 고가도로위,화물,남,66세,상해없음,승용,여,39세,중상
2019110400100508,2019년 11월 4일 16시,월요일,충청남도 계룡시 엄사면,경상사고,0,0,1,0,차대사람 - 횡단중,보행자보호의무위반,건조,맑음,교차로 - 교차로횡단보도내,화물,여,56세,상해없음,보행자,여,29세,경상
2019110400100509,2019년 11월 4일 16시,월요일,충청남도 공주시 신관동,경상사고,0,0,1,0,차대차 - 측면충돌,안전운전불이행,건조,맑음,단일로 - 기타,승합,남,50세,상해없음,승용,남,29세,경상
2019110400100555,2019년 11월 4일 17시,월요일,충청남도 서산시 석림동,중상사고,0,1,1,0,차대차 - 후진중충돌,안전운전불이행,건조,맑음,교차로 - 교차로안,승용,남,72세,기타불명,승용,여,37세,중상
2019110400100616,2019년 11월 4일 18시,월요일,충청남도 당진시 합덕읍,중상사고,0,1,0,0,차대사람 - 차도통행중,안전운전불이행,건조,맑음,기타 - 기타,승용,남,47세,상해없음,보행자,여,65세,중상
2019110400100617,2019년 11월 4일 18시,월요일,충청남도 당진시 송산면,경상사고,0,0,1,0,차대사람 - 차도통행중,보행자보호의무위반,건조,맑음,교차로 - 교차로안,승용,남,46세,상해없음,보행자,남,17세,경상
2019110400100664,2019년 11월 4일 19시,월요일,충청남도 천안시 서북구 쌍용동,중상사고,0,1,1,0,차대차 - 기타,신호위반,건조,맑음,교차로 - 교차로안,이륜,남,37세,중상,승용,남,49세,경상
2019110400100665,2019년 11월 4일 19시,월요일,충청남도 천안시 서북구 두정동,경상사고,0,0,1,0,차대차 - 기타,신호위반,건조,맑음,교차로 - 교차로부근,승용,남,61세,상해없음,이륜,남,27세,경상
2019110400100666,2019년 11월 4일 19시,월요일,충청남도 천안시 서북구 성정동,경상사고,0,0,2,0,차대차 - 추돌,안전운전불이행,건조,맑음,단일로 - 기타,승용,여,47세,상해없음,승용,여,44세,경상
2019110400100667,2019년 11월 4일 19시,월요일,충청남도 천안시 서북구 불당동,중상사고,0,1,0,0,차대사람 - 기타,신호위반,건조,맑음,단일로 - 기타,승용,남,29세,상해없음,보행자,여,4세,중상
2019110400100668,2019년 11월 4일 19시,월요일,충청남도 보령시 신흑동,중상사고,0,1,2,0,차대차 - 측면충돌,신호위반,건조,맑음,교차로 - 교차로안,승용,여,54세,경상,승용,남,51세,경상
2019110400100669,2019년 11월 4일 19시,월요일,충청남도 당진시 대덕리,중상사고,0,1,0,0,차대사람 - 보도통행중,보행자보호의무위반,건조,맑음,교차로 - 교차로횡단보도내,승용,여,50세,상해없음,보행자,여,41세,중상
2019110400100706,2019년 11월 4일 20시,월요일,충청남도 아산시 온천동,경상사고,0,0,1,0,차대차 - 기타,안전운전불이행,건조,맑음,교차로 - 교차로안,승용,남,33세,상해없음,승용,남,59세,경상
2019110400100707,2019년 11월 4일 20시,월요일,충청남도 아산시 둔포면,중상사고,0,1,0,0,차대차 - 기타,안전운전불이행,건조,기타,기타 - 기타,승용,남,63세,상해없음,자전거,남,13세,중상
2019110400100783,2019년 11월 4일 23시,월요일,충청남도 천안시 서북구 불당동,사망사고,1,0,0,0,차대사람 - 기타,과속,건조,맑음,단일로 - 기타,승용,남,61세,상해없음,보행자,여,40세,사망
2019110400100784,2019년 11월 4일 23시,월요일,충청남도 아산시 음봉면,경상사고,0,0,2,0,차대차 - 추돌,안전거리미확보,건조,맑음,단일로 - 기타,승용,남,26세,상해없음,승용,남,25세,경상
2019110500100032,2019년 11월 5일 00시,화요일,충청남도 예산군 예산읍,중상사고,0,1,1,0,차대차 - 추돌,안전운전불이행,건조,맑음,교차로 - 교차로안,승용,남,36세,경상,화물,남,50세,기타불명
2019110500100090,2019년 11월 5일 06시,화요일,충청남도 서산시 석림동,경상사고,0,0,1,0,차대차 - 측면충돌,신호위반,건조,맑음,교차로 - 교차로안,승용,남,49세,상해없음,승용,여,49세,경상
2019110500100091,2019년 11월 5일 06시,화요일,충청남도 아산시 방축동,경상사고,0,0,3,0,차대차 - 측면충돌,신호위반,건조,맑음,교차로 - 교차로안,승용,여,46세,상해없음,승용,남,38세,경상
2019110500100092,2019년 11월 5일 06시,화요일,충청남도 당진시 면천면,중상사고,0,1,0,0,차대차 - 기타,중앙선침범,건조,맑음,단일로 - 기타,화물,남,38세,상해없음,화물,남,60세,중상
2019110500100156,2019년 11월 5일 08시,화요일,충청남도 천안시 서북구 불당동,경상사고,0,0,1,0,차대차 - 추돌,안전거리미확보,건조,맑음,단일로 - 기타,승용,남,36세,상해없음,승용,남,44세,경상
2019110500100157,2019년 11월 5일 08시,화요일,충청남도 천안시 서북구 성정동,경상사고,0,0,1,0,차대차 - 정면충돌,안전거리미확보,건조,맑음,단일로 - 기타,화물,남,44세,상해없음,승용,여,43세,상해없음
2019110500100158,2019년 11월 5일 08시,화요일,충청남도 아산시 온천동,경상사고,0,0,1,0,차대차 - 기타,안전운전불이행,건조,맑음,단일로 - 기타,화물,남,46세,상해없음,승용,여,51세,경상
2019110500100206,2019년 11월 5일 09시,화요일,충청남도 천안시 동남구 신부동,경상사고,0,0,1,0,차대차 - 후진중충돌,안전운전불이행,건조,맑음,교차로 - 교차로안,승용,남,68세,상해없음,승용,남,47세,경상
2019110500100207,2019년 11월 5일 09시,화요일,충청남도 천안시 동남구 광덕면,중상사고,0,1,0,0,차대차 - 기타,안전운전불이행,건조,맑음,단일로 - 기타,승용,여,54세,상해없음,승용,남,35세,상해없음