사고번호,사고일시,요일,시군구,사고내용,사망자수,중상자수,경상자수,부상신고자수,사고유형,법규위반,노면상태,기상상태,도로형태,가해운전자 차종,가해운전자 성별,가해운전자 연령,가해운전자 상해정도,피해운전자 차종,피해운전자 성별,피해운전자 연령,피해운전자 상해정도
2019110500100245,2019년 11월 5일 10시,화요일,충청남도 서산시 석림동,중상사고,0,1,0,0,차대차 - 측면충돌,신호위반,건조,맑음,교차로 - 교차로부근,건설기계,남,55세,상해없음,승용,남,45세,중상
2019110500100246,2019년 11월 5일 10시,화요일,충청남도 천안시 동남구 봉명동,경상사고,0,0,1,0,차대차 - 추돌,안전운전불이행,건조,맑음,교차로 - 교차로횡단보도내,승용,남,68세,상해없음,이륜,남,54세,경상
2019110500100247,2019년 11월 5일 10시,화요일,충청남도 논산시 부적면,경상사고,0,0,1,0,차대차 - 추돌,안전운전불이행,건조,맑음,교차로 - 교차로부근,승용,남,58세,기타불명,승용,여,60세,경상
2019110500100248,2019년 11월 5일 10시,화요일,충청남도 아산시 둔포면,경상사고,0,0,1,0,차대차 - 기타,안전운전불이행,건조,맑음,교차로 - 교차로안,승용,남,30세,상해없음,승용,여,44세,경상
2019110500100249,2019년 11월 5일 10시,화요일,충청남도 당진시 채운동,경상사고,0,0,1,0,차대차 - 측면충돌,교차로운행방법위반,건조,맑음,단일로 - 기타,승용,남,50세,상해없음,이륜,남,72세,경상
2019110500100250,2019년 11월 5일 10시,화요일,충청남도 천안시 동남구 구성동,중상사고,0,1,0,0,차대차 - 측면충돌,신호위반,건조,맑음,교차로 - 교차로안,화물,여,70세,상해없음,승합,남,72세,중상
2019110500100251,2019년 11월 5일 10시,화요일,충청남도 천안시 동남구 신부동,경상사고,0,0,2,0,차대차 - 측면충돌,교차로운행방법위반,건조,맑음,교차로 - 교차로부근,승용,남,48세,경상,화물,남,24세,경상
2019110500100287,2019년 11월 5일 11시,화요일,충청남도 부여군 부여읍,경상사고,0,0,1,0,차대사람 - 기타,보행자보호의무위반,건조,맑음,단일로 - 기타,승용,여,52세,상해없음,보행자,여,60세,경상
2019110500100320,2019년 11월 5일 12시,화요일,충청남도 천안시 서북구 성정동,경상사고,0,0,1,0,차대차 - 측면충돌,안전운전불이행,건조,맑음,단일로 - 기타,승용,여,76세,상해없음,승용,여,49세,경상
2019110500100355,2019년 11월 5일 13시,화요일,충청남도 청양군 남양면,경상사고,0,0,1,0,차량단독 - 전도전복 - 전도,안전운전불이행,건조,맑음,단일로 - 기타,사륜오토바이(ATV),남,74세,경상,,,,
2019110500100356,2019년 11월 5일 13시,화요일,충청남도 금산군 금성면,경상사고,0,0,1,0,차대사람 - 기타,안전운전불이행,건조,맑음,단일로 - 기타,승용,여,53세,상해없음,보행자,여,67세,경상
2019110500100405,2019년 11월 5일 14시,화요일,충청남도 천안시 서북구 성성동,경상사고,0,0,1,0,차대차 - 측면충돌,차로위반,건조,맑음,단일로 - 기타,승용,남,59세,상해없음,승용,남,25세,경상
2019110500100450,2019년 11월 5일 15시,화요일,충청남도 공주시 웅진동,경상사고,0,0,1,0,차대사람 - 횡단중,보행자보호의무위반,건조,맑음,단일로 - 기타,승용,남,34세,기타불명,보행자,여,18세,경상
2019110500100451,2019년 11월 5일 15시,화요일,충청남도 태안군 이원면,중상사고,0,1,0,0,차대차 - 기타,안전운전불이행,건조,맑음,단일로 - 기타,이륜,남,78세,중상,농기계,남,57세,상해없음
2019110500100486,2019년 11월 5일 16시,화요일,충청남도 천안시 서북구 쌍용동,경상사고,0,0,1,0,차대사람 - 기타,기타,건조,맑음,단일로 - 기타,승합,남,50세,상해없음,보행자,남,85세,경상
2019110500100487,2019년 11월 5일 16시,화요일,충청남도 천안시 서북구 쌍용동,부상신고사고,0,0,0,1,차대사람 - 횡단중,보행자보호의무위반,건조,맑음,단일로 - 기타,승용,남,23세,상해없음,보행자,남,8세,부상신고
2019110500100539,2019년 11월 5일 17시,화요일,충청남도 논산시 연무읍,경상사고,0,0,6,0,차대차 - 추돌,안전운전불이행,건조,맑음,단일로 - 기타,승용,남,28세,상해없음,승용,여,24세,경상
2019110500100593,2019년 11월 5일 18시,화요일,충청남도 천안시 서북구 두정동,경상사고,0,0,1,0,차대사람 - 횡단중,안전운전불이행,건조,맑음,단일로 - 기타,승용,남,38세,상해없음,보행자,남,56세,경상
2019110500100594,2019년 11월 5일 18시,화요일,충청남도 부여군 옥산면,부상신고사고,0,0,0,1,차량단독 - 공작물충돌,안전운전불이행,건조,맑음,단일로 - 기타,승합,남,49세,상해없음,,,,
2019110500100595,2019년 11월 5일 18시,화요일,충청남도 당진시 석문면,경상사고,0,0,1,0,차대차 - 추돌,안전운전불이행,건조,맑음,단일로 - 기타,건설기계,남,27세,상해없음,화물,남,59세,경상
2019110500100596,2019년 11월 5일 18시,화요일,충청남도 천안시 동남구 목천읍,경상사고,0,0,1,0,차대차 - 측면충돌,안전운전불이행,건조,맑음,단일로 - 기타,승용,남,77세,상해없음,승용,여,66세,경상
2019110500100671,2019년 11월 5일 20시,화요일,충청남도 아산시 배방읍,경상사고,0,0,1,0,차대차 - 기타,안전운전불이행,건조,맑음,단일로 - 기타,승용,여,37세,상해없음,승용,남,46세,경상
2019110500100749,2019년 11월 5일 23시,화요일,충청남도 천안시 서북구 두정동,경상사고,0,0,1,0,차대차 - 추돌,안전운전불이행,건조,맑음,단일로 - 기타,승용,남,26세,상해없음,승용,여,31세,경상
2019110600100032,2019년 11월 6일 00시,수요일,충청남도 아산시 인주면,경상사고,0,0,1,0,차대차 - 추돌,안전운전불이행,건조,맑음,단일로 - 기타,승용,남,36세,상해없음,화물,기타불명,미분류,기타불명
2019110600100108,2019년 11월 6일 07시,수요일,충청남도 천안시 동남구 목천읍,경상사고,0,0,1,0,차대차 - 측면충돌,교차로운행방법위반,건조,맑음,교차로 - 교차로안,승용,남,26세,상해없음,승용,여,46세,경상
2019110600100140,2019년 11월 6일 08시,수요일,충청남도 천안시 서북구 입장면,경상사고,0,0,1,0,차대차 - 측면충돌,교차로운행방법위반,건조,맑음,교차로 - 교차로안,승용,남,37세,상해없음,이륜,남,49세,경상
2019110600100141,2019년 11월 6일 08시,수요일,충청남도 논산시 부창동,중상사고,0,1,0,0,차대차 - 측면충돌,직진우회전진행방해,건조,맑음,교차로 - 교차로안,승용,남,55세,상해없음,이륜,남,30세,중상
2019110600100142,2019년 11월 6일 08시,수요일,충청남도 아산시 용화동,경상사고,0,0,1,0,차대차 - 기타,신호위반,건조,맑음,교차로 - 교차로안,승용,남,35세,상해없음,승용,여,36세,경상
2019110600100143,2019년 11월 6일 08시,수요일,충청남도 천안시 동남구 동면,중상사고,0,1,1,0,차대차 - 정면충돌,중앙선침범,건조,맑음,단일로 - 기타,승용,기타불명,18세,기타불명,승용,여,47세,경상
2019110600100182,2019년 11월 6일 09시,수요일,충청남도 청양군 비봉면,중상사고,0,1,0,0,차대사람 - 기타,안전운전불이행,건조,맑음,단일로 - 기타,화물,남,53세,상해없음,보행자,남,49세,중상
2019110600100224,2019년 11월 6일 10시,수요일,충청남도 서산시 대산읍,경상사고,0,0,1,0,차대차 - 정면충돌,불법유턴,건조,맑음,단일로 - 기타,화물,남,75세,상해없음,화물,남,25세,경상
2019110600100225,2019년 11월 6일 10시,수요일,충청남도 홍성군 홍동면,중상사고,0,1,0,0,차대차 - 측면충돌,중앙선침범,건조,맑음,교차로 - 교차로안,화물,남,63세,상해없음,이륜,남,59세,중상
2019110600100226,2019년 11월 6일 10시,수요일,충청남도 당진시 채운동,경상사고,0,0,1,0,차대차 - 측면충돌,신호위반,건조,맑음,교차로 - 교차로안,화물,남,54세,상해없음,승용,여,62세,경상
2019110600100267,2019년 11월 6일 11시,수요일,충청남도 당진시 시곡리,경상사고,0,0,1,0,차대차 - 추돌,안전운전불이행,건조,맑음,교차로 - 교차로부근,화물,남,67세,상해없음,승용,남,51세,경상
2019110600100268,2019년 11월 6일 11시,수요일,충청남도 천안시 동남구 신부동,부상신고사고,0,0,0,1,차대차 - 기타,안전운전불이행,건조,맑음,단일로 - 기타,이륜,남,49세,부상신고,화물,남,55세,상해없음
2019110600100296,2019년 11월 6일 12시,수요일,충청남도 천안시 서북구 쌍용동,부상신고사고,0,0,0,1,차량단독 - 기타,안전운전불이행,건조,기타,미분류 - 미분류,기타불명,기타불명,미분류,기타불명,,,,
2019110600100328,2019년 11월 6일 13시,수요일,충청남도 서산시 갈산동,경상사고,0,0,2,0,차대차 - 정면충돌,직진우회전진행방해,건조,맑음,교차로 - 교차로안,승용,여,61세,상해없음,승용,여,61세,경상
2019110600100329,2019년 11월 6일 13시,수요일,충청남도 공주시 사곡면,중상사고,0,1,0,0,차량단독 - 전도전복 - 전도,안전운전불이행,건조,맑음,단일로 - 기타,원동기,남,65세,중상,,,,
2019110600100360,2019년 11월 6일 14시,수요일,충청남도 천안시 서북구 성정동,경상사고,0,0,1,0,차대차 - 측면충돌,안전운전불이행,건조,맑음,교차로 - 교차로부근,개인형이동수단(PM),남,58세,경상,승용,여,31세,상해없음
2019110600100402,2019년 11월 6일 15시,수요일,충청남도 홍성군 홍성읍,경상사고,0,0,1,0,차대사람 - 기타,안전운전불이행,건조,맑음,단일로 - 기타,승용,남,47세,상해없음,보행자,남,56세,경상
2019110600100403,2019년 11월 6일 15시,수요일,충청남도 당진시 시곡리,경상사고,0,0,1,0,차대차 - 추돌,차로위반,건조,맑음,기타 - 기타,화물,남,61세,상해없음,화물,남,39세,경상
2019110600100453,2019년 11월 6일 16시,수요일,충청남도 천안시 서북구 쌍용동,경상사고,0,0,1,0,차대차 - 측면충돌,안전운전불이행,건조,맑음,교차로 - 교차로안,승용,여,25세,상해없음,이륜,남,47세,경상
2019110600100454,2019년 11월 6일 16시,수요일,충청남도 아산시 음봉면,경상사고,0,0,1,0,차대차 - 정면충돌,중앙선침범,건조,맑음,단일로 - 기타,승용,남,34세,상해없음,승용,여,36세,경상
2019110600100455,2019년 11월 6일 16시,수요일,충청남도 아산시 배방읍,경상사고,0,0,1,0,차대차 - 기타,안전거리미확보,건조,맑음,단일로 - 기타,승용,여,37세,상해없음,승용,남,23세,경상
2019110600100456,2019년 11월 6일 16시,수요일,충청남도 공주시 정안면,중상사고,0,1,0,0,차대차 - 측면충돌,기타,건조,맑음,교차로 - 교차로안,화물,남,73세,상해없음,이륜,남,62세,중상
2019110600100500,2019년 11월 6일 17시,수요일,충청남도 천안시 서북구 두정동,경상사고,0,0,2,0,차대차 - 측면충돌,직진우회전진행방해,건조,맑음,교차로 - 교차로안,승용,여,35세,상해없음,승용,여,54세,경상
2019110600100501,2019년 11월 6일 17시,수요일,충청남도 홍성군 홍성읍,경상사고,0,0,1,0,차대차 - 측면충돌,안전운전불이행,건조,맑음,교차로 - 교차로안,승용,남,61세,상해없음,이륜,남,17세,경상
2019110600100502,2019년 11월 6일 17시,수요일,충청남도 홍성군 구항면,경상사고,0,0,1,0,차대차 - 측면충돌,안전운전불이행,건조,맑음,단일로 - 기타,승용,남,25세,상해없음,농기계,남,79세,경상
2019110600100503,2019년 11월 6일 17시,수요일,충청남도 공주시 웅진동,경상사고,0,0,1,0,차대사람 - 횡단중,보행자보호의무위반,건조,맑음,교차로 - 교차로안,승용,남,55세,상해없음,보행자,여,59세,경상
2019110600100569,2019년 11월 6일 18시,수요일,충청남도 논산시 벌곡면,경상사고,0,0,1,0,차대차 - 추돌,안전거리미확보,건조,맑음,단일로 - 기타,화물,남,48세,상해없음,농기계,남,67세,경상
2019110600100570,2019년 11월 6일 18시,수요일,충청남도 논산시 상월면,사망사고,1,0,0,0,차대사람 - 횡단중,안전운전불이행,건조,맑음,단일로 - 기타,승용,여,50세,상해없음,보행자,여,88세,사망
2019110600100571,2019년 11월 6일 18시,수요일,충청남도 예산군 덕산면,중상사고,0,1,0,0,차대차 - 추돌,안전운전불이행,건조,기타,단일로 - 기타,승용,여,41세,기타불명,농기계,남,84세,중상
2019110600100629,2019년 11월 6일 19시,수요일,충청남도 당진시 수청리,경상사고,0,0,1,0,차대사람 - 기타,신호위반,건조,기타,교차로 - 교차로횡단보도내,이륜,남,45세,상해없음,보행자,남,46세,경상
2019110600100692,2019년 11월 6일 21시,수요일,충청남도 아산시 배방읍,경상사고,0,0,1,0,차대차 - 기타,안전운전불이행,건조,맑음,교차로 - 교차로부근,승용,여,26세,상해없음,승용,남,41세,상해없음
2019110600100723,2019년 11월 6일 22시,수요일,충청남도 서산시 성연면,중상사고,0,1,5,0,차대차 - 추돌,안전거리미확보,건조,맑음,교차로 - 교차로부근,화물,남,45세,상해없음,승용,남,57세,중상
2019110600100724,2019년 11월 6일 22시,수요일,충청남도 천안시 서북구 두정동,경상사고,0,0,1,0,차대차 - 추돌,안전운전불이행,건조,맑음,교차로 - 교차로안,승용,남,24세,상해없음,승용,여,24세,경상
2019110600100740,2019년 11월 6일 23시,수요일,충청남도 아산시 방축동,경상사고,0,0,1,0,차대차 - 기타,안전운전불이행,건조,맑음,단일로 - 기타,승용,남,32세,상해없음,이륜,남,28세,경상
2019110700100151,2019년 11월 7일 08시,목요일,충청남도 천안시 동남구 원성동,경상사고,0,0,1,0,차대차 - 측면충돌,안전운전불이행,건조,맑음,단일로 - 기타,화물,여,57세,상해없음,자전거,남,12세,경상
2019110700100195,2019년 11월 7일 09시,목요일,충청남도 홍성군 갈산면,경상사고,0,0,1,0,차대차 - 기타,중앙선침범,건조,맑음,단일로 - 기타,이륜,남,47세,상해없음,승용,여,64세,경상
2019110700100196,2019년 11월 7일 09시,목요일,충청남도 예산군 예산읍,경상사고,0,0,2,0,차대차 - 측면충돌,직진우회전진행방해,건조,맑음,교차로 - 교차로안,승용,여,35세,경상,승용,남,21세,경상
2019110700100227,2019년 11월 7일 10시,목요일,충청남도 천안시 서북구 쌍용동,경상사고,0,0,1,0,차대차 - 기타,교차로운행방법위반,건조,맑음,교차로 - 교차로안,승용,남,51세,상해없음,승용,여,55세,경상
2019110700100265,2019년 11월 7일 11시,목요일,충청남도 천안시 서북구 두정동,경상사고,0,0,1,0,차대차 - 기타,안전거리미확보,건조,맑음,단일로 - 기타,승용,남,69세,상해없음,승용,남,40세,경상
2019110700100266,2019년 11월 7일 11시,목요일,충청남도 부여군 구룡면,중상사고,0,1,0,0,차대차 - 정면충돌,중앙선침범,건조,맑음,단일로 - 기타,이륜,남,40세,중상,화물,남,36세,상해없음
2019110700100267,2019년 11월 7일 11시,목요일,충청남도 천안시 동남구 대흥동,중상사고,0,1,0,0,차대사람 - 횡단중,보행자보호의무위반,건조,맑음,단일로 - 기타,승용,남,58세,상해없음,보행자,여,71세,중상
2019110700100303,2019년 11월 7일 12시,목요일,충청남도 천안시 서북구 성환읍,경상사고,0,0,1,0,차대차 - 기타,안전운전불이행,건조,맑음,단일로 - 기타,화물,남,78세,상해없음,승합,남,51세,경상
2019110700100342,2019년 11월 7일 13시,목요일,충청남도 서천군 마서면,경상사고,0,0,1,0,차대차 - 측면충돌,기타,건조,맑음,교차로 - 교차로안,승합,남,65세,상해없음,승용,여,38세,경상
2019110700100343,2019년 11월 7일 13시,목요일,충청남도 서천군 장항읍,중상사고,0,1,1,1,차대차 - 측면충돌,직진우회전진행방해,건조,맑음,교차로 - 교차로안,승용,여,51세,부상신고,승용,여,59세,중상
2019110700100382,2019년 11월 7일 14시,목요일,충청남도 아산시 온천동,중상사고,0,1,0,0,차대사람 - 횡단중,보행자보호의무위반,건조,맑음,교차로 - 교차로횡단보도내,승용,남,57세,상해없음,보행자,여,81세,중상
2019110700100383,2019년 11월 7일 14시,목요일,충청남도 부여군 부여읍,중상사고,0,2,2,0,차대차 - 측면충돌,신호위반,건조,맑음,교차로 - 교차로안,승용,남,55세,상해없음,승용,남,68세,중상
2019110700100419,2019년 11월 7일 15시,목요일,충청남도 아산시 배방읍,부상신고사고,0,0,0,1,차대차 - 기타,안전운전불이행,건조,맑음,단일로 - 기타,승용,여,27세,상해없음,승합,남,61세,상해없음
2019110700100420,2019년 11월 7일 15시,목요일,충청남도 공주시 우성면,중상사고,0,2,0,0,차대차 - 추돌,신호위반,건조,맑음,교차로 - 교차로안,승용,남,42세,상해없음,승용,남,57세,중상
2019110700100467,2019년 11월 7일 16시,목요일,충청남도 예산군 삽교읍,경상사고,0,0,1,0,차대차 - 측면충돌,신호위반,건조,맑음,교차로 - 교차로안,승용,남,57세,상해없음,승용,여,48세,경상
2019110700100468,2019년 11월 7일 16시,목요일,충청남도 태안군 태안읍,중상사고,0,1,0,0,차대차 - 기타,안전운전불이행,건조,맑음,교차로 - 교차로안,승용,남,49세,상해없음,개인형이동수단(PM),여,62세,중상
2019110700100513,2019년 11월 7일 17시,목요일,충청남도 서산시 음암면,중상사고,0,1,0,0,차대차 - 측면충돌,직진우회전진행방해,건조,맑음,교차로 - 교차로안,화물,여,58세,상해없음,승용,여,26세,중상
2019110700100514,2019년 11월 7일 17시,목요일,충청남도 천안시 서북구 성정동,중상사고,0,1,0,0,차대차 - 정면충돌,안전운전불이행,건조,맑음,단일로 - 기타,승용,남,40세,상해없음,이륜,남,29세,중상
2019110700100569,2019년 11월 7일 18시,목요일,충청남도 서산시 예천동,중상사고,0,1,0,0,차대사람 - 횡단중,신호위반,건조,맑음,교차로 - 교차로횡단보도내,승용,여,38세,상해없음,보행자,남,7세,중상
2019110700100570,2019년 11월 7일 18시,목요일,충청남도 홍성군 홍성읍,중상사고,0,1,0,0,차대사람 - 횡단중,보행자보호의무위반,건조,맑음,교차로 - 교차로횡단보도내,승용,여,42세,상해없음,보행자,여,52세,중상
2019110700100635,2019년 11월 7일 19시,목요일,충청남도 서산시 인지면,경상사고,0,0,2,0,차대차 - 추돌,안전거리미확보,건조,맑음,단일로 - 기타,화물,남,51세,상해없음,승용,여,22세,경상
2019110700100636,2019년 11월 7일 19시,목요일,충청남도 천안시 서북구 두정동,경상사고,0,0,2,0,차대차 - 정면충돌,안전운전불이행,건조,맑음,교차로 - 교차로안,승용,남,64세,상해없음,승용,여,24세,경상
2019110700100637,2019년 11월 7일 19시,목요일,충청남도 보령시 동대동,중상사고,0,1,0,0,차대사람 - 보도통행중,보행자보호의무위반,건조,맑음,교차로 - 교차로안,승용,여,51세,상해없음,보행자,남,44세,중상
2019110700100638,2019년 11월 7일 19시,목요일,충청남도 천안시 동남구 목천읍,경상사고,0,0,2,0,차대차 - 후진중충돌,불법유턴,건조,맑음,교차로 - 교차로안,승용,남,45세,상해없음,승용,남,26세,경상
2019110700100679,2019년 11월 7일 20시,목요일,충청남도 천안시 서북구 백석동,경상사고,0,0,1,0,차대차 - 정면충돌,안전운전불이행,건조,맑음,교차로 - 교차로안,승용,남,46세,상해없음,승용,남,37세,경상
2019110700100680,2019년 11월 7일 20시,목요일,충청남도 홍성군 갈산면,중상사고,0,1,1,0,차대차 - 정면충돌,중앙선침범,건조,맑음,단일로 - 기타,승용,여,68세,경상,승용,여,58세,중상
2019110700100710,2019년 11월 7일 21시,목요일,충청남도 아산시 배방읍,부상신고사고,0,0,0,1,차대차 - 추돌,안전운전불이행,건조,맑음,단일로 - 기타,승용,남,26세,상해없음,승용,여,37세,부상신고
2019110700100711,2019년 11월 7일 21시,목요일,충청남도 아산시 배방읍,경상사고,0,0,2,0,차대차 - 기타,안전운전불이행,건조,맑음,단일로 - 기타,승용,여,51세,기타불명,승용,여,49세,경상
2019110700100745,2019년 11월 7일 22시,목요일,충청남도 아산시 둔포면,중상사고,0,1,1,0,차대차 - 추돌,안전운전불이행,건조,맑음,교차로 - 교차로부근,승용,남,40세,상해없음,승용,남,50세,경상
2019110800100026,2019년 11월 8일 00시,금요일,충청남도 천안시 서북구 성환읍,경상사고,0,0,3,0,차대차 - 측면충돌,안전거리미확보,건조,맑음,단일로 - 기타,이륜,남,13세,경상,승용,남,61세,경상
2019110800100027,2019년 11월 8일 00시,금요일,충청남도 천안시 서북구 업성동,중상사고,0,1,1,0,차대차 - 추돌,안전운전불이행,건조,맑음,교차로 - 교차로부근,승용,남,43세,상해없음,승용,남,40세,중상
2019110800100028,2019년 11월 8일 00시,금요일,충청남도 홍성군 홍성읍,경상사고,0,0,1,0,차대차 - 측면충돌,안전운전불이행,건조,맑음,교차로 - 교차로안,승용,남,27세,상해없음,승용,남,42세,상해없음
2019110800100041,2019년 11월 8일 01시,금요일,충청남도 아산시 배방읍,경상사고,0,0,1,0,차대차 - 기타,안전운전불이행,건조,맑음,단일로 - 기타,승용,남,28세,상해없음,승용,남,48세,상해없음
2019110800100062,2019년 11월 8일 03시,금요일,충청남도 아산시 온천동,중상사고,0,1,0,0,차대사람 - 기타,안전운전불이행,건조,맑음,단일로 - 기타,승합,남,39세,상해없음,보행자,여,41세,중상
2019110800100075,2019년 11월 8일 05시,금요일,충청남도 금산군 금산읍,경상사고,0,0,1,0,차대차 - 추돌,안전운전불이행,젖음/습기,안개,교차로 - 교차로부근,승용,남,64세,상해없음,승용,남,56세,경상
2019110800100092,2019년 11월 8일 06시,금요일,충청남도 천안시 서북구 성정동,중상사고,0,1,0,0,차대사람 - 횡단중,안전운전불이행,건조,맑음,교차로 - 교차로안,승합,남,46세,상해없음,보행자,여,56세,중상
2019110800100093,2019년 11월 8일 06시,금요일,충청남도 공주시 석장리동,중상사고,0,2,0,0,차대차 - 추돌,안전운전불이행,젖음/습기,안개,단일로 - 기타,승용,남,51세,중상,농기계,남,59세,중상
2019110800100116,2019년 11월 8일 07시,금요일,충청남도 천안시 서북구 직산읍,경상사고,0,0,1,0,차대차 - 정면충돌,안전운전불이행,건조,맑음,단일로 - 기타,승용,남,27세,상해없음,승용,여,52세,경상
2019110800100170,2019년 11월 8일 08시,금요일,충청남도 홍성군 홍성읍,중상사고,0,1,0,0,차대사람 - 횡단중,보행자보호의무위반,건조,맑음,단일로 - 기타,승용,남,51세,상해없음,보행자,여,7세,중상
2019110800100171,2019년 11월 8일 08시,금요일,충청남도 아산시 권곡동,중상사고,0,1,0,0,차대차 - 기타,안전운전불이행,건조,맑음,단일로 - 기타,승용,남,36세,상해없음,승합,남,39세,중상
2019110800100172,2019년 11월 8일 08시,금요일,충청남도 보령시 대천동,중상사고,0,1,0,0,차대사람 - 기타,안전운전불이행,건조,맑음,단일로 - 기타,승용,남,46세,상해없음,보행자,남,73세,중상
2019110800100173,2019년 11월 8일 08시,금요일,충청남도 태안군 태안읍,경상사고,0,0,1,0,차대차 - 후진중충돌,안전운전불이행,건조,맑음,주차장 - 주차장,화물,남,49세,상해없음,승용,남,55세,경상
2019110800100228,2019년 11월 8일 09시,금요일,충청남도 공주시 정안면,경상사고,0,0,2,0,차대차 - 후진중충돌,안전운전불이행,건조,맑음,단일로 - 기타,건설기계,남,65세,상해없음,승용,여,59세,경상
2019110800100266,2019년 11월 8일 10시,금요일,충청남도 서천군 장항읍,경상사고,0,0,1,0,차대차 - 측면충돌,안전운전불이행,건조,맑음,단일로 - 기타,건설기계,남,64세,상해없음,승용,남,59세,경상
2019110800100267,2019년 11월 8일 10시,금요일,충청남도 청양군 청양읍,경상사고,0,0,1,0,차대차 - 기타,안전운전불이행,건조,맑음,교차로 - 교차로안,화물,남,54세,상해없음,화물,남,69세,경상
2019110800100268,2019년 11월 8일 10시,금요일,충청남도 천안시 동남구 광덕면,중상사고,0,2,0,0,차대차 - 추돌,안전운전불이행,건조,맑음,단일로 - 기타,승용,남,38세,상해없음,화물,남,51세,중상
2019110800100292,2019년 11월 8일 11시,금요일,충청남도 서산시 음암면,경상사고,0,0,2,0,차대차 - 추돌,안전운전불이행,건조,맑음,단일로 - 기타,승용,남,31세,경상,승용,남,45세,상해없음
2019110800100293,2019년 11월 8일 11시,금요일,충청남도 천안시 서북구 성성동,경상사고,0,0,1,0,차대차 - 정면충돌,안전운전불이행,건조,맑음,교차로 - 교차로안,승용,남,24세,상해없음,화물,남,60세,경상
2019110800100294,2019년 11월 8일 11시,금요일,충청남도 천안시 서북구 쌍용동,경상사고,0,0,1,0,차대차 - 측면충돌,안전운전불이행,건조,맑음,교차로 - 교차로안,승용,남,55세,상해없음,이륜,남,24세,경상
2019110800100334,2019년 11월 8일 12시,금요일,충청남도 천안시 동남구 대흥동,경상사고,0,0,1,0,차대차 - 측면충돌,중앙선침범,건조,맑음,단일로 - 지하차도(도로)내,승용,남,36세,상해없음,승합,남,50세,경상
2019110800100335,2019년 11월 8일 12시,금요일,충청남도 천안시 동남구 신부동,경상사고,0,0,2,0,차대차 - 기타,안전운전불이행,건조,맑음,교차로 - 교차로안,승합,여,41세,상해없음,승용,여,55세,경상
2019110800100371,2019년 11월 8일 13시,금요일,충청남도 보령시 대천동,경상사고,0,0,1,0,차대사람 - 횡단중,보행자보호의무위반,건조,맑음,교차로 - 교차로횡단보도내,승용,여,65세,상해없음,보행자,여,47세,경상
2019110800100416,2019년 11월 8일 14시,금요일,충청남도 천안시 서북구 백석동,경상사고,0,0,1,0,차대차 - 기타,안전운전불이행,건조,맑음,단일로 - 기타,기타불명,기타불명,미분류,기타불명,이륜,남,43세,경상
2019110800100417,2019년 11월 8일 14시,금요일,충청남도 당진시 순성면,경상사고,0,0,1,0,차대차 - 정면충돌,신호위반,건조,맑음,교차로 - 교차로안,승용,남,84세,상해없음,화물,남,60세,경상
2019110800100418,2019년 11월 8일 14시,금요일,충청남도 당진시 고대면,경상사고,0,0,1,0,차대차 - 정면충돌,중앙선침범,건조,맑음,단일로 - 기타,승용,남,50세,상해없음,화물,남,65세,경상
2019110800100462,2019년 11월 8일 15시,금요일,충청남도 논산시 대교동,중상사고,0,1,0,0,차대사람 - 길가장자리구역통행중,안전운전불이행,건조,맑음,단일로 - 기타,승용,남,66세,상해없음,보행자,여,86세,중상
2019110800100463,2019년 11월 8일 15시,금요일,충청남도 서천군 서천읍,중상사고,0,1,0,0,차대사람 - 차도통행중,안전운전불이행,건조,맑음,단일로 - 기타,특수,남,47세,상해없음,보행자,남,47세,중상
2019110800100464,2019년 11월 8일 15시,금요일,충청남도 천안시 동남구 목천읍,경상사고,0,0,1,0,차대차 - 추돌,안전거리미확보,건조,맑음,기타 - 기타,승용,남,71세,상해없음,승용,남,54세,경상
2019110800100465,2019년 11월 8일 15시,금요일,충청남도 천안시 동남구 풍세면,경상사고,0,0,1,0,차대차 - 추돌,안전거리미확보,건조,맑음,교차로 - 교차로안,승용,남,42세,상해없음,승용,여,52세,경상
2019110800100508,2019년 11월 8일 16시,금요일,충청남도 천안시 서북구 성환읍,경상사고,0,0,2,0,차대차 - 측면충돌,직진우회전진행방해,건조,맑음,교차로 - 교차로안,승용,남,21세,상해없음,승용,여,35세,경상
2019110800100509,2019년 11월 8일 16시,금요일,충청남도 부여군 내산면,중상사고,0,2,1,0,차대차 - 추돌,안전운전불이행,건조,맑음,단일로 - 기타,승용,여,70세,경상,농기계,남,67세,중상
2019110800100559,2019년 11월 8일 17시,금요일,충청남도 논산시 성동면,경상사고,0,0,2,0,차대차 - 측면충돌,기타,건조,맑음,교차로 - 교차로안,승합,남,39세,상해없음,승용,여,48세,경상
2019110800100621,2019년 11월 8일 18시,금요일,충청남도 서산시 성연면,중상사고,0,1,0,0,차대사람 - 차도통행중,보행자보호의무위반,건조,맑음,단일로 - 기타,승용,여,37세,상해없음,보행자,여,7세,중상
2019110800100622,2019년 11월 8일 18시,금요일,충청남도 서산시 예천동,중상사고,0,1,1,0,차대차 - 측면충돌,안전운전불이행,건조,맑음,교차로 - 교차로안,승용,남,25세,중상,승용,남,22세,경상
2019110800100623,2019년 11월 8일 18시,금요일,충청남도 천안시 서북구 성거읍,중상사고,0,1,0,0,차대차 - 추돌,안전거리미확보,건조,맑음,단일로 - 기타,승용,여,47세,상해없음,승용,여,39세,중상