사고번호,사고일시,요일,시군구,사고내용,사망자수,중상자수,경상자수,부상신고자수,사고유형,법규위반,노면상태,기상상태,도로형태,가해운전자 차종,가해운전자 성별,가해운전자 연령,가해운전자 상해정도,피해운전자 차종,피해운전자 성별,피해운전자 연령,피해운전자 상해정도
2019110800100624,2019년 11월 8일 18시,금요일,충청남도 논산시 은진면,중상사고,0,1,1,0,차대사람 - 횡단중,안전운전불이행,건조,맑음,단일로 - 기타,이륜,남,64세,경상,보행자,여,75세,중상
2019110800100625,2019년 11월 8일 18시,금요일,충청남도 예산군 오가면,중상사고,0,1,0,0,차대차 - 측면충돌,신호위반,건조,맑음,교차로 - 교차로안,승용,남,34세,상해없음,승용,여,27세,중상
2019110800100626,2019년 11월 8일 18시,금요일,충청남도 예산군 오가면,중상사고,0,1,2,0,차대차 - 추돌,안전거리미확보,건조,맑음,단일로 - 기타,승용,여,43세,경상,승용,여,53세,상해없음
2019110800100627,2019년 11월 8일 18시,금요일,충청남도 천안시 동남구 구성동,경상사고,0,0,1,0,차대사람 - 기타,보행자보호의무위반,건조,맑음,단일로 - 기타,승용,남,29세,상해없음,보행자,남,77세,경상
2019110800100700,2019년 11월 8일 19시,금요일,충청남도 천안시 서북구 쌍용동,부상신고사고,0,0,0,1,차대차 - 측면충돌,안전운전불이행,건조,맑음,교차로 - 교차로안,이륜,남,58세,상해없음,이륜,남,33세,부상신고
2019110800100701,2019년 11월 8일 19시,금요일,충청남도 서천군 마서면,중상사고,0,1,0,0,차량단독 - 전도전복 - 전도,안전운전불이행,건조,맑음,단일로 - 기타,이륜,남,54세,중상,,,,
2019110800100739,2019년 11월 8일 20시,금요일,충청남도 천안시 서북구 성환읍,경상사고,0,0,1,0,차대차 - 기타,안전운전불이행,건조,맑음,교차로 - 교차로안,화물,남,47세,상해없음,화물,남,47세,경상
2019110800100814,2019년 11월 8일 22시,금요일,충청남도 논산시 은진면,중상사고,0,1,0,0,차량단독 - 전도전복 - 전도,안전운전불이행,건조,맑음,단일로 - 기타,이륜,남,18세,중상,,,,
2019110800100815,2019년 11월 8일 22시,금요일,충청남도 아산시 배방읍,중상사고,0,1,0,0,차대사람 - 횡단중,안전운전불이행,건조,맑음,교차로 - 교차로안,화물,남,43세,상해없음,보행자,남,14세,중상
2019110800100816,2019년 11월 8일 22시,금요일,충청남도 공주시 금흥동,경상사고,0,0,1,0,차대사람 - 횡단중,신호위반,건조,맑음,교차로 - 교차로부근,승용,남,52세,상해없음,보행자,남,57세,경상
2019110800100817,2019년 11월 8일 22시,금요일,충청남도 예산군 예산읍,경상사고,0,0,1,0,차대차 - 정면충돌,신호위반,건조,맑음,교차로 - 교차로안,승용,남,51세,상해없음,승용,남,39세,경상
2019110900100030,2019년 11월 9일 00시,토요일,충청남도 천안시 서북구 성정동,부상신고사고,0,0,0,1,차량단독 - 기타,안전운전불이행,건조,맑음,단일로 - 기타,이륜,남,18세,부상신고,,,,
2019110900100091,2019년 11월 9일 04시,토요일,충청남도 공주시 신관동,경상사고,0,0,1,0,차대차 - 측면충돌,신호위반,건조,맑음,교차로 - 교차로안,승용,남,54세,기타불명,승용,남,57세,경상
2019110900100116,2019년 11월 9일 06시,토요일,충청남도 서산시 수석동,경상사고,0,0,2,0,차대차 - 측면충돌,신호위반,건조,맑음,교차로 - 교차로안,승용,남,54세,경상,승용,남,23세,상해없음
2019110900100117,2019년 11월 9일 06시,토요일,충청남도 태안군 안면읍,경상사고,0,0,2,1,차대차 - 정면충돌,중앙선침범,건조,맑음,단일로 - 기타,승용,남,35세,부상신고,화물,남,27세,경상
2019110900100128,2019년 11월 9일 07시,토요일,충청남도 공주시 금성동,중상사고,0,1,2,0,차대차 - 측면충돌,신호위반,건조,맑음,교차로 - 교차로안,승용,남,25세,기타불명,승용,남,50세,경상
2019110900100184,2019년 11월 9일 09시,토요일,충청남도 천안시 동남구 봉명동,경상사고,0,0,1,0,차대차 - 기타,안전운전불이행,건조,맑음,교차로 - 교차로안,승용,남,29세,경상,승용,남,50세,상해없음
2019110900100227,2019년 11월 9일 10시,토요일,충청남도 서산시 지곡면,경상사고,0,0,2,0,차대차 - 기타,안전운전불이행,건조,맑음,단일로 - 기타,승용,남,34세,경상,화물,남,47세,경상
2019110900100228,2019년 11월 9일 10시,토요일,충청남도 보령시 주교면,사망사고,1,1,2,0,차대사람 - 기타,과속,건조,맑음,기타 - 기타,승용,남,67세,상해없음,보행자,남,66세,사망
2019110900100262,2019년 11월 9일 11시,토요일,충청남도 논산시 은진면,경상사고,0,0,2,0,차대차 - 측면충돌,교차로운행방법위반,건조,맑음,교차로 - 교차로안,승용,여,54세,상해없음,승용,남,62세,경상
2019110900100263,2019년 11월 9일 11시,토요일,충청남도 청양군 목면,사망사고,1,0,0,0,차량단독 - 전도전복 - 전도,안전운전불이행,건조,맑음,기타 - 기타,농기계,남,77세,사망,,,,
2019110900100314,2019년 11월 9일 12시,토요일,충청남도 보령시 명천동,경상사고,0,0,3,0,차대차 - 기타,직진우회전진행방해,건조,맑음,교차로 - 교차로안,승용,남,47세,경상,승용,남,23세,경상
2019110900100315,2019년 11월 9일 12시,토요일,충청남도 부여군 홍산면,중상사고,0,1,0,0,차대차 - 측면충돌,중앙선침범,건조,맑음,교차로 - 교차로안,자전거,여,71세,중상,승용,남,69세,상해없음
2019110900100316,2019년 11월 9일 12시,토요일,충청남도 천안시 동남구 사직동,경상사고,0,0,1,0,차대차 - 측면충돌,안전운전불이행,건조,맑음,교차로 - 교차로부근,승용,남,33세,상해없음,승용,여,53세,경상
2019110900100359,2019년 11월 9일 13시,토요일,충청남도 보령시 대천동,중상사고,0,2,1,0,차대차 - 기타,직진우회전진행방해,건조,맑음,교차로 - 교차로안,승용,남,50세,상해없음,승용,여,40세,중상
2019110900100406,2019년 11월 9일 14시,토요일,충청남도 서천군 장항읍,경상사고,0,0,2,0,차대차 - 측면충돌,교차로운행방법위반,건조,맑음,교차로 - 교차로안,화물,남,32세,경상,승용,남,61세,경상
2019110900100407,2019년 11월 9일 14시,토요일,충청남도 공주시 정안면,경상사고,0,0,1,0,차대차 - 기타,안전운전불이행,건조,맑음,단일로 - 기타,승용,남,20세,상해없음,특수,남,47세,경상
2019110900100408,2019년 11월 9일 14시,토요일,충청남도 공주시 유구읍,중상사고,0,2,3,0,차대차 - 측면충돌,중앙선침범,건조,맑음,단일로 - 기타,승용,남,33세,경상,승용,남,51세,중상
2019110900100409,2019년 11월 9일 14시,토요일,충청남도 태안군 소원면,경상사고,0,0,3,0,차대차 - 추돌,안전운전불이행,건조,맑음,교차로 - 교차로부근,승용,남,66세,상해없음,승용,여,30세,경상
2019110900100410,2019년 11월 9일 14시,토요일,충청남도 천안시 동남구 목천읍,경상사고,0,0,1,0,차대차 - 추돌,안전운전불이행,건조,맑음,기타 - 기타,승합,남,70세,상해없음,승용,남,26세,경상
2019110900100460,2019년 11월 9일 15시,토요일,충청남도 보령시 궁촌동,경상사고,0,0,1,0,차대차 - 기타,직진우회전진행방해,건조,맑음,교차로 - 교차로안,승용,여,63세,상해없음,이륜,남,49세,경상
2019110900100461,2019년 11월 9일 15시,토요일,충청남도 당진시 순성면,경상사고,0,0,1,0,차대차 - 측면충돌,중앙선침범,건조,맑음,교차로 - 교차로안,승용,남,58세,상해없음,승용,여,45세,경상
2019110900100462,2019년 11월 9일 15시,토요일,충청남도 천안시 동남구 유량동,중상사고,0,1,0,0,차대차 - 기타,교차로운행방법위반,건조,맑음,교차로 - 교차로안,승용,여,22세,상해없음,이륜,남,32세,중상
2019110900100496,2019년 11월 9일 16시,토요일,충청남도 보령시 남곡동,경상사고,0,0,1,0,차대차 - 기타,안전운전불이행,건조,맑음,교차로 - 교차로안,승용,남,65세,상해없음,화물,남,51세,경상
2019110900100536,2019년 11월 9일 17시,토요일,충청남도 예산군 예산읍,중상사고,0,1,0,0,차대차 - 측면충돌,중앙선침범,건조,맑음,단일로 - 기타,승용,여,33세,상해없음,이륜,남,18세,중상
2019110900100597,2019년 11월 9일 18시,토요일,충청남도 공주시 유구읍,경상사고,0,0,4,0,차대차 - 추돌,안전운전불이행,젖음/습기,맑음,교차로 - 교차로부근,승용,여,29세,경상,승용,여,47세,경상
2019110900100641,2019년 11월 9일 19시,토요일,충청남도 보령시 주교면,중상사고,0,1,0,0,차대사람 - 기타,안전운전불이행,건조,맑음,단일로 - 기타,승용,남,23세,상해없음,보행자,남,58세,중상
2019110900100667,2019년 11월 9일 20시,토요일,충청남도 천안시 서북구 불당동,경상사고,0,0,2,0,차대차 - 후진중충돌,안전운전불이행,건조,맑음,단일로 - 기타,승용,남,26세,상해없음,승용,여,35세,경상
2019110900100692,2019년 11월 9일 21시,토요일,충청남도 천안시 서북구 쌍용동,경상사고,0,0,1,0,차대차 - 기타,안전운전불이행,건조,맑음,단일로 - 기타,승용,남,39세,상해없음,승합,남,50세,상해없음
2019110900100693,2019년 11월 9일 21시,토요일,충청남도 예산군 예산읍,경상사고,0,0,4,0,차대차 - 추돌,안전운전불이행,건조,맑음,교차로 - 교차로부근,승용,남,43세,상해없음,승용,남,24세,경상
2019110900100694,2019년 11월 9일 21시,토요일,충청남도 태안군 안면읍,경상사고,0,0,2,0,차대차 - 추돌,안전운전불이행,건조,맑음,교차로 - 교차로부근,화물,남,50세,상해없음,승용,남,27세,경상
2019110900100716,2019년 11월 9일 22시,토요일,충청남도 공주시 신관동,부상신고사고,0,0,0,1,차대차 - 기타,직진우회전진행방해,건조,맑음,교차로 - 교차로안,승용,남,27세,상해없음,승용,남,26세,부상신고
2019110900100730,2019년 11월 9일 23시,토요일,충청남도 당진시 신평면,경상사고,0,0,2,0,차대차 - 추돌,안전운전불이행,건조,맑음,단일로 - 기타,승용,남,46세,상해없음,승용,여,53세,경상
2019111000100060,2019년 11월 10일 02시,일요일,충청남도 천안시 서북구 불당동,경상사고,0,0,1,0,차대차 - 기타,안전운전불이행,건조,맑음,단일로 - 기타,승용,여,41세,상해없음,승용,여,30세,기타불명
2019111000100104,2019년 11월 10일 06시,일요일,충청남도 천안시 동남구 신방동,경상사고,0,0,1,0,차대사람 - 횡단중,안전운전불이행,건조,맑음,교차로 - 교차로안,승용,남,31세,상해없음,보행자,남,18세,경상
2019111000100116,2019년 11월 10일 07시,일요일,충청남도 서산시 동문동,중상사고,0,1,0,0,차대사람 - 기타,과속,건조,맑음,단일로 - 기타,승용,남,16세,상해없음,보행자,여,77세,중상
2019111000100130,2019년 11월 10일 08시,일요일,충청남도 당진시 송악읍,경상사고,0,0,1,0,차대차 - 측면충돌,신호위반,건조,맑음,교차로 - 교차로안,화물,남,50세,상해없음,승용,남,60세,경상
2019111000100152,2019년 11월 10일 09시,일요일,충청남도 천안시 서북구 성정동,경상사고,0,0,1,0,차대차 - 추돌,안전운전불이행,건조,맑음,단일로 - 기타,이륜,남,16세,경상,승합,남,52세,상해없음
2019111000100173,2019년 11월 10일 10시,일요일,충청남도 서천군 한산면,경상사고,0,0,1,0,차대차 - 후진중충돌,안전운전불이행,건조,맑음,교차로 - 교차로안,승용,여,42세,상해없음,이륜,남,82세,경상
2019111000100196,2019년 11월 10일 11시,일요일,충청남도 서산시 석림동,경상사고,0,0,1,0,차대차 - 측면충돌,신호위반,건조,맑음,교차로 - 교차로안,승합,남,40세,상해없음,승용,남,32세,경상
2019111000100197,2019년 11월 10일 11시,일요일,충청남도 부여군 부여읍,중상사고,0,1,0,0,차대차 - 측면충돌,안전운전불이행,건조,맑음,교차로 - 교차로안,승용,남,34세,상해없음,승용,남,51세,상해없음
2019111000100198,2019년 11월 10일 11시,일요일,충청남도 태안군 남면,중상사고,0,2,0,0,차대차 - 측면충돌,신호위반,건조,맑음,교차로 - 교차로안,승용,여,28세,상해없음,승용,남,62세,중상
2019111000100241,2019년 11월 10일 13시,일요일,충청남도 천안시 서북구 성정동,중상사고,0,1,1,0,차대차 - 정면충돌,신호위반,건조,맑음,교차로 - 교차로부근,이륜,남,23세,경상,승용,여,30세,중상
2019111000100242,2019년 11월 10일 13시,일요일,충청남도 천안시 서북구 불당동,경상사고,0,0,1,0,차대차 - 추돌,안전거리미확보,건조,맑음,단일로 - 기타,승용,남,33세,상해없음,승용,남,29세,경상
2019111000100243,2019년 11월 10일 13시,일요일,충청남도 논산시 내동,경상사고,0,0,1,0,차량단독 - 공작물충돌,안전운전불이행,건조,맑음,교차로 - 교차로부근,승용,남,49세,경상,,,,
2019111000100244,2019년 11월 10일 13시,일요일,충청남도 아산시 둔포면,경상사고,0,0,1,0,차대차 - 후진중충돌,안전운전불이행,건조,맑음,단일로 - 기타,승용,여,56세,상해없음,승용,여,45세,경상
2019111000100302,2019년 11월 10일 15시,일요일,충청남도 아산시 탕정면,경상사고,0,0,1,2,차대차 - 추돌,안전운전불이행,건조,맑음,교차로 - 교차로부근,승용,남,60세,상해없음,승용,남,38세,부상신고
2019111000100303,2019년 11월 10일 15시,일요일,충청남도 천안시 동남구 청수동,부상신고사고,0,0,0,1,차대차 - 측면충돌,안전거리미확보,건조,맑음,단일로 - 기타,승용,여,44세,상해없음,승용,여,58세,부상신고
2019111000100327,2019년 11월 10일 16시,일요일,충청남도 아산시 영인면,사망사고,1,0,0,0,차량단독 - 공작물충돌,안전운전불이행,건조,맑음,단일로 - 기타,승용,남,52세,상해없음,,,,
2019111000100328,2019년 11월 10일 16시,일요일,충청남도 부여군 홍산면,경상사고,0,0,1,0,차대차 - 추돌,안전운전불이행,건조,맑음,단일로 - 기타,이륜,여,75세,경상,농기계,남,62세,상해없음
2019111000100362,2019년 11월 10일 17시,일요일,충청남도 서산시 대산읍,중상사고,0,1,0,0,차대사람 - 횡단중,보행자보호의무위반,젖음/습기,비,단일로 - 기타,승용,남,63세,상해없음,보행자,남,9세,중상
2019111000100363,2019년 11월 10일 17시,일요일,충청남도 보령시 명천동,중상사고,0,1,0,0,차대사람 - 횡단중,보행자보호의무위반,젖음/습기,맑음,교차로 - 교차로안,승합,남,45세,상해없음,보행자,남,57세,중상
2019111000100364,2019년 11월 10일 17시,일요일,충청남도 부여군 부여읍,경상사고,0,0,1,0,차대차 - 측면충돌,안전운전불이행,건조,맑음,교차로 - 교차로부근,승용,여,32세,상해없음,이륜,남,55세,경상
2019111000100413,2019년 11월 10일 18시,일요일,충청남도 서산시 동문동,중상사고,0,1,0,0,차대사람 - 횡단중,보행자보호의무위반,젖음/습기,비,교차로 - 교차로횡단보도내,승용,남,32세,상해없음,보행자,남,17세,중상
2019111000100414,2019년 11월 10일 18시,일요일,충청남도 아산시 인주면,경상사고,0,0,1,0,차대차 - 기타,안전운전불이행,젖음/습기,비,교차로 - 교차로안,승용,남,41세,상해없음,화물,남,63세,경상
2019111000100415,2019년 11월 10일 18시,일요일,충청남도 아산시 용화동,경상사고,0,0,1,0,차대차 - 측면충돌,교차로운행방법위반,젖음/습기,비,교차로 - 교차로안,승용,여,48세,상해없음,이륜,남,36세,경상
2019111000100416,2019년 11월 10일 18시,일요일,충청남도 아산시 둔포면,경상사고,0,0,1,0,차대차 - 기타,안전운전불이행,젖음/습기,비,단일로 - 기타,승용,남,67세,상해없음,승용,남,53세,경상
2019111000100417,2019년 11월 10일 18시,일요일,충청남도 천안시 동남구 북면,중상사고,0,1,0,0,차대차 - 정면충돌,중앙선침범,건조,맑음,단일로 - 기타,이륜,남,40세,중상,건설기계,남,61세,상해없음
2019111000100484,2019년 11월 10일 19시,일요일,충청남도 천안시 동남구 신방동,경상사고,0,0,1,0,차대차 - 측면충돌,직진우회전진행방해,젖음/습기,비,교차로 - 교차로안,승용,남,38세,상해없음,이륜,남,28세,경상
2019111000100547,2019년 11월 10일 20시,일요일,충청남도 논산시 반월동,부상신고사고,0,0,0,1,차대차 - 측면충돌,기타,젖음/습기,비,단일로 - 기타,이륜,남,15세,부상신고,승용,남,55세,상해없음
2019111000100578,2019년 11월 10일 21시,일요일,충청남도 서산시 음암면,경상사고,0,0,3,0,차대차 - 측면충돌,차로위반,젖음/습기,비,단일로 - 기타,승용,남,58세,상해없음,승용,여,44세,경상
2019111000100579,2019년 11월 10일 21시,일요일,충청남도 서산시 읍내동,부상신고사고,0,0,0,1,차대차 - 측면충돌,안전운전불이행,젖음/습기,비,교차로 - 교차로부근,승용,남,50세,상해없음,이륜,남,37세,부상신고
2019111000100580,2019년 11월 10일 21시,일요일,충청남도 천안시 동남구 원성동,경상사고,0,0,3,0,차대차 - 추돌,안전운전불이행,건조,맑음,단일로 - 기타,승용,남,42세,상해없음,승용,남,30세,경상
2019111000100612,2019년 11월 10일 22시,일요일,충청남도 천안시 서북구 성정동,경상사고,0,0,2,0,차대차 - 측면충돌,교차로운행방법위반,건조,맑음,교차로 - 교차로안,승용,남,47세,경상,승용,남,36세,경상
2019111000100613,2019년 11월 10일 22시,일요일,충청남도 아산시 용화동,경상사고,0,0,2,0,차대차 - 측면충돌,중앙선침범,젖음/습기,비,교차로 - 교차로부근,승용,남,31세,상해없음,승용,남,49세,경상
2019111000100614,2019년 11월 10일 22시,일요일,충청남도 천안시 동남구 신부동,경상사고,0,0,1,0,차대차 - 후진중충돌,안전운전불이행,젖음/습기,비,단일로 - 기타,승용,남,59세,상해없음,승용,남,62세,상해없음
2019111000100641,2019년 11월 10일 23시,일요일,충청남도 천안시 서북구 성정동,경상사고,0,0,1,0,차대사람 - 횡단중,신호위반,젖음/습기,비,교차로 - 교차로안,승용,남,65세,상해없음,보행자,여,21세,경상
2019111000100642,2019년 11월 10일 23시,일요일,충청남도 아산시 배방읍,경상사고,0,0,1,0,차대차 - 측면충돌,안전운전불이행,젖음/습기,비,교차로 - 교차로부근,승용,남,49세,상해없음,화물,남,36세,경상
2019111100100089,2019년 11월 11일 06시,월요일,충청남도 청양군 청양읍,사망사고,1,0,0,0,차대사람 - 횡단중,안전운전불이행,젖음/습기,흐림,교차로 - 교차로안,승용,남,79세,상해없음,보행자,남,64세,사망
2019111100100115,2019년 11월 11일 07시,월요일,충청남도 공주시 반포면,경상사고,0,0,1,0,차대차 - 측면충돌,안전운전불이행,건조,맑음,단일로 - 기타,승용,남,52세,상해없음,승용,남,61세,경상
2019111100100161,2019년 11월 11일 08시,월요일,충청남도 아산시 용화동,경상사고,0,0,2,0,차대차 - 기타,신호위반,젖음/습기,비,교차로 - 교차로안,승용,여,38세,경상,승용,남,28세,경상
2019111100100162,2019년 11월 11일 08시,월요일,충청남도 당진시 정미면,경상사고,0,0,3,0,차대차 - 추돌,과속,건조,맑음,단일로 - 기타,승용,여,38세,상해없음,승용,남,40세,경상
2019111100100163,2019년 11월 11일 08시,월요일,충청남도 천안시 동남구 신부동,경상사고,0,0,1,0,차대사람 - 기타,보행자보호의무위반,건조,맑음,교차로 - 교차로횡단보도내,기타불명,기타불명,미분류,기타불명,보행자,여,24세,경상
2019111100100208,2019년 11월 11일 09시,월요일,충청남도 서천군 화양면,경상사고,0,0,1,0,차대차 - 정면충돌,중앙선침범,젖음/습기,맑음,단일로 - 기타,승용,남,26세,상해없음,화물,남,42세,경상
2019111100100249,2019년 11월 11일 10시,월요일,충청남도 서천군 서천읍,중상사고,0,1,0,0,차대사람 - 횡단중,안전운전불이행,건조,맑음,교차로 - 교차로안,화물,남,63세,상해없음,보행자,여,82세,중상
2019111100100289,2019년 11월 11일 11시,월요일,충청남도 천안시 서북구 불당동,경상사고,0,0,1,0,차대차 - 기타,신호위반,건조,맑음,단일로 - 기타,승용,여,59세,상해없음,승용,여,53세,경상
2019111100100290,2019년 11월 11일 11시,월요일,충청남도 아산시 염치읍,경상사고,0,0,1,0,차대차 - 정면충돌,중앙선침범,건조,맑음,단일로 - 기타,승용,여,47세,경상,특수,남,35세,기타불명
2019111100100291,2019년 11월 11일 11시,월요일,충청남도 천안시 동남구 안서동,경상사고,0,0,1,0,차대차 - 추돌,안전운전불이행,건조,맑음,교차로 - 교차로부근,승용,여,52세,상해없음,승용,남,48세,경상
2019111100100367,2019년 11월 11일 13시,월요일,충청남도 서천군 문산면,중상사고,0,2,0,0,차량단독 - 공작물충돌,안전운전불이행,건조,맑음,단일로 - 기타,승용,남,68세,중상,,,,
2019111100100368,2019년 11월 11일 13시,월요일,충청남도 예산군 예산읍,경상사고,0,0,1,0,차대차 - 정면충돌,안전운전불이행,건조,맑음,교차로 - 교차로안,화물,남,64세,기타불명,승용,남,48세,경상
2019111100100410,2019년 11월 11일 14시,월요일,충청남도 논산시 강경읍,경상사고,0,0,1,0,차대차 - 기타,중앙선침범,건조,맑음,단일로 - 기타,승용,남,76세,상해없음,이륜,남,59세,경상
2019111100100411,2019년 11월 11일 14시,월요일,충청남도 아산시 음봉면,중상사고,0,3,0,0,차대차 - 기타,안전운전불이행,건조,맑음,단일로 - 기타,승용,남,36세,상해없음,승용,여,36세,중상
2019111100100491,2019년 11월 11일 16시,월요일,충청남도 예산군 예산읍,중상사고,0,1,0,0,차대차 - 추돌,안전거리미확보,건조,맑음,단일로 - 기타,건설기계,남,39세,상해없음,화물,남,40세,중상
2019111100100542,2019년 11월 11일 17시,월요일,충청남도 서산시 팔봉면,부상신고사고,0,0,0,1,차량단독 - 도로외이탈 - 기타,안전운전불이행,건조,맑음,단일로 - 기타,화물,남,68세,부상신고,,,,
2019111100100543,2019년 11월 11일 17시,월요일,충청남도 천안시 서북구 성정동,경상사고,0,0,1,0,차대차 - 측면충돌,차로위반,건조,맑음,단일로 - 기타,승용,남,66세,상해없음,승용,남,52세,경상
2019111100100544,2019년 11월 11일 17시,월요일,충청남도 천안시 서북구 성정동,경상사고,0,0,2,0,차대차 - 측면충돌,안전운전불이행,건조,맑음,단일로 - 기타,승용,남,43세,상해없음,승용,남,34세,경상
2019111100100545,2019년 11월 11일 17시,월요일,충청남도 공주시 정안면,중상사고,0,1,0,0,차대차 - 측면충돌,안전운전불이행,건조,맑음,단일로 - 기타,이륜,남,62세,중상,승용,남,54세,기타불명
2019111100100591,2019년 11월 11일 18시,월요일,충청남도 서천군 한산면,중상사고,0,1,1,0,차대차 - 측면충돌,안전운전불이행,건조,맑음,단일로 - 기타,승용,남,63세,상해없음,승용,남,60세,경상
2019111100100592,2019년 11월 11일 18시,월요일,충청남도 보령시 죽정동,중상사고,0,1,0,0,차대사람 - 횡단중,보행자보호의무위반,건조,맑음,교차로 - 교차로안,승용,남,20세,기타불명,보행자,남,7세,중상
2019111100100593,2019년 11월 11일 18시,월요일,충청남도 보령시 명천동,중상사고,0,1,0,0,차대사람 - 횡단중,안전운전불이행,건조,맑음,기타 - 기타,승용,남,57세,상해없음,보행자,여,51세,중상
2019111100100709,2019년 11월 11일 21시,월요일,충청남도 천안시 서북구 백석동,경상사고,0,0,1,0,차대차 - 측면충돌,차로위반,건조,맑음,단일로 - 기타,승용,여,54세,상해없음,승용,남,25세,경상
2019111100100710,2019년 11월 11일 21시,월요일,충청남도 보령시 동대동,경상사고,0,0,1,0,차대차 - 추돌,안전운전불이행,건조,맑음,교차로 - 교차로부근,승용,남,52세,상해없음,승용,남,61세,경상
2019111100100743,2019년 11월 11일 22시,월요일,충청남도 서산시 갈산동,부상신고사고,0,0,0,2,차대차 - 추돌,안전운전불이행,건조,맑음,단일로 - 기타,승용,남,34세,상해없음,승용,여,46세,부상신고
2019111100100744,2019년 11월 11일 22시,월요일,충청남도 천안시 서북구 쌍용동,경상사고,0,0,1,0,차대차 - 측면충돌,안전운전불이행,건조,흐림,단일로 - 기타,화물,남,60세,상해없음,승용,여,44세,경상
2019111100100745,2019년 11월 11일 22시,월요일,충청남도 천안시 서북구 성정동,경상사고,0,0,1,0,차대차 - 추돌,안전운전불이행,건조,맑음,단일로 - 기타,이륜,남,35세,상해없음,승용,남,67세,상해없음
2019111100100746,2019년 11월 11일 22시,월요일,충청남도 예산군 오가면,사망사고,1,0,0,0,차대차 - 추돌,안전운전불이행,건조,맑음,단일로 - 기타,화물,남,67세,기타불명,승용,여,28세,사망
2019111200100081,2019년 11월 12일 06시,화요일,충청남도 천안시 동남구 신부동,경상사고,0,0,2,0,차대차 - 측면충돌,안전거리미확보,건조,맑음,단일로 - 기타,승용,여,51세,경상,승용,여,59세,경상
2019111200100095,2019년 11월 12일 07시,화요일,충청남도 서천군 서면,경상사고,0,0,3,0,차대차 - 추돌,안전운전불이행,건조,맑음,단일로 - 기타,화물,남,53세,상해없음,승용,남,37세,경상
2019111200100141,2019년 11월 12일 08시,화요일,충청남도 천안시 서북구 두정동,경상사고,0,0,2,0,차대차 - 추돌,안전운전불이행,건조,맑음,단일로 - 기타,승용,남,29세,상해없음,승용,여,39세,경상
2019111200100142,2019년 11월 12일 08시,화요일,충청남도 태안군 태안읍,중상사고,0,1,0,0,차대차 - 추돌,안전운전불이행,건조,맑음,교차로 - 교차로부근,승용,여,34세,상해없음,화물,남,56세,중상
2019111200100185,2019년 11월 12일 09시,화요일,충청남도 천안시 서북구 백석동,경상사고,0,0,1,0,차대차 - 측면충돌,중앙선침범,건조,맑음,단일로 - 기타,승용,남,57세,상해없음,승용,여,58세,경상
2019111200100186,2019년 11월 12일 09시,화요일,충청남도 당진시 면천면,경상사고,0,0,2,0,차대차 - 기타,안전거리미확보,건조,맑음,교차로 - 교차로부근,화물,남,47세,상해없음,승합,남,56세,경상
2019111200100214,2019년 11월 12일 10시,화요일,충청남도 천안시 동남구 청수동,경상사고,0,0,2,0,차대사람 - 기타,신호위반,건조,맑음,교차로 - 교차로안,승용,남,47세,기타불명,보행자,남,48세,경상
2019111200100238,2019년 11월 12일 11시,화요일,충청남도 보령시 청라면,경상사고,0,0,1,0,차량단독 - 전도전복 - 전도,안전운전불이행,건조,맑음,단일로 - 기타,이륜,여,84세,경상,,,,
2019111200100306,2019년 11월 12일 13시,화요일,충청남도 예산군 삽교읍,경상사고,0,0,1,0,차대차 - 추돌,안전운전불이행,건조,맑음,단일로 - 기타,승합,남,81세,상해없음,이륜,남,61세,상해없음
2019111200100307,2019년 11월 12일 13시,화요일,충청남도 천안시 동남구 봉명동,경상사고,0,0,1,0,차대차 - 측면충돌,교차로운행방법위반,건조,맑음,교차로 - 교차로안,승용,여,58세,경상,승합,남,60세,상해없음
2019111200100361,2019년 11월 12일 15시,화요일,충청남도 서천군 서천읍,중상사고,0,1,0,1,차대차 - 정면충돌,중앙선침범,건조,맑음,단일로 - 기타,승용,여,55세,부상신고,승용,남,66세,중상
2019111200100362,2019년 11월 12일 15시,화요일,충청남도 공주시 반포면,중상사고,0,1,0,0,차대차 - 측면충돌,기타,건조,맑음,교차로 - 교차로안,건설기계,남,69세,상해없음,승용,남,69세,중상
2019111200100363,2019년 11월 12일 15시,화요일,충청남도 부여군 규암면,경상사고,0,0,1,0,차대차 - 측면충돌,직진우회전진행방해,건조,맑음,교차로 - 교차로안,승용,남,77세,상해없음,화물,남,57세,경상
2019111200100404,2019년 11월 12일 16시,화요일,충청남도 서산시 고북면,경상사고,0,0,1,0,차대차 - 측면충돌,안전운전불이행,건조,맑음,교차로 - 교차로안,화물,남,80세,상해없음,화물,남,69세,경상
2019111200100405,2019년 11월 12일 16시,화요일,충청남도 천안시 동남구 봉명동,중상사고,0,1,0,0,차량단독 - 기타,안전운전불이행,건조,맑음,단일로 - 기타,승합,남,55세,상해없음,,,,
2019111200100448,2019년 11월 12일 17시,화요일,충청남도 부여군 홍산면,사망사고,1,0,0,0,차대사람 - 기타,안전운전불이행,건조,맑음,단일로 - 기타,화물,남,63세,상해없음,보행자,남,75세,사망