사고번호,사고일시,요일,시군구,사고내용,사망자수,중상자수,경상자수,부상신고자수,사고유형,법규위반,노면상태,기상상태,도로형태,가해운전자 차종,가해운전자 성별,가해운전자 연령,가해운전자 상해정도,피해운전자 차종,피해운전자 성별,피해운전자 연령,피해운전자 상해정도
2019111200100449,2019년 11월 12일 17시,화요일,충청남도 천안시 동남구 삼룡동,경상사고,0,0,1,0,차대차 - 기타,안전운전불이행,건조,맑음,교차로 - 교차로부근,승용,여,59세,상해없음,승용,여,38세,경상
2019111200100507,2019년 11월 12일 18시,화요일,충청남도 서산시 읍내동,경상사고,0,0,1,0,차대사람 - 횡단중,보행자보호의무위반,건조,맑음,교차로 - 교차로안,승용,여,33세,상해없음,보행자,남,55세,경상
2019111200100508,2019년 11월 12일 18시,화요일,충청남도 천안시 서북구 두정동,경상사고,0,0,1,0,차대차 - 기타,안전운전불이행,건조,맑음,기타 - 기타,승합,남,43세,기타불명,승용,여,44세,상해없음
2019111200100509,2019년 11월 12일 18시,화요일,충청남도 천안시 서북구 쌍용동,부상신고사고,0,0,0,1,차대차 - 기타,안전운전불이행,건조,맑음,단일로 - 기타,기타불명,기타불명,미분류,기타불명,이륜,남,37세,부상신고
2019111200100510,2019년 11월 12일 18시,화요일,충청남도 공주시 금흥동,경상사고,0,0,1,0,차대차 - 측면충돌,중앙선침범,건조,맑음,단일로 - 기타,승용,여,48세,상해없음,이륜,남,17세,경상
2019111200100511,2019년 11월 12일 18시,화요일,충청남도 천안시 동남구 영성동,경상사고,0,0,2,0,차대차 - 측면충돌,안전운전불이행,건조,맑음,교차로 - 교차로안,승용,여,59세,상해없음,승용,여,43세,경상
2019111200100560,2019년 11월 12일 19시,화요일,충청남도 아산시 권곡동,경상사고,0,0,1,0,차대차 - 정면충돌,안전운전불이행,건조,맑음,교차로 - 교차로안,승용,남,59세,상해없음,이륜,남,32세,경상
2019111200100561,2019년 11월 12일 19시,화요일,충청남도 예산군 덕산면,중상사고,0,1,2,0,차대차 - 측면충돌,안전운전불이행,건조,맑음,교차로 - 교차로안,승용,여,55세,경상,화물,남,61세,경상
2019111200100585,2019년 11월 12일 20시,화요일,충청남도 천안시 서북구 두정동,경상사고,0,0,1,0,차대차 - 측면충돌,안전운전불이행,건조,맑음,교차로 - 교차로부근,승용,남,60세,상해없음,이륜,남,39세,경상
2019111200100586,2019년 11월 12일 20시,화요일,충청남도 천안시 동남구 신부동,중상사고,0,1,0,0,차대차 - 기타,신호위반,건조,맑음,교차로 - 교차로안,승용,여,27세,상해없음,이륜,남,44세,중상
2019111200100613,2019년 11월 12일 21시,화요일,충청남도 서산시 지곡면,경상사고,0,0,2,0,차대차 - 추돌,안전운전불이행,건조,흐림,단일로 - 기타,승용,남,48세,상해없음,승용,여,49세,경상
2019111200100641,2019년 11월 12일 22시,화요일,충청남도 서산시 성연면,중상사고,0,1,1,0,차대차 - 추돌,안전운전불이행,건조,맑음,교차로 - 교차로부근,승용,남,30세,상해없음,승용,남,48세,중상
2019111200100655,2019년 11월 12일 23시,화요일,충청남도 천안시 동남구 목천읍,경상사고,0,0,1,0,차대차 - 추돌,안전운전불이행,건조,맑음,기타 - 기타,승용,남,49세,상해없음,승용,남,30세,경상
2019111300100070,2019년 11월 13일 05시,수요일,충청남도 논산시 연산면,경상사고,0,0,2,0,차대차 - 측면충돌,중앙선침범,젖음/습기,흐림,단일로 - 기타,화물,남,72세,상해없음,화물,여,35세,경상
2019111300100083,2019년 11월 13일 06시,수요일,충청남도 천안시 서북구 쌍용동,중상사고,0,2,1,0,차대차 - 정면충돌,안전운전불이행,건조,맑음,교차로 - 교차로안,화물,남,53세,중상,승용,남,58세,경상
2019111300100140,2019년 11월 13일 08시,수요일,충청남도 서산시 예천동,경상사고,0,0,1,0,차대차 - 측면충돌,신호위반,건조,맑음,교차로 - 교차로안,승용,남,68세,기타불명,승용,여,34세,경상
2019111300100172,2019년 11월 13일 09시,수요일,충청남도 천안시 동남구 영성동,중상사고,0,1,0,0,차대사람 - 횡단중,직진우회전진행방해,건조,맑음,교차로 - 교차로안,승용,남,28세,상해없음,보행자,여,79세,중상
2019111300100226,2019년 11월 13일 11시,수요일,충청남도 아산시 영인면,중상사고,0,1,0,0,차대차 - 기타,안전운전불이행,건조,맑음,교차로 - 교차로부근,기타불명,기타불명,미분류,기타불명,자전거,남,58세,중상
2019111300100227,2019년 11월 13일 11시,수요일,충청남도 당진시 신평면,경상사고,0,0,1,0,차대차 - 기타,직진우회전진행방해,젖음/습기,비,교차로 - 교차로안,화물,남,58세,상해없음,자전거,남,69세,경상
2019111300100259,2019년 11월 13일 12시,수요일,충청남도 천안시 서북구 쌍용동,경상사고,0,0,1,0,차대차 - 측면충돌,안전운전불이행,건조,맑음,단일로 - 기타,승합,남,48세,상해없음,승용,여,47세,경상
2019111300100295,2019년 11월 13일 13시,수요일,충청남도 천안시 서북구 직산읍,경상사고,0,0,1,0,차대차 - 기타,안전운전불이행,건조,맑음,단일로 - 기타,승용,여,26세,상해없음,이륜,여,51세,경상
2019111300100296,2019년 11월 13일 13시,수요일,충청남도 천안시 서북구 입장면,중상사고,0,2,1,0,차대차 - 기타,안전운전불이행,건조,맑음,단일로 - 기타,승용,남,68세,상해없음,화물,남,75세,중상
2019111300100321,2019년 11월 13일 14시,수요일,충청남도 서산시 예천동,중상사고,0,3,0,0,차대차 - 측면충돌,안전거리미확보,젖음/습기,비,단일로 - 기타,승용,여,50세,상해없음,승용,여,24세,중상
2019111300100350,2019년 11월 13일 15시,수요일,충청남도 천안시 서북구 백석동,경상사고,0,0,1,0,차대사람 - 횡단중,안전운전불이행,젖음/습기,비,단일로 - 기타,화물,남,34세,상해없음,보행자,남,5세,경상
2019111300100351,2019년 11월 13일 15시,수요일,충청남도 천안시 서북구 성거읍,경상사고,0,0,1,0,차대차 - 측면충돌,중앙선침범,건조,맑음,단일로 - 기타,승용,여,49세,상해없음,승용,여,26세,경상
2019111300100352,2019년 11월 13일 15시,수요일,충청남도 예산군 고덕면,경상사고,0,0,1,0,차대사람 - 길가장자리구역통행중,안전운전불이행,젖음/습기,비,기타 - 기타,기타불명,기타불명,미분류,기타불명,보행자,남,50세,경상
2019111300100353,2019년 11월 13일 15시,수요일,충청남도 당진시 원당리,경상사고,0,0,1,0,차대차 - 기타,기타,젖음/습기,비,단일로 - 기타,화물,남,48세,상해없음,승용,남,40세,경상
2019111300100398,2019년 11월 13일 16시,수요일,충청남도 서산시 석림동,중상사고,0,1,0,0,차대차 - 정면충돌,신호위반,젖음/습기,비,교차로 - 교차로안,승용,남,58세,상해없음,승용,남,51세,중상
2019111300100399,2019년 11월 13일 16시,수요일,충청남도 아산시 온천동,중상사고,0,1,1,0,차대차 - 측면충돌,안전운전불이행,젖음/습기,비,단일로 - 기타,승용,여,67세,상해없음,승용,남,48세,중상
2019111300100400,2019년 11월 13일 16시,수요일,충청남도 아산시 권곡동,경상사고,0,0,1,0,차대차 - 후진중충돌,안전운전불이행,젖음/습기,비,단일로 - 기타,승용,남,59세,상해없음,승용,남,31세,경상
2019111300100401,2019년 11월 13일 16시,수요일,충청남도 예산군 신암면,중상사고,0,1,0,0,차대사람 - 길가장자리구역통행중,안전운전불이행,젖음/습기,비,단일로 - 기타,기타불명,기타불명,미분류,기타불명,보행자,여,75세,중상
2019111300100435,2019년 11월 13일 17시,수요일,충청남도 아산시 영인면,경상사고,0,0,1,0,차대차 - 측면충돌,안전운전불이행,젖음/습기,비,단일로 - 기타,건설기계,남,38세,상해없음,승용,여,30세,경상
2019111300100512,2019년 11월 13일 18시,수요일,충청남도 논산시 대교동,중상사고,0,1,0,0,차대차 - 측면충돌,안전운전불이행,젖음/습기,맑음,교차로 - 교차로안,이륜,남,29세,중상,화물,남,64세,상해없음
2019111300100513,2019년 11월 13일 18시,수요일,충청남도 논산시 내동,중상사고,0,1,0,0,차대차 - 추돌,안전운전불이행,젖음/습기,비,단일로 - 기타,승용,남,67세,상해없음,화물,남,35세,중상
2019111300100514,2019년 11월 13일 18시,수요일,충청남도 공주시 금성동,경상사고,0,0,2,0,차대차 - 측면충돌,교차로운행방법위반,젖음/습기,비,교차로 - 교차로안,승용,여,63세,상해없음,승용,남,32세,경상
2019111300100515,2019년 11월 13일 18시,수요일,충청남도 부여군 장암면,경상사고,0,0,1,0,차대차 - 측면충돌,교차로운행방법위반,건조,맑음,교차로 - 교차로안,화물,남,55세,상해없음,승용,여,28세,경상
2019111300100516,2019년 11월 13일 18시,수요일,충청남도 천안시 동남구 유량동,중상사고,0,1,0,0,차대사람 - 횡단중,안전운전불이행,건조,맑음,교차로 - 교차로안,승용,여,59세,상해없음,보행자,남,61세,중상
2019111300100517,2019년 11월 13일 18시,수요일,충청남도 천안시 동남구 동면,사망사고,1,0,0,0,차대차 - 추돌,안전운전불이행,건조,맑음,단일로 - 기타,승용,남,39세,상해없음,원동기,남,89세,사망
2019111300100586,2019년 11월 13일 19시,수요일,충청남도 부여군 임천면,중상사고,0,2,0,0,차대차 - 측면충돌,교차로운행방법위반,건조,맑음,교차로 - 교차로안,승용,여,54세,상해없음,화물,남,72세,중상
2019111300100648,2019년 11월 13일 20시,수요일,충청남도 천안시 서북구 불당동,경상사고,0,0,1,0,차대차 - 기타,중앙선침범,건조,맑음,단일로 - 기타,승용,남,52세,상해없음,승용,여,46세,경상
2019111300100682,2019년 11월 13일 21시,수요일,충청남도 논산시 강산동,중상사고,0,1,0,0,차대차 - 추돌,안전운전불이행,건조,맑음,단일로 - 기타,화물,남,71세,상해없음,승용,여,58세,중상
2019111300100727,2019년 11월 13일 23시,수요일,충청남도 천안시 서북구 성거읍,경상사고,0,0,3,0,차대차 - 추돌,안전운전불이행,건조,맑음,교차로 - 교차로부근,승용,남,26세,상해없음,승용,남,22세,경상
2019111400100044,2019년 11월 14일 01시,목요일,충청남도 천안시 서북구 성환읍,중상사고,0,1,1,0,차대차 - 추돌,과속,건조,맑음,단일로 - 기타,승용,남,22세,경상,승용,남,28세,중상
2019111400100079,2019년 11월 14일 06시,목요일,충청남도 공주시 의당면,경상사고,0,0,2,0,차대차 - 추돌,안전운전불이행,건조,맑음,단일로 - 기타,화물,남,47세,경상,화물,남,56세,경상
2019111400100080,2019년 11월 14일 06시,목요일,충청남도 천안시 동남구 영성동,중상사고,0,1,0,0,차대사람 - 횡단중,안전운전불이행,건조,맑음,단일로 - 기타,승용,남,35세,상해없음,보행자,여,78세,중상
2019111400100099,2019년 11월 14일 07시,목요일,충청남도 천안시 서북구 성정동,부상신고사고,0,0,0,1,차량단독 - 전도전복 - 전도,안전운전불이행,건조,맑음,교차로 - 교차로부근,이륜,남,23세,부상신고,,,,
2019111400100194,2019년 11월 14일 09시,목요일,충청남도 천안시 서북구 백석동,경상사고,0,0,1,0,차대차 - 정면충돌,교차로운행방법위반,건조,맑음,교차로 - 교차로안,화물,남,42세,상해없음,승용,여,49세,경상
2019111400100238,2019년 11월 14일 10시,목요일,충청남도 서천군 서면,중상사고,0,1,0,0,차대차 - 측면충돌,중앙선침범,건조,맑음,단일로 - 기타,건설기계,남,46세,상해없음,승용,남,37세,중상
2019111400100239,2019년 11월 14일 10시,목요일,충청남도 공주시 봉정동,중상사고,0,1,3,0,차대차 - 측면충돌,신호위반,건조,맑음,교차로 - 교차로안,화물,남,71세,경상,승용,남,33세,경상
2019111400100279,2019년 11월 14일 11시,목요일,충청남도 천안시 서북구 두정동,경상사고,0,0,1,0,차대차 - 후진중충돌,안전운전불이행,건조,맑음,교차로 - 교차로안,화물,남,48세,상해없음,승용,남,21세,경상
2019111400100314,2019년 11월 14일 12시,목요일,충청남도 논산시 내동,중상사고,0,1,0,0,차대차 - 측면충돌,신호위반,건조,맑음,교차로 - 교차로안,화물,여,51세,상해없음,승용,남,78세,중상
2019111400100315,2019년 11월 14일 12시,목요일,충청남도 공주시 쌍신동,사망사고,1,0,0,0,차대차 - 측면충돌,안전운전불이행,건조,맑음,단일로 - 기타,사륜오토바이(ATV),남,83세,사망,특수,남,36세,상해없음
2019111400100356,2019년 11월 14일 13시,목요일,충청남도 예산군 덕산면,중상사고,0,1,0,0,차대차 - 측면충돌,직진우회전진행방해,건조,맑음,교차로 - 교차로안,승용,여,46세,상해없음,자전거,남,67세,중상
2019111400100396,2019년 11월 14일 14시,목요일,충청남도 예산군 예산읍,중상사고,0,1,0,0,차대차 - 측면충돌,직진우회전진행방해,건조,맑음,교차로 - 교차로안,승용,남,58세,상해없음,승용,여,68세,중상
2019111400100397,2019년 11월 14일 14시,목요일,충청남도 부여군 규암면,중상사고,0,2,0,0,차대차 - 정면충돌,안전운전불이행,건조,맑음,교차로 - 교차로안,승용,여,56세,상해없음,승용,남,57세,상해없음
2019111400100438,2019년 11월 14일 15시,목요일,충청남도 태안군 안면읍,경상사고,0,0,1,1,차대차 - 측면충돌,직진우회전진행방해,건조,맑음,교차로 - 교차로안,승용,여,45세,부상신고,승용,남,67세,경상
2019111400100480,2019년 11월 14일 16시,목요일,충청남도 논산시 강경읍,경상사고,0,0,1,0,차대차 - 측면충돌,안전운전불이행,건조,맑음,교차로 - 교차로부근,승용,남,72세,상해없음,승용,여,58세,경상
2019111400100481,2019년 11월 14일 16시,목요일,충청남도 아산시 선장면,부상신고사고,0,0,0,1,차량단독 - 공작물충돌,안전운전불이행,건조,맑음,단일로 - 기타,승합,남,60세,상해없음,,,,
2019111400100482,2019년 11월 14일 16시,목요일,충청남도 부여군 장암면,중상사고,0,1,0,0,차대차 - 측면충돌,안전운전불이행,건조,맑음,교차로 - 교차로안,승용,남,32세,상해없음,승용,남,69세,중상
2019111400100483,2019년 11월 14일 16시,목요일,충청남도 당진시 읍내리,중상사고,0,1,1,0,차대사람 - 횡단중,보행자보호의무위반,건조,맑음,단일로 - 기타,승용,남,45세,상해없음,보행자,여,77세,중상
2019111400100542,2019년 11월 14일 17시,목요일,충청남도 아산시 탕정면,경상사고,0,0,1,0,차대차 - 기타,신호위반,건조,맑음,교차로 - 교차로안,승용,남,40세,상해없음,승용,남,40세,경상
2019111400100601,2019년 11월 14일 18시,목요일,충청남도 천안시 서북구 불당동,중상사고,0,1,0,0,차대사람 - 횡단중,보행자보호의무위반,건조,맑음,교차로 - 교차로안,승용,여,51세,상해없음,보행자,여,50세,중상
2019111400100602,2019년 11월 14일 18시,목요일,충청남도 천안시 서북구 성정동,중상사고,0,1,0,0,차대차 - 측면충돌,안전운전불이행,건조,맑음,단일로 - 기타,승용,여,25세,상해없음,이륜,남,46세,중상
2019111400100603,2019년 11월 14일 18시,목요일,충청남도 천안시 서북구 불당동,경상사고,0,0,1,0,차대차 - 측면충돌,안전운전불이행,건조,맑음,단일로 - 기타,승용,남,24세,상해없음,이륜,남,22세,경상
2019111400100604,2019년 11월 14일 18시,목요일,충청남도 천안시 서북구 두정동,경상사고,0,0,1,0,차대차 - 측면충돌,안전운전불이행,건조,맑음,단일로 - 기타,승용,남,29세,상해없음,이륜,남,28세,경상
2019111400100605,2019년 11월 14일 18시,목요일,충청남도 당진시 채운동,경상사고,0,0,1,0,차대차 - 측면충돌,교차로운행방법위반,건조,맑음,교차로 - 교차로안,승용,남,48세,상해없음,승용,남,76세,경상
2019111400100606,2019년 11월 14일 18시,목요일,충청남도 천안시 동남구 신부동,경상사고,0,0,1,0,차대차 - 측면충돌,안전거리미확보,건조,맑음,단일로 - 기타,화물,남,64세,상해없음,승용,여,44세,경상
2019111400100666,2019년 11월 14일 19시,목요일,충청남도 천안시 서북구 성환읍,중상사고,0,1,0,0,차대차 - 추돌,안전운전불이행,건조,맑음,단일로 - 기타,화물,남,53세,상해없음,화물,남,68세,중상
2019111400100667,2019년 11월 14일 19시,목요일,충청남도 천안시 서북구 두정동,경상사고,0,0,1,0,차대사람 - 기타,안전운전불이행,건조,맑음,단일로 - 기타,기타불명,기타불명,미분류,기타불명,보행자,남,24세,경상
2019111400100668,2019년 11월 14일 19시,목요일,충청남도 논산시 연무읍,중상사고,0,1,0,0,차대사람 - 기타,안전운전불이행,건조,맑음,단일로 - 기타,승용,여,42세,상해없음,보행자,여,84세,중상
2019111400100669,2019년 11월 14일 19시,목요일,충청남도 보령시 주교면,경상사고,0,0,1,0,차대차 - 기타,안전운전불이행,기타,맑음,단일로 - 기타,승용,남,66세,상해없음,승용,남,42세,경상
2019111400100712,2019년 11월 14일 20시,목요일,충청남도 태안군 안면읍,경상사고,0,0,1,2,차대차 - 정면충돌,중앙선침범,건조,맑음,단일로 - 기타,승용,남,24세,부상신고,화물,남,57세,경상
2019111400100738,2019년 11월 14일 21시,목요일,충청남도 천안시 서북구 성환읍,경상사고,0,0,2,0,차대차 - 추돌,안전운전불이행,건조,맑음,단일로 - 기타,승용,남,46세,상해없음,승용,남,43세,경상
2019111400100739,2019년 11월 14일 21시,목요일,충청남도 서천군 한산면,사망사고,1,1,0,0,차대사람 - 차도통행중,안전운전불이행,건조,맑음,단일로 - 기타,승용,남,52세,중상,보행자,남,55세,사망
2019111400100763,2019년 11월 14일 22시,목요일,충청남도 천안시 서북구 신당동,경상사고,0,0,1,0,차대차 - 추돌,안전운전불이행,건조,맑음,단일로 - 기타,승용,남,42세,상해없음,승합,남,34세,경상
2019111400100764,2019년 11월 14일 22시,목요일,충청남도 당진시 송산면,경상사고,0,0,2,0,차대차 - 추돌,안전운전불이행,건조,맑음,기타 - 기타,승용,남,47세,상해없음,승용,남,33세,경상
2019111500100095,2019년 11월 15일 06시,금요일,충청남도 천안시 서북구 쌍용동,경상사고,0,0,1,0,차대사람 - 횡단중,보행자보호의무위반,건조,맑음,교차로 - 교차로횡단보도내,승용,남,70세,상해없음,보행자,남,45세,경상
2019111500100096,2019년 11월 15일 06시,금요일,충청남도 아산시 배방읍,중상사고,0,2,0,0,차대차 - 기타,안전운전불이행,건조,맑음,교차로 - 교차로안,승용,여,49세,상해없음,승용,남,69세,중상
2019111500100165,2019년 11월 15일 08시,금요일,충청남도 천안시 서북구 두정동,부상신고사고,0,0,0,1,차량단독 - 전도전복 - 전도,안전운전불이행,건조,맑음,단일로 - 기타,이륜,남,22세,부상신고,,,,
2019111500100166,2019년 11월 15일 08시,금요일,충청남도 보령시 동대동,경상사고,0,0,1,0,차대사람 - 차도통행중,안전운전불이행,건조,맑음,단일로 - 기타,기타불명,기타불명,미분류,기타불명,보행자,여,13세,경상
2019111500100167,2019년 11월 15일 08시,금요일,충청남도 공주시 금성동,중상사고,0,1,0,0,차대차 - 측면충돌,신호위반,건조,맑음,교차로 - 교차로안,승용,남,51세,상해없음,승용,여,49세,중상
2019111500100168,2019년 11월 15일 08시,금요일,충청남도 예산군 예산읍,경상사고,0,0,3,0,차대차 - 추돌,안전거리미확보,건조,맑음,단일로 - 교량,화물,남,85세,경상,승용,여,51세,경상
2019111500100219,2019년 11월 15일 09시,금요일,충청남도 아산시 온천동,사망사고,1,0,0,0,차대차 - 기타,안전운전불이행,건조,맑음,교차로 - 교차로안,승용,여,27세,상해없음,승용,남,72세,사망
2019111500100264,2019년 11월 15일 10시,금요일,충청남도 예산군 예산읍,경상사고,0,0,1,0,차대차 - 측면충돌,중앙선침범,건조,맑음,단일로 - 기타,승용,여,67세,상해없음,승용,남,58세,경상
2019111500100265,2019년 11월 15일 10시,금요일,충청남도 금산군 금산읍,중상사고,0,1,0,0,차대차 - 추돌,안전운전불이행,건조,맑음,단일로 - 기타,승용,여,56세,상해없음,화물,남,42세,기타불명
2019111500100307,2019년 11월 15일 11시,금요일,충청남도 천안시 서북구 직산읍,경상사고,0,0,1,0,차대차 - 추돌,안전운전불이행,건조,맑음,교차로 - 교차로부근,승용,남,59세,상해없음,화물,남,23세,경상
2019111500100398,2019년 11월 15일 13시,금요일,충청남도 천안시 동남구 목천읍,경상사고,0,0,1,0,차대사람 - 기타,교차로운행방법위반,건조,맑음,교차로 - 교차로안,승용,남,14세,상해없음,보행자,남,22세,경상
2019111500100438,2019년 11월 15일 14시,금요일,충청남도 천안시 서북구 백석동,경상사고,0,0,2,0,차대차 - 추돌,안전운전불이행,건조,맑음,단일로 - 기타,승용,여,23세,상해없음,승용,남,35세,경상
2019111500100439,2019년 11월 15일 14시,금요일,충청남도 논산시 가야곡면,경상사고,0,0,2,0,차대차 - 측면충돌,중앙선침범,건조,맑음,단일로 - 교량,화물,남,70세,상해없음,승용,남,80세,경상
2019111500100440,2019년 11월 15일 14시,금요일,충청남도 보령시 명천동,중상사고,0,1,0,0,차대차 - 기타,신호위반,건조,맑음,교차로 - 교차로안,건설기계,남,59세,상해없음,승용,여,44세,중상
2019111500100482,2019년 11월 15일 15시,금요일,충청남도 서산시 동문동,경상사고,0,0,1,0,차대차 - 측면충돌,안전운전불이행,건조,맑음,단일로 - 기타,화물,남,63세,상해없음,승합,남,52세,상해없음
2019111500100483,2019년 11월 15일 15시,금요일,충청남도 아산시 권곡동,경상사고,0,0,1,0,차대차 - 기타,신호위반,건조,맑음,교차로 - 교차로안,이륜,여,69세,상해없음,승용,남,70세,경상
2019111500100586,2019년 11월 15일 17시,금요일,충청남도 부여군 홍산면,경상사고,0,0,1,0,차대차 - 측면충돌,중앙선침범,건조,맑음,교차로 - 교차로안,승용,여,57세,상해없음,자전거,여,80세,경상
2019111500100587,2019년 11월 15일 17시,금요일,충청남도 금산군 금산읍,중상사고,0,1,0,0,차대사람 - 기타,안전운전불이행,건조,맑음,단일로 - 기타,승용,여,43세,상해없음,보행자,남,10세,중상
2019111500100588,2019년 11월 15일 17시,금요일,충청남도 천안시 동남구 영성동,중상사고,0,1,0,0,차대차 - 측면충돌,안전운전불이행,건조,맑음,교차로 - 교차로부근,승용,여,59세,상해없음,자전거,남,12세,중상
2019111500100589,2019년 11월 15일 17시,금요일,충청남도 천안시 동남구 풍세면,중상사고,0,2,1,0,차대차 - 측면충돌,안전운전불이행,건조,맑음,교차로 - 교차로안,승용,남,26세,경상,승용,남,58세,중상
2019111500100659,2019년 11월 15일 18시,금요일,충청남도 서산시 음암면,경상사고,0,0,1,0,차대차 - 정면충돌,중앙선침범,젖음/습기,비,단일로 - 기타,승용,남,55세,상해없음,승용,남,52세,경상
2019111500100660,2019년 11월 15일 18시,금요일,충청남도 보령시 주포면,중상사고,0,3,0,0,차대사람 - 길가장자리구역통행중,안전운전불이행,건조,맑음,단일로 - 기타,이륜,남,63세,중상,보행자,남,60세,중상
2019111500100661,2019년 11월 15일 18시,금요일,충청남도 부여군 구룡면,중상사고,0,1,0,0,차대차 - 측면충돌,안전운전불이행,건조,맑음,단일로 - 기타,특수,남,44세,상해없음,자전거,남,37세,중상
2019111500100662,2019년 11월 15일 18시,금요일,충청남도 당진시 송산면,중상사고,0,1,1,0,차대차 - 추돌,안전운전불이행,건조,기타,교차로 - 교차로부근,승용,남,42세,중상,승용,남,51세,경상
2019111500100744,2019년 11월 15일 19시,금요일,충청남도 서산시 읍내동,경상사고,0,0,1,0,차대차 - 후진중충돌,안전운전불이행,젖음/습기,비,교차로 - 교차로안,승용,남,18세,상해없음,승용,남,45세,경상
2019111500100745,2019년 11월 15일 19시,금요일,충청남도 천안시 서북구 쌍용동,경상사고,0,0,1,0,차대차 - 측면충돌,중앙선침범,건조,맑음,단일로 - 기타,승용,남,18세,상해없음,이륜,남,25세,경상
2019111500100746,2019년 11월 15일 19시,금요일,충청남도 홍성군 홍성읍,경상사고,0,0,1,0,차대사람 - 횡단중,안전운전불이행,건조,맑음,교차로 - 교차로안,승용,남,42세,상해없음,보행자,남,63세,경상
2019111500100747,2019년 11월 15일 19시,금요일,충청남도 보령시 웅천읍,중상사고,0,1,0,0,차대사람 - 횡단중,안전운전불이행,건조,맑음,교차로 - 교차로안,승용,남,55세,상해없음,보행자,여,72세,중상
2019111500100802,2019년 11월 15일 20시,금요일,충청남도 논산시 취암동,중상사고,0,1,0,0,차대차 - 기타,신호위반,건조,맑음,교차로 - 교차로안,승용,여,26세,기타불명,승용,여,22세,중상
2019111500100803,2019년 11월 15일 20시,금요일,충청남도 아산시 용화동,중상사고,0,1,0,0,차대사람 - 기타,신호위반,젖음/습기,비,교차로 - 교차로안,이륜,남,29세,상해없음,보행자,여,39세,중상
2019111500100804,2019년 11월 15일 20시,금요일,충청남도 아산시 배방읍,경상사고,0,0,1,0,차대차 - 기타,안전운전불이행,젖음/습기,비,교차로 - 교차로부근,기타불명,기타불명,미분류,기타불명,승합,남,50세,경상
2019111500100850,2019년 11월 15일 21시,금요일,충청남도 천안시 서북구 두정동,경상사고,0,0,1,0,차대사람 - 기타,안전운전불이행,젖음/습기,비,단일로 - 기타,승용,남,34세,상해없음,보행자,남,35세,경상
2019111500100851,2019년 11월 15일 21시,금요일,충청남도 서천군 서천읍,경상사고,0,0,4,0,차대차 - 추돌,안전운전불이행,건조,맑음,교차로 - 교차로부근,승합,남,35세,상해없음,승용,남,64세,경상
2019111500100852,2019년 11월 15일 21시,금요일,충청남도 천안시 동남구 청당동,경상사고,0,0,1,0,차대차 - 기타,안전운전불이행,젖음/습기,비,교차로 - 교차로안,승합,남,56세,상해없음,이륜,남,38세,경상
2019111600100031,2019년 11월 16일 00시,토요일,충청남도 서산시 동문동,경상사고,0,0,1,0,차대차 - 후진중충돌,안전운전불이행,젖음/습기,흐림,단일로 - 기타,승용,남,23세,상해없음,승용,남,21세,경상
2019111600100032,2019년 11월 16일 00시,토요일,충청남도 천안시 서북구 두정동,경상사고,0,0,1,0,차대사람 - 기타,안전운전불이행,젖음/습기,흐림,단일로 - 기타,승용,남,43세,상해없음,보행자,여,19세,경상
2019111600100040,2019년 11월 16일 01시,토요일,충청남도 천안시 동남구 원성동,경상사고,0,0,1,0,차대차 - 추돌,안전운전불이행,건조,맑음,교차로 - 교차로부근,승용,남,32세,상해없음,승용,남,54세,경상
2019111600100063,2019년 11월 16일 02시,토요일,충청남도 예산군 오가면,경상사고,0,0,1,0,차량단독 - 공작물충돌,안전운전불이행,건조,맑음,교차로 - 교차로안,이륜,남,18세,상해없음,,,,
2019111600100083,2019년 11월 16일 04시,토요일,충청남도 천안시 서북구 백석동,경상사고,0,0,1,0,차대차 - 측면충돌,안전운전불이행,젖음/습기,비,단일로 - 기타,승용,남,53세,기타불명,승용,여,39세,경상
2019111600100105,2019년 11월 16일 06시,토요일,충청남도 천안시 서북구 직산읍,경상사고,0,0,1,0,차대차 - 추돌,안전운전불이행,젖음/습기,비,교차로 - 교차로안,승용,남,42세,상해없음,승용,남,46세,경상
2019111600100126,2019년 11월 16일 07시,토요일,충청남도 보령시 궁촌동,중상사고,0,2,0,0,차대차 - 측면충돌,안전운전불이행,젖음/습기,흐림,교차로 - 교차로안,승용,여,62세,상해없음,승용,남,67세,중상
2019111600100150,2019년 11월 16일 08시,토요일,충청남도 천안시 동남구 안서동,경상사고,0,0,5,0,차대차 - 측면충돌,직진우회전진행방해,건조,맑음,교차로 - 교차로안,승용,여,59세,상해없음,승용,남,25세,경상
2019111600100180,2019년 11월 16일 09시,토요일,충청남도 논산시 취암동,중상사고,0,3,3,0,차대차 - 측면충돌,직진우회전진행방해,건조,맑음,교차로 - 교차로안,승용,여,59세,경상,승용,여,52세,경상
2019111600100203,2019년 11월 16일 10시,토요일,충청남도 서산시 동문동,중상사고,0,1,0,0,차대사람 - 횡단중,안전운전불이행,건조,맑음,단일로 - 기타,승용,남,70세,상해없음,보행자,여,81세,중상