사고번호,사고일시,요일,시군구,사고내용,사망자수,중상자수,경상자수,부상신고자수,사고유형,법규위반,노면상태,기상상태,도로형태,가해운전자 차종,가해운전자 성별,가해운전자 연령,가해운전자 상해정도,피해운전자 차종,피해운전자 성별,피해운전자 연령,피해운전자 상해정도
2019111600100204,2019년 11월 16일 10시,토요일,충청남도 아산시 영인면,경상사고,0,0,2,0,차대차 - 측면충돌,안전운전불이행,건조,흐림,단일로 - 기타,화물,남,46세,상해없음,화물,남,62세,경상
2019111600100205,2019년 11월 16일 10시,토요일,충청남도 당진시 송악읍,중상사고,0,1,0,0,차대차 - 기타,안전운전불이행,건조,맑음,교차로 - 교차로부근,승용,여,44세,기타불명,승용,여,61세,중상
2019111600100243,2019년 11월 16일 11시,토요일,충청남도 홍성군 금마면,경상사고,0,0,2,0,차대차 - 추돌,안전운전불이행,젖음/습기,안개,단일로 - 기타,화물,남,50세,상해없음,승용,여,56세,상해없음
2019111600100244,2019년 11월 16일 11시,토요일,충청남도 예산군 덕산면,경상사고,0,0,2,0,차대차 - 측면충돌,안전운전불이행,건조,맑음,교차로 - 교차로안,승용,남,58세,경상,승용,남,52세,경상
2019111600100285,2019년 11월 16일 12시,토요일,충청남도 천안시 동남구 병천면,경상사고,0,0,1,0,차대차 - 측면충돌,기타,건조,맑음,교차로 - 교차로안,승용,남,38세,상해없음,이륜,남,76세,경상
2019111600100286,2019년 11월 16일 12시,토요일,충청남도 천안시 동남구 목천읍,부상신고사고,0,0,0,1,차대차 - 후진중충돌,불법유턴,건조,맑음,단일로 - 기타,화물,남,55세,상해없음,승용,여,38세,부상신고
2019111600100287,2019년 11월 16일 12시,토요일,충청남도 천안시 동남구 구성동,경상사고,0,0,1,0,차대차 - 측면충돌,안전운전불이행,건조,맑음,단일로 - 기타,자전거,남,11세,경상,승용,남,18세,상해없음
2019111600100288,2019년 11월 16일 12시,토요일,충청남도 천안시 동남구 풍세면,경상사고,0,0,3,0,차대차 - 추돌,안전운전불이행,건조,맑음,단일로 - 기타,승용,남,52세,상해없음,승용,남,27세,경상
2019111600100336,2019년 11월 16일 13시,토요일,충청남도 서천군 종천면,중상사고,0,1,1,0,차대차 - 추돌,안전운전불이행,건조,맑음,단일로 - 기타,원동기,남,82세,중상,승용,남,67세,경상
2019111600100381,2019년 11월 16일 14시,토요일,충청남도 공주시 산성동,중상사고,0,1,0,0,차대사람 - 횡단중,보행자보호의무위반,건조,맑음,교차로 - 교차로부근,승용,남,56세,상해없음,보행자,여,80세,중상
2019111600100382,2019년 11월 16일 14시,토요일,충청남도 공주시 옥룡동,경상사고,0,0,3,0,차대차 - 측면충돌,안전운전불이행,건조,맑음,단일로 - 기타,화물,남,66세,상해없음,승용,남,45세,경상
2019111600100383,2019년 11월 16일 14시,토요일,충청남도 당진시 시곡리,중상사고,0,1,0,0,차대차 - 기타,안전운전불이행,건조,맑음,교차로 - 교차로안,화물,남,71세,상해없음,원동기,남,69세,중상
2019111600100418,2019년 11월 16일 15시,토요일,충청남도 서산시 갈산동,경상사고,0,0,1,0,차대차 - 측면충돌,안전운전불이행,건조,맑음,단일로 - 기타,화물,남,55세,상해없음,승용,여,59세,경상
2019111600100456,2019년 11월 16일 16시,토요일,충청남도 태안군 고남면,경상사고,0,0,1,0,차대차 - 기타,안전운전불이행,건조,맑음,단일로 - 기타,화물,남,70세,상해없음,농기계,남,78세,경상
2019111600100498,2019년 11월 16일 17시,토요일,충청남도 서산시 음암면,중상사고,0,1,2,0,차대차 - 추돌,안전운전불이행,건조,맑음,단일로 - 기타,승용,남,78세,경상,승용,남,21세,경상
2019111600100499,2019년 11월 16일 17시,토요일,충청남도 보령시 죽정동,경상사고,0,0,1,0,차대사람 - 횡단중,안전운전불이행,건조,맑음,단일로 - 기타,승용,여,33세,상해없음,보행자,여,57세,경상
2019111600100551,2019년 11월 16일 18시,토요일,충청남도 홍성군 홍성읍,경상사고,0,0,1,2,차대차 - 추돌,안전운전불이행,건조,맑음,단일로 - 기타,승합,남,53세,상해없음,승합,남,47세,상해없음
2019111600100552,2019년 11월 16일 18시,토요일,충청남도 예산군 예산읍,경상사고,0,0,1,0,차대차 - 측면충돌,안전운전불이행,젖음/습기,비,교차로 - 교차로안,승용,여,67세,상해없음,자전거,남,64세,경상
2019111600100553,2019년 11월 16일 18시,토요일,충청남도 부여군 은산면,중상사고,0,1,0,0,차대사람 - 차도통행중,중앙선침범,건조,맑음,단일로 - 기타,승용,여,35세,상해없음,보행자,남,57세,중상
2019111600100554,2019년 11월 16일 18시,토요일,충청남도 금산군 추부면,사망사고,1,1,0,0,차대차 - 기타,신호위반,건조,맑음,교차로 - 교차로안,승용,남,59세,사망,승용,남,26세,중상
2019111600100555,2019년 11월 16일 18시,토요일,충청남도 청양군 비봉면,경상사고,0,0,1,0,차대사람 - 차도통행중,안전운전불이행,기타,안개,단일로 - 기타,화물,남,44세,상해없음,보행자,남,49세,경상
2019111600100556,2019년 11월 16일 18시,토요일,충청남도 태안군 태안읍,중상사고,0,1,3,0,차대차 - 추돌,안전운전불이행,건조,흐림,교차로 - 교차로부근,화물,남,55세,상해없음,승용,남,23세,중상
2019111600100603,2019년 11월 16일 19시,토요일,충청남도 천안시 서북구 불당동,경상사고,0,0,1,0,차대사람 - 횡단중,보행자보호의무위반,건조,맑음,교차로 - 교차로안,승용,남,49세,상해없음,보행자,여,25세,경상
2019111600100604,2019년 11월 16일 19시,토요일,충청남도 천안시 서북구 불당동,경상사고,0,0,2,0,차대차 - 측면충돌,안전거리미확보,건조,맑음,교차로 - 교차로부근,승용,여,51세,경상,승용,남,45세,경상
2019111600100605,2019년 11월 16일 19시,토요일,충청남도 아산시 용화동,부상신고사고,0,0,0,1,차대차 - 기타,안전운전불이행,건조,기타,교차로 - 교차로안,승용,남,47세,상해없음,이륜,남,27세,부상신고
2019111600100633,2019년 11월 16일 20시,토요일,충청남도 보령시 오천면,부상신고사고,0,0,0,3,차대차 - 측면충돌,중앙선침범,젖음/습기,비,단일로 - 기타,승용,남,63세,상해없음,승용,남,39세,부상신고
2019111600100634,2019년 11월 16일 20시,토요일,충청남도 천안시 동남구 청수동,경상사고,0,0,1,0,차대차 - 측면충돌,안전운전불이행,건조,맑음,교차로 - 교차로안,승용,남,47세,상해없음,이륜,남,22세,경상
2019111600100666,2019년 11월 16일 21시,토요일,충청남도 예산군 예산읍,경상사고,0,0,1,0,차대차 - 측면충돌,교차로운행방법위반,건조,흐림,교차로 - 교차로안,승용,남,61세,상해없음,이륜,남,37세,경상
2019111600100667,2019년 11월 16일 21시,토요일,충청남도 태안군 태안읍,경상사고,0,0,3,0,차대차 - 측면충돌,안전운전불이행,젖음/습기,흐림,단일로 - 기타,화물,남,59세,상해없음,승용,여,48세,경상
2019111600100716,2019년 11월 16일 23시,토요일,충청남도 천안시 서북구 성정동,경상사고,0,0,1,0,차대차 - 추돌,안전운전불이행,건조,맑음,교차로 - 교차로부근,승용,남,40세,상해없음,승용,남,23세,경상
2019111700100062,2019년 11월 17일 01시,일요일,충청남도 태안군 안면읍,경상사고,0,0,2,0,차대차 - 정면충돌,중앙선침범,건조,흐림,단일로 - 기타,승용,남,27세,상해없음,승용,남,24세,경상
2019111700100095,2019년 11월 17일 04시,일요일,충청남도 천안시 서북구 성거읍,경상사고,0,0,2,0,차대차 - 측면충돌,안전운전불이행,건조,맑음,단일로 - 기타,승용,남,41세,상해없음,승용,남,63세,경상
2019111700100099,2019년 11월 17일 05시,일요일,충청남도 천안시 서북구 성정동,경상사고,0,0,1,0,차대차 - 기타,안전운전불이행,건조,맑음,단일로 - 기타,승용,남,32세,상해없음,이륜,남,34세,경상
2019111700100129,2019년 11월 17일 08시,일요일,충청남도 천안시 서북구 성정동,경상사고,0,0,1,0,차대차 - 정면충돌,신호위반,건조,맑음,단일로 - 기타,승용,남,23세,상해없음,승용,남,40세,경상
2019111700100130,2019년 11월 17일 08시,일요일,충청남도 공주시 계룡면,경상사고,0,0,1,0,차량단독 - 공작물충돌,안전운전불이행,건조,흐림,단일로 - 기타,승용,남,27세,경상,,,,
2019111700100131,2019년 11월 17일 08시,일요일,충청남도 당진시 송악읍,경상사고,0,0,1,0,차대차 - 측면충돌,차로위반,건조,맑음,단일로 - 기타,승용,남,58세,상해없음,승용,남,59세,상해없음
2019111700100156,2019년 11월 17일 10시,일요일,충청남도 아산시 온천동,경상사고,0,0,1,0,차대차 - 기타,안전운전불이행,건조,맑음,교차로 - 교차로안,승용,여,44세,상해없음,승용,여,59세,경상
2019111700100157,2019년 11월 17일 10시,일요일,충청남도 아산시 배방읍,중상사고,0,1,1,0,차대차 - 기타,안전운전불이행,건조,맑음,교차로 - 교차로부근,화물,남,67세,상해없음,승용,여,45세,중상
2019111700100184,2019년 11월 17일 11시,일요일,충청남도 홍성군 홍성읍,경상사고,0,0,3,0,차대차 - 추돌,안전운전불이행,건조,맑음,교차로 - 교차로안,화물,남,46세,상해없음,승용,남,57세,상해없음
2019111700100185,2019년 11월 17일 11시,일요일,충청남도 예산군 고덕면,경상사고,0,0,1,0,차대차 - 측면충돌,직진우회전진행방해,젖음/습기,비,교차로 - 교차로안,화물,남,49세,상해없음,승용,남,35세,경상
2019111700100186,2019년 11월 17일 11시,일요일,충청남도 태안군 안면읍,경상사고,0,0,1,0,차대차 - 추돌,안전운전불이행,젖음/습기,흐림,교차로 - 교차로부근,승용,남,42세,상해없음,화물,남,54세,경상
2019111700100208,2019년 11월 17일 12시,일요일,충청남도 청양군 정산면,경상사고,0,0,2,0,차대차 - 측면충돌,안전운전불이행,젖음/습기,비,단일로 - 기타,승용,남,38세,상해없음,승용,남,36세,경상
2019111700100209,2019년 11월 17일 12시,일요일,충청남도 천안시 동남구 신방동,경상사고,0,0,1,0,차대차 - 추돌,안전거리미확보,젖음/습기,비,단일로 - 지하차도(도로)내,화물,남,45세,상해없음,승합,남,52세,상해없음
2019111700100234,2019년 11월 17일 13시,일요일,충청남도 천안시 동남구 원성동,경상사고,0,0,3,0,차대차 - 측면충돌,안전거리미확보,젖음/습기,비,단일로 - 기타,화물,남,50세,상해없음,승용,남,50세,경상
2019111700100264,2019년 11월 17일 14시,일요일,충청남도 천안시 동남구 영성동,경상사고,0,0,3,0,차대차 - 기타,안전운전불이행,젖음/습기,비,단일로 - 기타,승합,남,37세,상해없음,승용,남,46세,경상
2019111700100288,2019년 11월 17일 15시,일요일,충청남도 논산시 강경읍,경상사고,0,0,3,0,차대차 - 측면충돌,중앙선침범,젖음/습기,비,교차로 - 교차로부근,승용,남,62세,상해없음,승용,여,53세,경상
2019111700100311,2019년 11월 17일 16시,일요일,충청남도 천안시 서북구 와촌동,경상사고,0,0,1,0,차대차 - 추돌,안전운전불이행,젖음/습기,비,단일로 - 지하차도(도로)내,승용,남,38세,상해없음,승용,여,51세,경상
2019111700100312,2019년 11월 17일 16시,일요일,충청남도 천안시 동남구 삼룡동,경상사고,0,0,1,0,차대차 - 추돌,안전운전불이행,젖음/습기,비,단일로 - 기타,승용,여,58세,상해없음,승용,남,62세,경상
2019111700100356,2019년 11월 17일 17시,일요일,충청남도 태안군 근흥면,중상사고,0,1,0,0,차대사람 - 기타,안전운전불이행,젖음/습기,비,단일로 - 기타,화물,남,77세,상해없음,보행자,남,57세,중상
2019111700100408,2019년 11월 17일 18시,일요일,충청남도 서산시 부석면,경상사고,0,0,5,0,차대차 - 추돌,안전운전불이행,젖음/습기,비,교차로 - 교차로안,화물,여,60세,상해없음,승합,남,58세,경상
2019111700100409,2019년 11월 17일 18시,일요일,충청남도 천안시 서북구 성환읍,중상사고,0,1,0,0,차대사람 - 횡단중,보행자보호의무위반,젖음/습기,비,교차로 - 교차로횡단보도내,승용,남,74세,상해없음,보행자,남,61세,중상
2019111700100410,2019년 11월 17일 18시,일요일,충청남도 공주시 신관동,경상사고,0,0,2,0,차대차 - 측면충돌,직진우회전진행방해,젖음/습기,비,교차로 - 교차로안,승합,남,61세,상해없음,승합,남,48세,경상
2019111700100411,2019년 11월 17일 18시,일요일,충청남도 당진시 신평면,부상신고사고,0,0,0,1,차량단독 - 공작물충돌,안전운전불이행,젖음/습기,비,단일로 - 기타,승용,남,61세,부상신고,,,,
2019111700100471,2019년 11월 17일 19시,일요일,충청남도 천안시 서북구 성정동,경상사고,0,0,1,0,차대사람 - 기타,안전운전불이행,젖음/습기,비,단일로 - 기타,기타불명,기타불명,미분류,기타불명,보행자,여,43세,경상
2019111700100472,2019년 11월 17일 19시,일요일,충청남도 보령시 동대동,경상사고,0,0,1,0,차대차 - 기타,중앙선침범,젖음/습기,비,단일로 - 기타,승합,남,48세,상해없음,승용,남,55세,경상
2019111700100473,2019년 11월 17일 19시,일요일,충청남도 천안시 동남구 용곡동,중상사고,0,1,0,0,차대차 - 측면충돌,직진우회전진행방해,젖음/습기,비,교차로 - 교차로안,승용,남,46세,상해없음,이륜,남,17세,중상
2019111700100518,2019년 11월 17일 20시,일요일,충청남도 논산시 대교동,경상사고,0,0,1,0,차대사람 - 길가장자리구역통행중,안전운전불이행,젖음/습기,비,교차로 - 교차로부근,승용,여,60세,기타불명,보행자,여,64세,경상
2019111700100545,2019년 11월 17일 21시,일요일,충청남도 천안시 서북구 두정동,중상사고,0,1,0,0,차대사람 - 횡단중,보행자보호의무위반,젖음/습기,비,교차로 - 교차로횡단보도내,승합,남,54세,상해없음,보행자,여,17세,중상
2019111700100546,2019년 11월 17일 21시,일요일,충청남도 부여군 부여읍,경상사고,0,0,2,0,차대차 - 추돌,안전운전불이행,건조,맑음,단일로 - 기타,승용,남,68세,상해없음,승용,남,37세,경상
2019111700100598,2019년 11월 17일 23시,일요일,충청남도 부여군 규암면,사망사고,1,0,0,0,차량단독 - 도로외이탈 - 추락,안전운전불이행,젖음/습기,비,단일로 - 기타,승용,남,68세,사망,,,,
2019111800100035,2019년 11월 18일 00시,월요일,충청남도 아산시 용화동,경상사고,0,0,1,0,차대차 - 추돌,안전운전불이행,젖음/습기,비,단일로 - 기타,승용,남,25세,상해없음,승용,남,20세,경상
2019111800100075,2019년 11월 18일 05시,월요일,충청남도 천안시 서북구 성환읍,중상사고,0,1,0,0,차대사람 - 기타,안전운전불이행,젖음/습기,비,단일로 - 기타,화물,남,63세,상해없음,보행자,여,55세,중상
2019111800100087,2019년 11월 18일 06시,월요일,충청남도 예산군 오가면,경상사고,0,0,1,0,차대차 - 기타,기타,젖음/습기,비,단일로 - 기타,화물,남,54세,상해없음,승용,남,51세,경상
2019111800100088,2019년 11월 18일 06시,월요일,충청남도 당진시 석문면,사망사고,1,0,1,0,차대차 - 추돌,안전운전불이행,젖음/습기,맑음,단일로 - 기타,화물,남,56세,사망,건설기계,남,47세,경상
2019111800100089,2019년 11월 18일 06시,월요일,충청남도 천안시 동남구 광덕면,사망사고,1,0,0,0,차량단독 - 도로외이탈 - 추락,안전운전불이행,젖음/습기,비,단일로 - 기타,화물,남,54세,사망,,,,
2019111800100156,2019년 11월 18일 08시,월요일,충청남도 서산시 석남동,경상사고,0,0,1,0,차대차 - 기타,중앙선침범,건조,맑음,단일로 - 기타,이륜,남,73세,경상,승용,남,40세,상해없음
2019111800100157,2019년 11월 18일 08시,월요일,충청남도 당진시 송악읍,경상사고,0,0,1,0,차대차 - 추돌,안전운전불이행,젖음/습기,흐림,단일로 - 기타,승용,남,48세,상해없음,승용,여,53세,경상
2019111800100158,2019년 11월 18일 08시,월요일,충청남도 천안시 동남구 신부동,중상사고,0,1,1,0,차대차 - 측면충돌,안전운전불이행,건조,맑음,교차로 - 교차로안,승용,남,27세,중상,승용,여,30세,경상
2019111800100205,2019년 11월 18일 09시,월요일,충청남도 공주시 석장리동,경상사고,0,0,1,0,차대차 - 측면충돌,차로위반,건조,맑음,단일로 - 기타,화물,남,45세,상해없음,승용,여,49세,경상
2019111800100206,2019년 11월 18일 09시,월요일,충청남도 천안시 동남구 구성동,경상사고,0,0,2,0,차대차 - 측면충돌,교차로운행방법위반,건조,맑음,교차로 - 교차로안,승용,여,58세,경상,승용,여,51세,경상
2019111800100268,2019년 11월 18일 11시,월요일,충청남도 태안군 남면,중상사고,0,1,1,0,차대차 - 측면충돌,신호위반,건조,맑음,교차로 - 교차로안,승용,남,62세,상해없음,승용,여,26세,중상
2019111800100298,2019년 11월 18일 12시,월요일,충청남도 예산군 고덕면,경상사고,0,0,1,0,차대차 - 정면충돌,안전운전불이행,건조,맑음,단일로 - 기타,이륜,남,19세,경상,화물,남,64세,상해없음
2019111800100325,2019년 11월 18일 13시,월요일,충청남도 천안시 서북구 두정동,경상사고,0,0,2,0,차대사람 - 기타,안전운전불이행,건조,맑음,교차로 - 교차로부근,승용,남,28세,기타불명,보행자,남,18세,경상
2019111800100366,2019년 11월 18일 14시,월요일,충청남도 논산시 내동,부상신고사고,0,0,0,1,차대차 - 정면충돌,중앙선침범,건조,맑음,교차로 - 교차로부근,이륜,남,51세,부상신고,승용,남,46세,상해없음
2019111800100367,2019년 11월 18일 14시,월요일,충청남도 예산군 삽교읍,중상사고,0,1,0,0,차대사람 - 기타,안전운전불이행,건조,맑음,단일로 - 기타,이륜,남,61세,상해없음,보행자,남,46세,중상
2019111800100368,2019년 11월 18일 14시,월요일,충청남도 당진시 합덕읍,중상사고,0,1,0,0,차대사람 - 횡단중,안전운전불이행,건조,맑음,단일로 - 기타,승용,남,23세,상해없음,보행자,여,9세,중상
2019111800100414,2019년 11월 18일 15시,월요일,충청남도 서산시 동문동,경상사고,0,0,1,0,차대사람 - 차도통행중,안전운전불이행,건조,맑음,단일로 - 기타,승용,남,69세,상해없음,보행자,여,78세,경상
2019111800100415,2019년 11월 18일 15시,월요일,충청남도 당진시 읍내리,경상사고,0,0,1,0,차대사람 - 차도통행중,안전운전불이행,건조,맑음,단일로 - 기타,화물,남,70세,상해없음,보행자,여,12세,경상
2019111800100416,2019년 11월 18일 15시,월요일,충청남도 천안시 동남구 수신면,경상사고,0,0,1,0,차대차 - 측면충돌,안전운전불이행,건조,맑음,단일로 - 기타,화물,남,60세,상해없음,승용,남,37세,경상
2019111800100446,2019년 11월 18일 16시,월요일,충청남도 서산시 잠홍동,경상사고,0,0,2,0,차대차 - 추돌,안전운전불이행,건조,맑음,단일로 - 기타,화물,남,44세,상해없음,승용,여,49세,경상
2019111800100447,2019년 11월 18일 16시,월요일,충청남도 천안시 서북구 업성동,경상사고,0,0,3,1,차대차 - 측면충돌,신호위반,건조,맑음,교차로 - 교차로안,승용,여,30세,부상신고,승합,남,74세,경상
2019111800100490,2019년 11월 18일 17시,월요일,충청남도 천안시 서북구 성환읍,중상사고,0,1,0,0,차대사람 - 횡단중,안전운전불이행,건조,맑음,교차로 - 교차로안,승용,남,82세,상해없음,보행자,여,54세,중상
2019111800100491,2019년 11월 18일 17시,월요일,충청남도 논산시 지산동,경상사고,0,0,1,0,차대차 - 측면충돌,안전거리미확보,건조,맑음,교차로 - 교차로부근,승용,여,44세,상해없음,승용,여,48세,경상
2019111800100552,2019년 11월 18일 18시,월요일,충청남도 서산시 동문동,중상사고,0,1,0,0,차대사람 - 기타,보행자보호의무위반,건조,맑음,교차로 - 교차로횡단보도내,승용,남,42세,상해없음,보행자,여,17세,중상
2019111800100553,2019년 11월 18일 18시,월요일,충청남도 천안시 서북구 불당동,경상사고,0,0,1,0,차대차 - 추돌,안전운전불이행,건조,맑음,단일로 - 기타,승용,남,40세,상해없음,승용,남,31세,경상
2019111800100554,2019년 11월 18일 18시,월요일,충청남도 당진시 합덕읍,중상사고,0,1,1,0,차대차 - 추돌,안전운전불이행,건조,맑음,교차로 - 교차로안,승용,남,24세,상해없음,승용,남,38세,경상
2019111800100555,2019년 11월 18일 18시,월요일,충청남도 당진시 합덕읍,중상사고,0,1,0,0,차대차 - 측면충돌,교차로운행방법위반,건조,맑음,교차로 - 교차로안,승용,여,46세,상해없음,자전거,남,82세,중상
2019111800100556,2019년 11월 18일 18시,월요일,충청남도 당진시 고대면,중상사고,0,1,0,0,차대사람 - 기타,안전운전불이행,건조,맑음,단일로 - 기타,기타불명,기타불명,미분류,기타불명,보행자,남,67세,중상
2019111800100557,2019년 11월 18일 18시,월요일,충청남도 천안시 동남구 구룡동,경상사고,0,0,1,0,차대사람 - 횡단중,안전운전불이행,건조,맑음,교차로 - 교차로부근,승합,남,59세,상해없음,보행자,남,68세,경상
2019111800100611,2019년 11월 18일 19시,월요일,충청남도 천안시 동남구 봉명동,경상사고,0,0,3,0,차대차 - 측면충돌,교차로운행방법위반,건조,맑음,교차로 - 교차로안,승용,남,67세,경상,승용,남,42세,경상
2019111800100670,2019년 11월 18일 21시,월요일,충청남도 공주시 산성동,경상사고,0,0,2,0,차대차 - 추돌,안전운전불이행,건조,맑음,단일로 - 기타,승용,남,38세,상해없음,승용,여,59세,경상
2019111900100057,2019년 11월 19일 02시,화요일,충청남도 홍성군 광천읍,경상사고,0,0,1,0,차대사람 - 기타,안전운전불이행,건조,맑음,단일로 - 기타,자전거,여,50세,상해없음,보행자,여,51세,경상
2019111900100115,2019년 11월 19일 07시,화요일,충청남도 홍성군 장곡면,경상사고,0,0,1,0,차대차 - 측면충돌,기타,건조,맑음,교차로 - 교차로안,승용,여,61세,상해없음,화물,남,56세,경상
2019111900100116,2019년 11월 19일 07시,화요일,충청남도 부여군 규암면,중상사고,0,1,0,0,차대사람 - 횡단중,보행자보호의무위반,건조,맑음,단일로 - 기타,승용,여,28세,상해없음,보행자,여,75세,중상
2019111900100117,2019년 11월 19일 07시,화요일,충청남도 당진시 송산면,중상사고,0,1,0,0,차대차 - 측면충돌,교차로운행방법위반,건조,맑음,교차로 - 교차로안,승용,남,74세,상해없음,이륜,남,59세,중상
2019111900100118,2019년 11월 19일 07시,화요일,충청남도 천안시 동남구 원성동,경상사고,0,0,1,0,차대차 - 측면충돌,안전운전불이행,건조,맑음,단일로 - 기타,승용,남,55세,상해없음,승용,남,28세,경상
2019111900100163,2019년 11월 19일 08시,화요일,충청남도 천안시 서북구 직산읍,경상사고,0,0,1,0,차대차 - 측면충돌,안전운전불이행,건조,맑음,교차로 - 교차로부근,승용,여,53세,상해없음,승용,남,22세,경상
2019111900100164,2019년 11월 19일 08시,화요일,충청남도 논산시 취암동,중상사고,0,1,1,0,차대차 - 측면충돌,차로위반,건조,맑음,교차로 - 교차로부근,승용,여,62세,상해없음,승용,여,42세,중상
2019111900100209,2019년 11월 19일 09시,화요일,충청남도 서산시 팔봉면,중상사고,0,1,1,0,차대차 - 측면충돌,안전운전불이행,건조,맑음,교차로 - 교차로안,승용,여,68세,경상,화물,남,60세,상해없음
2019111900100210,2019년 11월 19일 09시,화요일,충청남도 금산군 금산읍,중상사고,0,1,0,0,차대사람 - 기타,안전운전불이행,젖음/습기,흐림,교차로 - 교차로안,승용,남,64세,상해없음,보행자,남,77세,중상
2019111900100298,2019년 11월 19일 11시,화요일,충청남도 천안시 서북구 성성동,경상사고,0,0,1,0,차대차 - 측면충돌,안전거리미확보,건조,맑음,단일로 - 기타,승용,남,38세,상해없음,화물,남,56세,경상
2019111900100299,2019년 11월 19일 11시,화요일,충청남도 천안시 동남구 다가동,경상사고,0,0,1,0,차대사람 - 기타,안전운전불이행,건조,맑음,단일로 - 기타,승용,여,64세,상해없음,보행자,여,44세,경상
2019111900100300,2019년 11월 19일 11시,화요일,충청남도 천안시 동남구 유량동,경상사고,0,0,1,0,차대차 - 후진중충돌,안전거리미확보,젖음/습기,맑음,교차로 - 교차로안,승용,남,78세,상해없음,승용,여,59세,경상
2019111900100338,2019년 11월 19일 12시,화요일,충청남도 서산시 석림동,중상사고,0,1,0,0,차대사람 - 횡단중,보행자보호의무위반,젖음/습기,눈,교차로 - 교차로횡단보도내,화물,남,48세,상해없음,보행자,남,83세,중상
2019111900100339,2019년 11월 19일 12시,화요일,충청남도 홍성군 광천읍,중상사고,0,1,0,0,차량단독 - 공작물충돌,안전운전불이행,건조,맑음,단일로 - 기타,이륜,남,75세,상해없음,,,,
2019111900100377,2019년 11월 19일 13시,화요일,충청남도 천안시 동남구 풍세면,중상사고,0,1,0,0,차대차 - 측면충돌,중앙선침범,건조,맑음,교차로 - 교차로부근,승합,남,53세,상해없음,화물,남,58세,중상
2019111900100409,2019년 11월 19일 14시,화요일,충청남도 천안시 서북구 불당동,경상사고,0,0,1,0,차대사람 - 횡단중,안전운전불이행,건조,맑음,단일로 - 기타,승합,남,60세,상해없음,보행자,여,7세,경상
2019111900100410,2019년 11월 19일 14시,화요일,충청남도 서천군 서천읍,경상사고,0,0,2,0,차대차 - 추돌,안전운전불이행,건조,맑음,단일로 - 기타,승용,여,44세,상해없음,승용,남,31세,경상
2019111900100411,2019년 11월 19일 14시,화요일,충청남도 당진시 수청리,경상사고,0,0,1,0,차대차 - 정면충돌,신호위반,건조,맑음,단일로 - 기타,승용,남,57세,상해없음,승용,남,21세,경상
2019111900100450,2019년 11월 19일 15시,화요일,충청남도 서산시 부석면,중상사고,0,1,0,0,차대차 - 정면충돌,안전운전불이행,젖음/습기,비,단일로 - 기타,화물,남,33세,상해없음,이륜,남,78세,중상
2019111900100451,2019년 11월 19일 15시,화요일,충청남도 서산시 석림동,중상사고,0,5,0,0,차대차 - 정면충돌,중앙선침범,젖음/습기,흐림,교차로 - 교차로안,승용,남,35세,상해없음,승용,남,41세,중상
2019111900100452,2019년 11월 19일 15시,화요일,충청남도 천안시 서북구 직산읍,경상사고,0,0,1,0,차대사람 - 횡단중,안전운전불이행,건조,맑음,교차로 - 교차로부근,화물,남,41세,상해없음,보행자,남,75세,경상
2019111900100453,2019년 11월 19일 15시,화요일,충청남도 공주시 신관동,중상사고,0,1,1,0,차대차 - 추돌,안전운전불이행,건조,맑음,교차로 - 교차로부근,승용,여,55세,기타불명,승용,여,48세,중상
2019111900100526,2019년 11월 19일 17시,화요일,충청남도 당진시 송악읍,경상사고,0,0,2,0,차대차 - 추돌,안전운전불이행,건조,맑음,단일로 - 기타,승용,남,41세,상해없음,승용,여,34세,경상
2019111900100594,2019년 11월 19일 18시,화요일,충청남도 서산시 잠홍동,중상사고,0,2,0,0,차대차 - 측면충돌,안전운전불이행,건조,맑음,교차로 - 교차로안,승용,남,40세,중상,승용,남,30세,중상
2019111900100595,2019년 11월 19일 18시,화요일,충청남도 천안시 서북구 성정동,경상사고,0,0,1,0,차대차 - 기타,신호위반,건조,맑음,교차로 - 교차로부근,이륜,남,41세,경상,화물,남,49세,상해없음
2019111900100596,2019년 11월 19일 18시,화요일,충청남도 태안군 태안읍,중상사고,0,1,0,0,차대차 - 측면충돌,안전운전불이행,건조,맑음,교차로 - 교차로안,승용,여,61세,상해없음,이륜,남,20세,중상
2019111900100658,2019년 11월 19일 19시,화요일,충청남도 천안시 서북구 쌍용동,경상사고,0,0,1,0,차대차 - 기타,중앙선침범,건조,맑음,단일로 - 기타,승용,남,23세,상해없음,이륜,남,24세,경상
2019111900100695,2019년 11월 19일 20시,화요일,충청남도 서산시 잠홍동,경상사고,0,0,1,0,차대차 - 추돌,안전운전불이행,건조,맑음,교차로 - 교차로부근,승용,남,55세,상해없음,승용,남,42세,경상
2019111900100696,2019년 11월 19일 20시,화요일,충청남도 논산시 부창동,경상사고,0,0,1,0,차대차 - 기타,안전운전불이행,건조,맑음,교차로 - 교차로안,이륜,남,30세,경상,승용,남,56세,상해없음
2019111900100762,2019년 11월 19일 22시,화요일,충청남도 천안시 서북구 두정동,경상사고,0,0,1,0,차대차 - 측면충돌,안전운전불이행,건조,맑음,단일로 - 기타,승용,남,45세,상해없음,승용,남,30세,경상