사고번호,사고일시,요일,시군구,사고내용,사망자수,중상자수,경상자수,부상신고자수,사고유형,법규위반,노면상태,기상상태,도로형태,가해운전자 차종,가해운전자 성별,가해운전자 연령,가해운전자 상해정도,피해운전자 차종,피해운전자 성별,피해운전자 연령,피해운전자 상해정도
2019120200100184,2019년 12월 2일 10시,월요일,충청남도 당진시 신평면,경상사고,0,0,1,0,차대차 - 측면충돌,교차로운행방법위반,건조,맑음,교차로 - 교차로안,화물,남,65세,상해없음,특수,남,47세,경상
2019120200100185,2019년 12월 2일 10시,월요일,충청남도 청양군 청양읍,경상사고,0,0,1,0,차대사람 - 기타,안전운전불이행,건조,맑음,단일로 - 기타,화물,남,73세,상해없음,보행자,여,84세,경상
2019120200100226,2019년 12월 2일 11시,월요일,충청남도 서산시 동문동,중상사고,0,1,0,0,차대사람 - 기타,보행자보호의무위반,건조,맑음,교차로 - 교차로부근,승용,남,73세,상해없음,보행자,여,50세,중상
2019120200100227,2019년 12월 2일 11시,월요일,충청남도 천안시 서북구 두정동,경상사고,0,0,1,0,차대차 - 측면충돌,신호위반,건조,맑음,교차로 - 교차로안,승용,여,38세,상해없음,승용,여,33세,경상
2019120200100228,2019년 12월 2일 11시,월요일,충청남도 아산시 배방읍,경상사고,0,0,2,0,차대차 - 기타,신호위반,건조,맑음,교차로 - 교차로안,승용,남,38세,상해없음,승용,남,37세,경상
2019120200100229,2019년 12월 2일 11시,월요일,충청남도 천안시 동남구 봉명동,경상사고,0,0,1,0,차대차 - 후진중충돌,안전운전불이행,건조,맑음,단일로 - 기타,화물,남,46세,상해없음,승용,여,29세,경상
2019120200100281,2019년 12월 2일 13시,월요일,충청남도 천안시 서북구 성환읍,경상사고,0,0,1,0,차대차 - 기타,안전운전불이행,건조,맑음,교차로 - 교차로부근,화물,남,57세,상해없음,특수,남,49세,경상
2019120200100332,2019년 12월 2일 15시,월요일,충청남도 천안시 동남구 신부동,경상사고,0,0,1,0,차대차 - 정면충돌,안전운전불이행,젖음/습기,눈,단일로 - 기타,승용,여,39세,상해없음,승용,여,57세,경상
2019120200100333,2019년 12월 2일 15시,월요일,충청남도 논산시 연무읍,경상사고,0,0,2,0,차대차 - 추돌,안전운전불이행,건조,맑음,단일로 - 기타,승용,남,61세,상해없음,화물,남,35세,경상
2019120200100382,2019년 12월 2일 16시,월요일,충청남도 서산시 석림동,중상사고,0,1,0,0,차대차 - 측면충돌,신호위반,건조,맑음,교차로 - 교차로안,화물,남,77세,상해없음,승용,남,73세,중상
2019120200100383,2019년 12월 2일 16시,월요일,충청남도 천안시 서북구 성정동,경상사고,0,0,1,0,차대차 - 측면충돌,안전운전불이행,젖음/습기,비,단일로 - 기타,승용,남,44세,상해없음,승용,남,35세,경상
2019120200100384,2019년 12월 2일 16시,월요일,충청남도 아산시 용화동,중상사고,0,1,3,0,차대차 - 기타,신호위반,건조,맑음,교차로 - 교차로안,승용,남,70세,경상,승용,남,40세,기타불명
2019120200100439,2019년 12월 2일 17시,월요일,충청남도 서천군 한산면,사망사고,1,0,0,0,차대사람 - 기타,과속,건조,맑음,단일로 - 기타,승용,남,64세,상해없음,보행자,남,70세,사망
2019120200100440,2019년 12월 2일 17시,월요일,충청남도 청양군 청양읍,경상사고,0,0,1,0,차대차 - 기타,안전운전불이행,건조,맑음,교차로 - 교차로안,승용,여,65세,상해없음,승용,여,51세,경상
2019120200100441,2019년 12월 2일 17시,월요일,충청남도 천안시 서북구 쌍용동,중상사고,0,1,0,0,차대사람 - 횡단중,안전운전불이행,젖음/습기,비,교차로 - 교차로안,승용,남,55세,상해없음,보행자,여,48세,중상
2019120200100442,2019년 12월 2일 17시,월요일,충청남도 천안시 동남구 신부동,경상사고,0,0,1,0,차대차 - 측면충돌,교차로운행방법위반,건조,맑음,교차로 - 교차로안,승용,남,50세,상해없음,화물,남,36세,경상
2019120200100497,2019년 12월 2일 18시,월요일,충청남도 서산시 해미면,중상사고,0,1,2,0,차대사람 - 차도통행중,안전운전불이행,건조,맑음,단일로 - 기타,자전거,남,63세,경상,보행자,여,56세,경상
2019120200100498,2019년 12월 2일 18시,월요일,충청남도 천안시 서북구 두정동,경상사고,0,0,1,0,차대차 - 측면충돌,안전운전불이행,건조,맑음,교차로 - 교차로안,승용,남,33세,상해없음,승용,여,27세,경상
2019120200100499,2019년 12월 2일 18시,월요일,충청남도 논산시 벌곡면,중상사고,0,1,0,0,차대차 - 정면충돌,교차로운행방법위반,건조,맑음,교차로 - 교차로안,승합,남,61세,상해없음,승용,남,63세,중상
2019120200100500,2019년 12월 2일 18시,월요일,충청남도 부여군 부여읍,부상신고사고,0,0,0,1,차대사람 - 횡단중,안전운전불이행,건조,맑음,교차로 - 교차로부근,승용,남,37세,상해없음,보행자,남,16세,부상신고
2019120200100501,2019년 12월 2일 18시,월요일,충청남도 당진시 송악읍,경상사고,0,0,1,0,차대차 - 기타,안전운전불이행,건조,맑음,단일로 - 기타,승용,남,25세,상해없음,승용,남,39세,경상
2019120200100502,2019년 12월 2일 18시,월요일,충청남도 천안시 동남구 봉명동,경상사고,0,0,3,0,차대차 - 측면충돌,안전거리미확보,건조,맑음,단일로 - 기타,승용,여,37세,상해없음,승합,남,33세,경상
2019120200100503,2019년 12월 2일 18시,월요일,충청남도 천안시 동남구 신방동,중상사고,0,1,0,0,차대차 - 측면충돌,차로위반,건조,맑음,단일로 - 지하차도(도로)내,승용,남,23세,상해없음,승용,남,40세,중상
2019120200100544,2019년 12월 2일 19시,월요일,충청남도 서산시 석남동,경상사고,0,0,1,0,차대차 - 측면충돌,직진우회전진행방해,건조,맑음,교차로 - 교차로부근,승용,남,46세,상해없음,승용,남,37세,경상
2019120200100545,2019년 12월 2일 19시,월요일,충청남도 보령시 동대동,경상사고,0,0,1,0,차대차 - 정면충돌,안전운전불이행,건조,맑음,교차로 - 교차로안,승용,여,39세,상해없음,승용,여,54세,경상
2019120200100546,2019년 12월 2일 19시,월요일,충청남도 부여군 임천면,중상사고,0,1,0,0,차대사람 - 길가장자리구역통행중,안전운전불이행,건조,맑음,단일로 - 기타,승용,여,70세,상해없음,보행자,남,79세,중상
2019120200100571,2019년 12월 2일 20시,월요일,충청남도 천안시 동남구 봉명동,경상사고,0,0,1,0,차대사람 - 기타,안전운전불이행,건조,맑음,단일로 - 기타,이륜,남,57세,상해없음,보행자,남,13세,경상
2019120200100617,2019년 12월 2일 22시,월요일,충청남도 아산시 음봉면,경상사고,0,0,1,0,차대차 - 기타,안전운전불이행,건조,맑음,교차로 - 교차로부근,승용,남,34세,상해없음,개인형이동수단(PM),남,28세,경상
2019120200100636,2019년 12월 2일 23시,월요일,충청남도 천안시 서북구 성거읍,중상사고,0,1,0,0,차량단독 - 공작물충돌,안전운전불이행,건조,맑음,단일로 - 기타,승용,남,44세,상해없음,,,,
2019120300100025,2019년 12월 3일 00시,화요일,충청남도 천안시 서북구 쌍용동,경상사고,0,0,1,0,차대차 - 측면충돌,안전운전불이행,건조,맑음,단일로 - 기타,승합,남,25세,상해없음,승용,남,39세,경상
2019120300100026,2019년 12월 3일 00시,화요일,충청남도 천안시 서북구 불당동,경상사고,0,0,1,0,차대차 - 측면충돌,안전운전불이행,건조,맑음,단일로 - 기타,승용,남,27세,상해없음,승용,남,30세,경상
2019120300100059,2019년 12월 3일 05시,화요일,충청남도 아산시 배방읍,경상사고,0,0,1,0,차대차 - 기타,신호위반,건조,맑음,교차로 - 교차로안,이륜,남,15세,경상,승용,남,32세,상해없음
2019120300100075,2019년 12월 3일 06시,화요일,충청남도 아산시 방축동,경상사고,0,0,2,0,차대차 - 기타,신호위반,건조,맑음,교차로 - 교차로안,승용,남,25세,상해없음,승용,남,50세,경상
2019120300100076,2019년 12월 3일 06시,화요일,충청남도 서천군 마서면,사망사고,1,0,0,0,차대사람 - 횡단중,보행자보호의무위반,젖음/습기,흐림,교차로 - 교차로안,화물,여,51세,상해없음,보행자,여,73세,사망
2019120300100132,2019년 12월 3일 08시,화요일,충청남도 아산시 탕정면,중상사고,0,1,0,0,차대차 - 기타,안전운전불이행,건조,맑음,단일로 - 교량,특수,남,54세,상해없음,화물,남,58세,중상
2019120300100179,2019년 12월 3일 09시,화요일,충청남도 천안시 동남구 원성동,중상사고,0,2,1,0,차대차 - 추돌,안전거리미확보,건조,맑음,교차로 - 교차로부근,승용,남,46세,경상,승용,여,61세,중상
2019120300100180,2019년 12월 3일 09시,화요일,충청남도 태안군 근흥면,중상사고,0,1,1,0,차대차 - 측면충돌,중앙선침범,젖음/습기,비,단일로 - 기타,화물,남,78세,경상,화물,남,71세,중상
2019120300100216,2019년 12월 3일 10시,화요일,충청남도 당진시 원당리,경상사고,0,0,2,0,차대차 - 측면충돌,직진우회전진행방해,젖음/습기,흐림,교차로 - 교차로안,승용,여,67세,경상,승용,남,23세,경상
2019120300100239,2019년 12월 3일 11시,화요일,충청남도 천안시 동남구 용곡동,경상사고,0,0,1,0,차대차 - 측면충돌,안전운전불이행,건조,맑음,단일로 - 기타,승용,남,38세,상해없음,승용,남,57세,경상
2019120300100267,2019년 12월 3일 12시,화요일,충청남도 논산시 관촉동,중상사고,0,1,0,1,차대차 - 측면충돌,신호위반,건조,맑음,교차로 - 교차로안,승용,남,34세,부상신고,화물,남,33세,중상
2019120300100268,2019년 12월 3일 12시,화요일,충청남도 아산시 배방읍,경상사고,0,0,1,0,차대차 - 기타,신호위반,건조,맑음,교차로 - 교차로안,승용,남,73세,상해없음,승용,남,54세,경상
2019120300100269,2019년 12월 3일 12시,화요일,충청남도 천안시 동남구 대흥동,경상사고,0,0,1,0,차대차 - 측면충돌,안전운전불이행,건조,맑음,교차로 - 교차로부근,자전거,남,66세,경상,승합,남,41세,상해없음
2019120300100311,2019년 12월 3일 13시,화요일,충청남도 천안시 동남구 풍세면,경상사고,0,0,1,0,차대차 - 측면충돌,안전운전불이행,젖음/습기,비,교차로 - 교차로안,화물,남,75세,상해없음,이륜,남,75세,경상
2019120300100312,2019년 12월 3일 13시,화요일,충청남도 태안군 태안읍,경상사고,0,0,2,1,차대차 - 추돌,안전운전불이행,젖음/습기,맑음,교차로 - 교차로안,승용,여,66세,부상신고,화물,남,80세,경상
2019120300100345,2019년 12월 3일 14시,화요일,충청남도 천안시 서북구 쌍용동,경상사고,0,0,1,0,차대사람 - 횡단중,안전운전불이행,젖음/습기,비,교차로 - 교차로안,승용,여,35세,상해없음,보행자,여,52세,경상
2019120300100346,2019년 12월 3일 14시,화요일,충청남도 서천군 비인면,중상사고,0,1,0,0,차대차 - 기타,직진우회전진행방해,젖음/습기,비,단일로 - 기타,건설기계,남,68세,상해없음,화물,남,32세,중상
2019120300100459,2019년 12월 3일 17시,화요일,충청남도 당진시 송산면,중상사고,0,1,0,0,차대차 - 기타,신호위반,젖음/습기,비,단일로 - 기타,승용,남,55세,상해없음,이륜,남,46세,중상
2019120300100512,2019년 12월 3일 18시,화요일,충청남도 천안시 서북구 성정동,부상신고사고,0,0,0,1,차대차 - 기타,안전운전불이행,젖음/습기,비,교차로 - 교차로안,이륜,남,25세,부상신고,승용,남,22세,상해없음
2019120300100581,2019년 12월 3일 20시,화요일,충청남도 천안시 서북구 백석동,중상사고,0,1,0,0,차대차 - 측면충돌,안전운전불이행,젖음/습기,비,교차로 - 교차로안,자전거,여,24세,중상,승용,남,33세,상해없음
2019120300100667,2019년 12월 3일 23시,화요일,충청남도 금산군 추부면,중상사고,0,1,2,0,차대사람 - 기타,안전운전불이행,건조,맑음,기타 - 기타,승용,남,18세,상해없음,보행자,남,19세,경상
2019120400100047,2019년 12월 4일 00시,수요일,충청남도 천안시 서북구 두정동,경상사고,0,0,1,1,차대차 - 추돌,안전운전불이행,젖음/습기,비,단일로 - 기타,승용,남,30세,부상신고,승용,여,33세,경상
2019120400100048,2019년 12월 4일 00시,수요일,충청남도 천안시 동남구 신방동,중상사고,0,1,1,0,차대사람 - 차도통행중,안전운전불이행,젖음/습기,비,단일로 - 기타,승용,남,33세,상해없음,보행자,여,39세,중상
2019120400100057,2019년 12월 4일 01시,수요일,충청남도 천안시 서북구 성정동,경상사고,0,0,1,0,차대차 - 측면충돌,안전운전불이행,젖음/습기,흐림,교차로 - 교차로안,승용,남,32세,상해없음,승용,여,46세,경상
2019120400100058,2019년 12월 4일 01시,수요일,충청남도 천안시 서북구 불당동,경상사고,0,0,1,1,차대차 - 측면충돌,신호위반,젖음/습기,흐림,교차로 - 교차로안,승용,남,46세,부상신고,승용,남,60세,경상
2019120400100059,2019년 12월 4일 01시,수요일,충청남도 공주시 신관동,경상사고,0,0,2,0,차대차 - 추돌,안전거리미확보,건조,맑음,단일로 - 기타,승용,남,26세,상해없음,승용,남,31세,경상
2019120400100212,2019년 12월 4일 08시,수요일,충청남도 천안시 서북구 백석동,경상사고,0,0,5,0,차대차 - 추돌,안전운전불이행,건조,맑음,단일로 - 지하차도(도로)내,화물,남,37세,상해없음,승용,여,31세,경상
2019120400100213,2019년 12월 4일 08시,수요일,충청남도 서천군 서천읍,중상사고,0,2,0,0,차대사람 - 보도통행중,안전운전불이행,건조,맑음,단일로 - 기타,승용,여,50세,중상,보행자,여,77세,중상
2019120400100214,2019년 12월 4일 08시,수요일,충청남도 당진시 신평면,경상사고,0,0,1,0,차대차 - 측면충돌,직진우회전진행방해,건조,맑음,교차로 - 교차로안,승용,여,48세,경상,화물,남,52세,상해없음
2019120400100215,2019년 12월 4일 08시,수요일,충청남도 천안시 동남구 유량동,경상사고,0,0,1,0,차대차 - 측면충돌,직진우회전진행방해,건조,맑음,교차로 - 교차로안,승용,남,23세,상해없음,승합,남,45세,경상
2019120400100257,2019년 12월 4일 09시,수요일,충청남도 금산군 추부면,중상사고,0,1,0,0,차대차 - 측면충돌,교차로운행방법위반,젖음/습기,흐림,교차로 - 교차로안,이륜,남,69세,중상,화물,남,61세,상해없음
2019120400100258,2019년 12월 4일 09시,수요일,충청남도 천안시 동남구 청수동,중상사고,0,1,0,0,차대사람 - 횡단중,보행자보호의무위반,건조,맑음,교차로 - 교차로안,승용,남,57세,상해없음,보행자,남,90세 이상,중상
2019120400100338,2019년 12월 4일 11시,수요일,충청남도 논산시 성동면,부상신고사고,0,0,0,1,차대차 - 측면충돌,안전운전불이행,건조,맑음,단일로 - 기타,이륜,남,60세,부상신고,승용,여,40세,상해없음
2019120400100339,2019년 12월 4일 11시,수요일,충청남도 아산시 배방읍,경상사고,0,0,1,1,차대차 - 기타,안전운전불이행,건조,맑음,단일로 - 기타,이륜,남,47세,부상신고,승용,남,29세,경상
2019120400100375,2019년 12월 4일 12시,수요일,충청남도 청양군 정산면,중상사고,0,1,0,0,차량단독 - 도로외이탈 - 추락,안전운전불이행,건조,맑음,단일로 - 기타,이륜,여,79세,중상,,,,
2019120400100428,2019년 12월 4일 14시,수요일,충청남도 당진시 읍내리,경상사고,0,0,1,0,차대사람 - 기타,안전운전불이행,건조,맑음,단일로 - 기타,승용,여,40세,상해없음,보행자,여,70세,경상
2019120400100456,2019년 12월 4일 15시,수요일,충청남도 공주시 산성동,경상사고,0,0,3,0,차대차 - 측면충돌,안전운전불이행,건조,맑음,교차로 - 교차로안,승용,남,70세,상해없음,승용,남,47세,경상
2019120400100489,2019년 12월 4일 16시,수요일,충청남도 당진시 송악읍,사망사고,1,2,0,0,차대차 - 기타,중앙선침범,젖음/습기,흐림,단일로 - 기타,승용,여,56세,사망,승용,남,31세,중상
2019120400100589,2019년 12월 4일 18시,수요일,충청남도 보령시 동대동,경상사고,0,0,1,0,차대사람 - 횡단중,안전운전불이행,젖음/습기,비,교차로 - 교차로안,승합,남,67세,상해없음,보행자,여,50세,경상
2019120400100590,2019년 12월 4일 18시,수요일,충청남도 천안시 동남구 청당동,경상사고,0,0,1,0,차대차 - 측면충돌,신호위반,건조,맑음,교차로 - 교차로안,이륜,남,18세,경상,승용,남,45세,상해없음
2019120400100675,2019년 12월 4일 20시,수요일,충청남도 아산시 풍기동,경상사고,0,0,1,0,차대차 - 기타,신호위반,건조,맑음,교차로 - 교차로부근,승용,남,23세,상해없음,승용,여,36세,경상
2019120400100702,2019년 12월 4일 21시,수요일,충청남도 서산시 대산읍,중상사고,0,1,1,0,차대차 - 추돌,안전운전불이행,건조,맑음,교차로 - 교차로부근,화물,남,50세,상해없음,승용,남,61세,경상
2019120400100738,2019년 12월 4일 23시,수요일,충청남도 서산시 읍내동,경상사고,0,0,1,0,차대차 - 측면충돌,안전운전불이행,건조,맑음,단일로 - 기타,승용,남,23세,상해없음,승용,남,61세,경상
2019120500100041,2019년 12월 5일 00시,목요일,충청남도 천안시 동남구 목천읍,경상사고,0,0,1,0,차대차 - 추돌,안전운전불이행,건조,맑음,단일로 - 기타,승용,남,47세,상해없음,승용,남,50세,경상
2019120500100079,2019년 12월 5일 05시,목요일,충청남도 금산군 금산읍,경상사고,0,0,1,0,차대차 - 측면충돌,교차로운행방법위반,젖음/습기,흐림,교차로 - 교차로안,승용,남,29세,경상,화물,남,35세,상해없음
2019120500100113,2019년 12월 5일 07시,목요일,충청남도 아산시 배방읍,경상사고,0,0,1,0,차대사람 - 횡단중,보행자보호의무위반,건조,맑음,교차로 - 교차로횡단보도내,승용,남,58세,상해없음,보행자,남,55세,경상
2019120500100149,2019년 12월 5일 08시,목요일,충청남도 천안시 서북구 성정동,경상사고,0,0,1,0,차대사람 - 횡단중,신호위반,건조,맑음,교차로 - 교차로안,승용,남,52세,상해없음,보행자,여,52세,경상
2019120500100150,2019년 12월 5일 08시,목요일,충청남도 아산시 염치읍,경상사고,0,0,1,0,차대차 - 기타,안전운전불이행,건조,맑음,단일로 - 기타,승용,여,59세,상해없음,자전거,남,84세,경상
2019120500100151,2019년 12월 5일 08시,목요일,충청남도 당진시 채운동,경상사고,0,0,1,0,차대차 - 기타,신호위반,건조,맑음,교차로 - 교차로안,승용,여,36세,상해없음,승용,여,46세,경상
2019120500100219,2019년 12월 5일 10시,목요일,충청남도 천안시 동남구 목천읍,경상사고,0,0,1,0,차대차 - 측면충돌,안전운전불이행,건조,맑음,단일로 - 기타,화물,남,58세,상해없음,승용,여,58세,경상
2019120500100309,2019년 12월 5일 13시,목요일,충청남도 천안시 동남구 풍세면,경상사고,0,0,1,0,차대차 - 측면충돌,안전운전불이행,건조,맑음,교차로 - 교차로부근,승용,남,29세,상해없음,화물,남,59세,경상
2019120500100346,2019년 12월 5일 14시,목요일,충청남도 서천군 서면,경상사고,0,0,1,0,차대차 - 추돌,안전운전불이행,건조,맑음,단일로 - 기타,승용,남,60세,상해없음,승용,남,46세,경상
2019120500100381,2019년 12월 5일 15시,목요일,충청남도 서산시 동문동,경상사고,0,0,1,0,차대차 - 추돌,직진우회전진행방해,건조,맑음,교차로 - 교차로안,승용,여,54세,상해없음,승용,여,25세,경상
2019120500100382,2019년 12월 5일 15시,목요일,충청남도 서산시 석남동,부상신고사고,0,0,0,1,차대차 - 측면충돌,안전운전불이행,건조,맑음,단일로 - 기타,이륜,남,70세,부상신고,승용,남,80세,상해없음
2019120500100383,2019년 12월 5일 15시,목요일,충청남도 천안시 동남구 봉명동,경상사고,0,0,2,0,차대차 - 측면충돌,교차로운행방법위반,건조,맑음,교차로 - 교차로안,승용,남,22세,경상,이륜,남,38세,경상
2019120500100384,2019년 12월 5일 15시,목요일,충청남도 천안시 서북구 입장면,경상사고,0,0,1,0,차대차 - 기타,안전운전불이행,건조,맑음,주차장 - 주차장,승용,남,31세,상해없음,승합,남,60세,경상
2019120500100419,2019년 12월 5일 16시,목요일,충청남도 천안시 동남구 사직동,경상사고,0,0,1,0,차대사람 - 기타,안전운전불이행,건조,맑음,단일로 - 기타,승용,남,51세,상해없음,보행자,남,45세,경상
2019120500100522,2019년 12월 5일 18시,목요일,충청남도 천안시 서북구 와촌동,경상사고,0,0,1,0,차대차 - 기타,신호위반,건조,맑음,교차로 - 교차로안,승용,남,34세,상해없음,승합,남,32세,경상
2019120500100523,2019년 12월 5일 18시,목요일,충청남도 천안시 서북구 백석동,경상사고,0,0,1,0,차대차 - 추돌,안전운전불이행,건조,맑음,교차로 - 교차로안,승용,남,51세,상해없음,승용,남,52세,경상
2019120500100524,2019년 12월 5일 18시,목요일,충청남도 아산시 배방읍,경상사고,0,0,1,0,차대차 - 후진중충돌,안전운전불이행,건조,맑음,단일로 - 기타,승용,여,48세,상해없음,승용,남,28세,경상
2019120500100525,2019년 12월 5일 18시,목요일,충청남도 당진시 시곡리,경상사고,0,0,3,0,차대차 - 추돌,안전운전불이행,건조,맑음,단일로 - 기타,승용,남,45세,상해없음,승용,여,54세,경상
2019120500100526,2019년 12월 5일 18시,목요일,충청남도 당진시 송악읍,중상사고,0,1,0,0,차대차 - 기타,안전운전불이행,건조,맑음,기타 - 기타,화물,남,69세,상해없음,자전거,여,37세,중상
2019120500100527,2019년 12월 5일 18시,목요일,충청남도 당진시 신평면,경상사고,0,0,1,0,차대차 - 측면충돌,신호위반,건조,맑음,교차로 - 교차로안,승용,여,41세,상해없음,화물,남,53세,경상
2019120500100572,2019년 12월 5일 19시,목요일,충청남도 서산시 읍내동,경상사고,0,0,1,0,차대사람 - 기타,안전운전불이행,건조,맑음,교차로 - 교차로안,승용,여,69세,상해없음,보행자,남,57세,경상
2019120500100573,2019년 12월 5일 19시,목요일,충청남도 당진시 시곡리,중상사고,0,1,3,0,차대차 - 추돌,안전운전불이행,건조,맑음,단일로 - 기타,승용,남,25세,상해없음,승용,여,48세,경상
2019120500100574,2019년 12월 5일 19시,목요일,충청남도 천안시 동남구 용곡동,경상사고,0,0,1,0,차대차 - 측면충돌,안전운전불이행,건조,맑음,교차로 - 교차로부근,승용,여,53세,상해없음,화물,남,61세,경상
2019120500100608,2019년 12월 5일 20시,목요일,충청남도 천안시 서북구 백석동,중상사고,0,1,0,0,차대사람 - 횡단중,보행자보호의무위반,건조,맑음,단일로 - 기타,승용,여,47세,상해없음,보행자,남,36세,중상
2019120500100636,2019년 12월 5일 21시,목요일,충청남도 아산시 둔포면,경상사고,0,0,3,0,차대차 - 기타,안전운전불이행,건조,맑음,단일로 - 기타,승용,남,29세,상해없음,승용,여,31세,경상
2019120500100655,2019년 12월 5일 22시,목요일,충청남도 천안시 서북구 불당동,경상사고,0,0,2,0,차대차 - 측면충돌,교차로운행방법위반,건조,맑음,교차로 - 교차로안,승용,남,35세,경상,승용,남,24세,상해없음
2019120600100049,2019년 12월 6일 01시,금요일,충청남도 천안시 서북구 불당동,경상사고,0,0,1,0,차대차 - 측면충돌,안전운전불이행,건조,맑음,교차로 - 교차로부근,승용,남,25세,상해없음,원동기,남,52세,경상
2019120600100086,2019년 12월 6일 06시,금요일,충청남도 천안시 동남구 목천읍,경상사고,0,0,6,0,차대차 - 측면충돌,안전운전불이행,건조,맑음,교차로 - 교차로안,승용,여,41세,경상,승용,남,18세,경상
2019120600100104,2019년 12월 6일 07시,금요일,충청남도 보령시 명천동,중상사고,0,1,0,0,차량단독 - 기타,기타,건조,맑음,기타 - 기타,화물,남,54세,중상,,,,
2019120600100148,2019년 12월 6일 08시,금요일,충청남도 서천군 서천읍,경상사고,0,0,1,0,차대차 - 측면충돌,신호위반,건조,맑음,교차로 - 교차로안,승용,남,58세,상해없음,승용,여,51세,경상
2019120600100192,2019년 12월 6일 09시,금요일,충청남도 부여군 부여읍,경상사고,0,0,1,0,차대차 - 측면충돌,안전운전불이행,건조,맑음,교차로 - 교차로안,승용,남,72세,상해없음,자전거,여,62세,경상
2019120600100193,2019년 12월 6일 09시,금요일,충청남도 당진시 송악읍,경상사고,0,0,1,0,차대차 - 측면충돌,신호위반,건조,맑음,교차로 - 교차로안,화물,남,40세,상해없음,특수,남,48세,경상
2019120600100225,2019년 12월 6일 10시,금요일,충청남도 천안시 동남구 원성동,경상사고,0,0,1,0,차대차 - 측면충돌,안전운전불이행,건조,맑음,단일로 - 기타,승용,여,55세,상해없음,승용,남,63세,경상
2019120600100226,2019년 12월 6일 10시,금요일,충청남도 태안군 안면읍,중상사고,0,1,2,0,차대차 - 측면충돌,안전운전불이행,건조,맑음,단일로 - 기타,승용,남,76세,경상,승합,남,61세,중상
2019120600100253,2019년 12월 6일 11시,금요일,충청남도 서천군 서면,경상사고,0,0,2,0,차대차 - 측면충돌,안전운전불이행,서리/결빙,맑음,단일로 - 기타,승용,남,50세,상해없음,승용,여,33세,경상
2019120600100294,2019년 12월 6일 12시,금요일,충청남도 천안시 서북구 불당동,중상사고,0,1,0,0,차대차 - 추돌,과속,건조,맑음,단일로 - 기타,승용,여,26세,상해없음,이륜,남,30세,중상
2019120600100295,2019년 12월 6일 12시,금요일,충청남도 당진시 신평면,경상사고,0,0,1,0,차대차 - 측면충돌,교차로운행방법위반,건조,맑음,교차로 - 교차로안,화물,남,39세,상해없음,승용,남,54세,경상
2019120600100296,2019년 12월 6일 12시,금요일,충청남도 금산군 금산읍,중상사고,0,1,0,0,차대사람 - 기타,안전운전불이행,건조,맑음,단일로 - 기타,승합,남,59세,상해없음,보행자,여,76세,중상
2019120600100324,2019년 12월 6일 13시,금요일,충청남도 천안시 서북구 두정동,경상사고,0,0,1,0,차대차 - 기타,직진우회전진행방해,건조,맑음,교차로 - 교차로안,승용,여,52세,상해없음,이륜,남,26세,경상
2019120600100359,2019년 12월 6일 14시,금요일,충청남도 논산시 부창동,중상사고,0,1,0,0,차대차 - 측면충돌,안전운전불이행,건조,맑음,단일로 - 기타,화물,남,43세,상해없음,자전거,여,81세,중상
2019120600100360,2019년 12월 6일 14시,금요일,충청남도 당진시 시곡리,경상사고,0,0,2,0,차대차 - 추돌,안전거리미확보,건조,맑음,교차로 - 교차로안,화물,남,61세,상해없음,승용,여,37세,경상
2019120600100429,2019년 12월 6일 16시,금요일,충청남도 공주시 반포면,중상사고,0,1,1,0,차대차 - 정면충돌,안전운전불이행,건조,맑음,교차로 - 교차로안,화물,남,61세,기타불명,승용,여,54세,중상
2019120600100430,2019년 12월 6일 16시,금요일,충청남도 예산군 예산읍,경상사고,0,0,1,0,차대차 - 측면충돌,신호위반,건조,맑음,교차로 - 교차로안,승용,여,47세,상해없음,승용,남,28세,경상
2019120600100471,2019년 12월 6일 17시,금요일,충청남도 아산시 온천동,중상사고,0,1,0,0,차대차 - 기타,안전운전불이행,건조,맑음,교차로 - 교차로안,승용,남,56세,상해없음,이륜,남,63세,중상
2019120600100472,2019년 12월 6일 17시,금요일,충청남도 보령시 대천동,중상사고,0,1,0,0,차대차 - 추돌,안전운전불이행,건조,맑음,교차로 - 교차로부근,이륜,남,49세,상해없음,승용,남,60세,중상
2019120600100473,2019년 12월 6일 17시,금요일,충청남도 청양군 청양읍,경상사고,0,0,1,0,차대차 - 측면충돌,안전운전불이행,건조,흐림,교차로 - 교차로안,화물,남,75세,상해없음,승용,여,28세,경상
2019120600100530,2019년 12월 6일 18시,금요일,충청남도 당진시 원당리,경상사고,0,0,3,0,차대차 - 추돌,안전운전불이행,건조,맑음,단일로 - 기타,승용,여,39세,상해없음,승용,여,53세,경상
2019120600100531,2019년 12월 6일 18시,금요일,충청남도 태안군 안면읍,경상사고,0,0,1,0,차대차 - 추돌,안전운전불이행,건조,맑음,단일로 - 기타,승용,남,54세,상해없음,승용,남,41세,경상
2019120600100603,2019년 12월 6일 19시,금요일,충청남도 서산시 읍내동,경상사고,0,0,1,0,차대차 - 기타,중앙선침범,건조,맑음,단일로 - 기타,승용,여,65세,상해없음,이륜,남,51세,경상
2019120600100604,2019년 12월 6일 19시,금요일,충청남도 천안시 서북구 두정동,중상사고,0,1,0,0,차대차 - 기타,안전운전불이행,건조,맑음,단일로 - 기타,승용,남,37세,상해없음,이륜,남,30세,중상