사고번호,사고일시,요일,시군구,사고내용,사망자수,중상자수,경상자수,부상신고자수,사고유형,법규위반,노면상태,기상상태,도로형태,가해운전자 차종,가해운전자 성별,가해운전자 연령,가해운전자 상해정도,피해운전자 차종,피해운전자 성별,피해운전자 연령,피해운전자 상해정도
2019120600100605,2019년 12월 6일 19시,금요일,충청남도 천안시 서북구 두정동,경상사고,0,0,3,1,차대차 - 추돌,안전운전불이행,건조,맑음,단일로 - 고가도로위,승용,남,36세,부상신고,승용,남,27세,경상
2019120600100606,2019년 12월 6일 19시,금요일,충청남도 천안시 동남구 청당동,경상사고,0,0,1,0,차대차 - 측면충돌,안전운전불이행,건조,맑음,교차로 - 교차로부근,승용,남,66세,상해없음,승용,남,25세,경상
2019120600100648,2019년 12월 6일 20시,금요일,충청남도 천안시 동남구 오룡동,경상사고,0,0,1,0,차대차 - 기타,안전운전불이행,건조,맑음,교차로 - 교차로안,승용,남,49세,상해없음,승용,여,53세,기타불명
2019120600100687,2019년 12월 6일 21시,금요일,충청남도 천안시 서북구 성정동,경상사고,0,0,3,0,차대차 - 추돌,안전운전불이행,건조,맑음,교차로 - 교차로부근,승용,남,36세,상해없음,승용,남,66세,경상
2019120600100688,2019년 12월 6일 21시,금요일,충청남도 당진시 합덕읍,경상사고,0,0,1,0,차대차 - 측면충돌,교차로운행방법위반,건조,맑음,교차로 - 교차로안,승용,여,29세,상해없음,승용,남,48세,경상
2019120600100721,2019년 12월 6일 22시,금요일,충청남도 당진시 수청리,경상사고,0,0,4,0,차대차 - 측면충돌,안전거리미확보,건조,맑음,단일로 - 기타,승용,남,71세,상해없음,승용,남,44세,경상
2019120600100749,2019년 12월 6일 23시,금요일,충청남도 천안시 서북구 성정동,경상사고,0,0,1,0,차대차 - 후진중충돌,안전운전불이행,건조,맑음,단일로 - 기타,승용,남,56세,상해없음,승용,남,27세,경상
2019120600100750,2019년 12월 6일 23시,금요일,충청남도 공주시 신관동,중상사고,0,1,0,0,차대차 - 정면충돌,안전운전불이행,건조,맑음,단일로 - 기타,이륜,남,17세,중상,화물,남,52세,상해없음
2019120600100751,2019년 12월 6일 23시,금요일,충청남도 천안시 동남구 안서동,중상사고,0,1,0,0,차대사람 - 기타,기타,건조,맑음,단일로 - 기타,승용,남,49세,상해없음,보행자,남,62세,중상
2019120700100035,2019년 12월 7일 00시,토요일,충청남도 천안시 동남구 신방동,경상사고,0,0,2,0,차대차 - 추돌,안전운전불이행,건조,맑음,단일로 - 기타,승용,여,37세,상해없음,승용,남,56세,경상
2019120700100065,2019년 12월 7일 02시,토요일,충청남도 천안시 서북구 두정동,경상사고,0,0,1,0,차대사람 - 기타,안전운전불이행,건조,맑음,단일로 - 기타,승용,남,28세,상해없음,보행자,여,19세,경상
2019120700100066,2019년 12월 7일 02시,토요일,충청남도 공주시 탄천면,경상사고,0,0,1,0,차량단독 - 공작물충돌,안전운전불이행,건조,맑음,단일로 - 기타,승용,남,36세,경상,,,,
2019120700100099,2019년 12월 7일 05시,토요일,충청남도 천안시 서북구 두정동,중상사고,0,1,0,0,차대차 - 측면충돌,신호위반,건조,맑음,교차로 - 교차로안,승용,남,69세,상해없음,승용,남,26세,중상
2019120700100216,2019년 12월 7일 11시,토요일,충청남도 천안시 서북구 두정동,경상사고,0,0,1,0,차대차 - 측면충돌,안전운전불이행,건조,맑음,교차로 - 교차로안,승합,남,44세,상해없음,승용,남,48세,경상
2019120700100217,2019년 12월 7일 11시,토요일,충청남도 아산시 배방읍,경상사고,0,0,2,0,차대차 - 기타,안전운전불이행,건조,맑음,단일로 - 기타,승용,남,70세,상해없음,화물,남,56세,경상
2019120700100259,2019년 12월 7일 12시,토요일,충청남도 청양군 비봉면,경상사고,0,0,1,0,차량단독 - 전도전복 - 전도,안전운전불이행,건조,맑음,단일로 - 기타,승용,남,74세,경상,,,,
2019120700100334,2019년 12월 7일 14시,토요일,충청남도 서산시 읍내동,경상사고,0,0,1,0,차대사람 - 길가장자리구역통행중,안전운전불이행,젖음/습기,비,단일로 - 기타,승용,여,39세,상해없음,보행자,여,27세,경상
2019120700100440,2019년 12월 7일 17시,토요일,충청남도 서산시 운산면,중상사고,0,1,0,0,차량단독 - 공작물충돌,안전운전불이행,서리/결빙,맑음,단일로 - 기타,승용,남,45세,중상,,,,
2019120700100441,2019년 12월 7일 17시,토요일,충청남도 홍성군 홍성읍,경상사고,0,0,1,0,차대차 - 측면충돌,안전운전불이행,젖음/습기,흐림,단일로 - 기타,화물,남,50세,상해없음,승용,남,64세,경상
2019120700100489,2019년 12월 7일 18시,토요일,충청남도 천안시 동남구 봉명동,경상사고,0,0,1,0,차대차 - 측면충돌,신호위반,건조,맑음,교차로 - 교차로안,승용,여,50세,상해없음,이륜,남,43세,경상
2019120700100490,2019년 12월 7일 18시,토요일,충청남도 천안시 동남구 삼룡동,경상사고,0,0,2,0,차대차 - 추돌,안전거리미확보,건조,맑음,단일로 - 기타,화물,남,57세,상해없음,승용,남,71세,경상
2019120700100491,2019년 12월 7일 18시,토요일,충청남도 천안시 동남구 성남면,부상신고사고,0,0,0,2,차대차 - 추돌,안전운전불이행,건조,맑음,단일로 - 기타,승용,남,62세,상해없음,승용,남,38세,부상신고
2019120700100544,2019년 12월 7일 19시,토요일,충청남도 천안시 서북구 성정동,경상사고,0,0,1,0,차대사람 - 기타,안전운전불이행,건조,맑음,단일로 - 기타,승용,여,53세,상해없음,보행자,여,47세,경상
2019120700100545,2019년 12월 7일 19시,토요일,충청남도 천안시 서북구 백석동,중상사고,0,1,0,0,차대차 - 측면충돌,중앙선침범,건조,맑음,교차로 - 교차로부근,승용,남,34세,상해없음,이륜,남,46세,중상
2019120700100546,2019년 12월 7일 19시,토요일,충청남도 홍성군 홍성읍,경상사고,0,0,2,0,차대차 - 측면충돌,안전운전불이행,서리/결빙,비,단일로 - 터널,화물,남,56세,경상,승용,남,26세,경상
2019120700100617,2019년 12월 7일 21시,토요일,충청남도 아산시 배방읍,경상사고,0,0,2,0,차대차 - 추돌,안전운전불이행,건조,맑음,단일로 - 기타,승용,남,27세,상해없음,승용,남,55세,경상
2019120700100647,2019년 12월 7일 22시,토요일,충청남도 공주시 정안면,중상사고,0,1,0,0,차대차 - 측면충돌,안전운전불이행,서리/결빙,비,단일로 - 기타,이륜,남,37세,중상,승용,남,30세,기타불명
2019120700100668,2019년 12월 7일 23시,토요일,충청남도 서산시 양대동,경상사고,0,0,1,0,차량단독 - 공작물충돌,안전운전불이행,건조,맑음,단일로 - 기타,승용,남,43세,경상,,,,
2019120800100029,2019년 12월 8일 00시,일요일,충청남도 홍성군 홍성읍,사망사고,1,0,0,0,차량단독 - 공작물충돌,안전운전불이행,서리/결빙,안개,단일로 - 기타,화물,남,55세,사망,,,,
2019120800100030,2019년 12월 8일 00시,일요일,충청남도 당진시 읍내리,경상사고,0,0,1,0,차대차 - 추돌,안전운전불이행,건조,맑음,단일로 - 기타,승용,남,24세,상해없음,화물,남,22세,경상
2019120800100031,2019년 12월 8일 00시,일요일,충청남도 천안시 동남구 목천읍,부상신고사고,0,0,0,1,차대차 - 측면충돌,직진우회전진행방해,건조,맑음,교차로 - 교차로안,승용,여,45세,부상신고,승용,남,37세,상해없음
2019120800100032,2019년 12월 8일 00시,일요일,충청남도 공주시 이인면,경상사고,0,0,1,0,차대차 - 측면충돌,안전운전불이행,건조,맑음,기타 - 기타,화물,남,46세,상해없음,화물,남,57세,경상
2019120800100069,2019년 12월 8일 01시,일요일,충청남도 천안시 서북구 성정동,경상사고,0,0,1,0,차대차 - 기타,교차로운행방법위반,건조,맑음,교차로 - 교차로안,승용,남,35세,경상,승용,남,36세,상해없음
2019120800100084,2019년 12월 8일 02시,일요일,충청남도 아산시 배방읍,경상사고,0,0,1,0,차대차 - 추돌,안전운전불이행,건조,흐림,교차로 - 교차로부근,승용,남,41세,상해없음,승용,남,48세,경상
2019120800100097,2019년 12월 8일 03시,일요일,충청남도 보령시 청소면,중상사고,0,1,0,0,차량단독 - 도로외이탈 - 기타,안전운전불이행,젖음/습기,안개,단일로 - 기타,화물,남,56세,중상,,,,
2019120800100110,2019년 12월 8일 04시,일요일,충청남도 서산시 음암면,경상사고,0,0,1,0,차대차 - 추돌,안전운전불이행,서리/결빙,흐림,단일로 - 교량,승용,남,21세,경상,승용,남,23세,상해없음
2019120800100111,2019년 12월 8일 04시,일요일,충청남도 천안시 동남구 청당동,중상사고,0,1,0,0,차대차 - 추돌,안전운전불이행,젖음/습기,안개,단일로 - 기타,기타불명,기타불명,미분류,기타불명,원동기,남,62세,중상
2019120800100119,2019년 12월 8일 05시,일요일,충청남도 천안시 서북구 불당동,경상사고,0,0,1,0,차대차 - 기타,신호위반,건조,맑음,교차로 - 교차로안,승용,남,32세,상해없음,승용,남,31세,경상
2019120800100120,2019년 12월 8일 05시,일요일,충청남도 아산시 탕정면,경상사고,0,0,1,0,차대차 - 추돌,안전운전불이행,서리/결빙,안개,단일로 - 교량,승합,남,56세,상해없음,승용,남,50세,경상
2019120800100124,2019년 12월 8일 06시,일요일,충청남도 예산군 오가면,경상사고,0,0,7,0,차대차 - 추돌,안전운전불이행,서리/결빙,안개,단일로 - 고가도로위,화물,남,57세,경상,화물,남,42세,경상
2019120800100125,2019년 12월 8일 06시,일요일,충청남도 부여군 규암면,경상사고,0,0,1,0,차대차 - 추돌,안전운전불이행,서리/결빙,흐림,단일로 - 교량,화물,남,45세,상해없음,화물,남,47세,경상
2019120800100126,2019년 12월 8일 06시,일요일,충청남도 부여군 부여읍,경상사고,0,0,2,0,차대차 - 추돌,안전운전불이행,서리/결빙,흐림,단일로 - 교량,화물,남,52세,상해없음,승용,남,51세,경상
2019120800100146,2019년 12월 8일 08시,일요일,충청남도 아산시 탕정면,부상신고사고,0,0,0,1,차대차 - 추돌,안전운전불이행,서리/결빙,흐림,단일로 - 기타,승용,남,58세,부상신고,승용,남,32세,상해없음
2019120800100147,2019년 12월 8일 08시,일요일,충청남도 보령시 대천동,경상사고,0,0,1,0,차대사람 - 횡단중,보행자보호의무위반,건조,맑음,교차로 - 교차로안,승용,남,71세,상해없음,보행자,여,74세,경상
2019120800100148,2019년 12월 8일 08시,일요일,충청남도 예산군 오가면,경상사고,0,0,1,0,차대차 - 추돌,안전운전불이행,서리/결빙,안개,단일로 - 고가도로위,승용,여,54세,상해없음,승용,여,52세,상해없음
2019120800100166,2019년 12월 8일 09시,일요일,충청남도 청양군 청양읍,중상사고,0,1,0,0,차대사람 - 기타,안전운전불이행,서리/결빙,맑음,단일로 - 기타,승용,여,44세,상해없음,보행자,남,23세,중상
2019120800100167,2019년 12월 8일 09시,일요일,충청남도 논산시 연무읍,부상신고사고,0,0,0,1,차대차 - 추돌,안전거리미확보,건조,맑음,단일로 - 기타,승용,여,38세,상해없음,승용,남,59세,부상신고
2019120800100216,2019년 12월 8일 11시,일요일,충청남도 예산군 예산읍,사망사고,1,0,0,0,차량단독 - 공작물충돌,안전운전불이행,서리/결빙,맑음,단일로 - 교량,승용,여,52세,사망,,,,
2019120800100233,2019년 12월 8일 12시,일요일,충청남도 논산시 강경읍,중상사고,0,1,0,0,차대차 - 측면충돌,교차로운행방법위반,건조,맑음,교차로 - 교차로안,승용,남,35세,상해없음,이륜,여,69세,중상
2019120800100234,2019년 12월 8일 12시,일요일,충청남도 아산시 풍기동,사망사고,1,0,0,0,차대사람 - 횡단중,안전운전불이행,건조,맑음,교차로 - 교차로횡단보도내,승용,여,46세,상해없음,보행자,남,87세,사망
2019120800100254,2019년 12월 8일 13시,일요일,충청남도 천안시 서북구 성거읍,경상사고,0,0,2,0,차대차 - 기타,중앙선침범,건조,맑음,단일로 - 기타,승용,남,46세,상해없음,화물,남,36세,경상
2019120800100255,2019년 12월 8일 13시,일요일,충청남도 홍성군 광천읍,사망사고,1,0,0,0,차량단독 - 전도전복 - 전복,안전운전불이행,건조,맑음,교차로 - 교차로부근,농기계,남,60세,사망,,,,
2019120800100256,2019년 12월 8일 13시,일요일,충청남도 공주시 유구읍,중상사고,0,1,2,0,차대차 - 측면충돌,신호위반,건조,맑음,교차로 - 교차로안,화물,남,74세,경상,승용,남,70세,중상
2019120800100284,2019년 12월 8일 14시,일요일,충청남도 청양군 청양읍,중상사고,0,1,0,0,차대사람 - 기타,안전운전불이행,건조,맑음,단일로 - 기타,승용,여,69세,상해없음,보행자,남,64세,중상
2019120800100312,2019년 12월 8일 15시,일요일,충청남도 당진시 고대면,사망사고,1,0,0,0,차량단독 - 공작물충돌,안전운전불이행,건조,맑음,단일로 - 기타,화물,남,71세,사망,,,,
2019120800100339,2019년 12월 8일 16시,일요일,충청남도 보령시 신흑동,경상사고,0,0,1,0,차대사람 - 기타,안전운전불이행,건조,맑음,단일로 - 기타,화물,남,66세,상해없음,보행자,남,33세,경상
2019120800100340,2019년 12월 8일 16시,일요일,충청남도 천안시 동남구 사직동,경상사고,0,0,1,0,차대사람 - 기타,안전운전불이행,건조,맑음,교차로 - 교차로안,승용,여,72세,상해없음,보행자,남,81세,경상
2019120800100374,2019년 12월 8일 17시,일요일,충청남도 서산시 동문동,중상사고,0,1,0,0,차대사람 - 횡단중,보행자보호의무위반,건조,맑음,단일로 - 기타,화물,남,61세,상해없음,보행자,여,63세,중상
2019120800100375,2019년 12월 8일 17시,일요일,충청남도 천안시 동남구 구룡동,중상사고,0,1,0,0,차대차 - 측면충돌,중앙선침범,건조,맑음,단일로 - 기타,승용,남,38세,상해없음,이륜,남,29세,중상
2019120800100402,2019년 12월 8일 18시,일요일,충청남도 천안시 서북구 성환읍,경상사고,0,0,1,0,차대차 - 기타,안전운전불이행,건조,맑음,교차로 - 교차로부근,승용,남,51세,상해없음,화물,남,23세,경상
2019120800100403,2019년 12월 8일 18시,일요일,충청남도 천안시 서북구 쌍용동,경상사고,0,0,1,0,차대차 - 측면충돌,안전운전불이행,건조,맑음,교차로 - 교차로안,승용,남,51세,상해없음,화물,남,45세,경상
2019120800100404,2019년 12월 8일 18시,일요일,충청남도 아산시 온천동,경상사고,0,0,1,0,차대사람 - 기타,안전운전불이행,건조,맑음,기타 - 기타,승용,남,62세,기타불명,보행자,여,60세,경상
2019120800100405,2019년 12월 8일 18시,일요일,충청남도 예산군 예산읍,중상사고,0,1,0,0,차대사람 - 횡단중,안전운전불이행,건조,맑음,교차로 - 교차로횡단보도내,승용,남,50세,상해없음,보행자,여,87세,중상
2019120800100482,2019년 12월 8일 21시,일요일,충청남도 천안시 서북구 쌍용동,경상사고,0,0,1,0,차대차 - 측면충돌,안전거리미확보,건조,맑음,단일로 - 기타,승용,여,52세,상해없음,승합,남,38세,경상
2019120900100068,2019년 12월 9일 05시,월요일,충청남도 아산시 탕정면,경상사고,0,0,1,0,차대차 - 측면충돌,안전운전불이행,젖음/습기,안개,기타 - 기타,승합,남,66세,상해없음,화물,남,58세,경상
2019120900100088,2019년 12월 9일 06시,월요일,충청남도 서천군 문산면,경상사고,0,0,1,0,차대사람 - 횡단중,안전운전불이행,건조,맑음,교차로 - 교차로부근,승용,여,55세,상해없음,보행자,여,82세,경상
2019120900100120,2019년 12월 9일 07시,월요일,충청남도 천안시 동남구 목천읍,경상사고,0,0,2,0,차대차 - 기타,안전거리미확보,건조,맑음,단일로 - 기타,기타불명,기타불명,미분류,기타불명,승용,남,24세,상해없음
2019120900100150,2019년 12월 9일 08시,월요일,충청남도 서천군 화양면,중상사고,0,1,0,0,차량단독 - 공작물충돌,안전운전불이행,젖음/습기,맑음,단일로 - 교량,승용,남,33세,중상,,,,
2019120900100211,2019년 12월 9일 10시,월요일,충청남도 홍성군 광천읍,경상사고,0,0,1,0,차대차 - 추돌,안전운전불이행,건조,맑음,교차로 - 교차로부근,화물,남,68세,상해없음,승용,여,53세,경상
2019120900100247,2019년 12월 9일 11시,월요일,충청남도 보령시 청소면,중상사고,0,1,0,0,차대차 - 정면충돌,중앙선침범,건조,맑음,단일로 - 기타,승용,남,56세,상해없음,화물,여,58세,중상
2019120900100248,2019년 12월 9일 11시,월요일,충청남도 천안시 동남구 영성동,중상사고,0,1,0,0,차대사람 - 기타,안전운전불이행,건조,맑음,교차로 - 교차로안,승용,남,57세,상해없음,보행자,여,69세,중상
2019120900100284,2019년 12월 9일 12시,월요일,충청남도 아산시 신창면,사망사고,1,0,1,0,차대차 - 정면충돌,중앙선침범,건조,맑음,단일로 - 기타,이륜,남,31세,사망,승합,남,48세,경상
2019120900100285,2019년 12월 9일 12시,월요일,충청남도 예산군 삽교읍,경상사고,0,0,5,0,차대차 - 추돌,안전거리미확보,건조,맑음,단일로 - 기타,승합,남,75세,상해없음,승용,남,56세,경상
2019120900100310,2019년 12월 9일 13시,월요일,충청남도 천안시 동남구 신부동,부상신고사고,0,0,0,1,차대차 - 기타,안전운전불이행,건조,맑음,교차로 - 교차로안,기타불명,여,62세,부상신고,승용,남,32세,상해없음
2019120900100347,2019년 12월 9일 14시,월요일,충청남도 아산시 배방읍,경상사고,0,0,2,0,차대차 - 기타,안전운전불이행,건조,맑음,주차장 - 주차장,승용,남,40세,상해없음,승용,여,32세,경상
2019120900100419,2019년 12월 9일 16시,월요일,충청남도 천안시 동남구 신방동,경상사고,0,0,1,0,차대사람 - 횡단중,안전운전불이행,건조,맑음,교차로 - 교차로안,승용,여,32세,상해없음,보행자,남,11세,경상
2019120900100420,2019년 12월 9일 16시,월요일,충청남도 천안시 동남구 문화동,경상사고,0,0,1,0,차대차 - 기타,안전운전불이행,건조,맑음,단일로 - 기타,승용,여,51세,상해없음,승용,남,44세,경상
2019120900100509,2019년 12월 9일 18시,월요일,충청남도 보령시 동대동,경상사고,0,0,1,0,차대차 - 기타,신호위반,건조,맑음,교차로 - 교차로안,승용,남,57세,상해없음,승용,남,19세,경상
2019120900100510,2019년 12월 9일 18시,월요일,충청남도 보령시 동대동,부상신고사고,0,0,0,1,차대사람 - 차도통행중,안전운전불이행,건조,맑음,단일로 - 기타,승용,남,24세,기타불명,보행자,남,25세,부상신고
2019120900100549,2019년 12월 9일 19시,월요일,충청남도 천안시 동남구 원성동,중상사고,0,1,2,0,차대차 - 추돌,안전운전불이행,건조,맑음,단일로 - 기타,화물,남,42세,상해없음,승용,남,56세,중상
2019120900100550,2019년 12월 9일 19시,월요일,충청남도 천안시 동남구 신부동,경상사고,0,0,1,0,차대차 - 측면충돌,안전운전불이행,건조,맑음,단일로 - 기타,승용,남,40세,상해없음,승용,여,55세,경상
2019120900100585,2019년 12월 9일 20시,월요일,충청남도 천안시 서북구 두정동,경상사고,0,0,1,0,차대사람 - 횡단중,안전운전불이행,건조,맑음,교차로 - 교차로안,승용,남,25세,상해없음,보행자,남,14세,경상
2019120900100610,2019년 12월 9일 21시,월요일,충청남도 서산시 잠홍동,중상사고,0,1,2,0,차대차 - 추돌,안전운전불이행,건조,맑음,교차로 - 교차로부근,승용,남,41세,상해없음,승용,남,22세,경상
2019120900100611,2019년 12월 9일 21시,월요일,충청남도 천안시 서북구 쌍용동,경상사고,0,0,2,0,차대차 - 측면충돌,중앙선침범,건조,맑음,단일로 - 기타,승용,남,23세,상해없음,승용,여,55세,경상
2019120900100636,2019년 12월 9일 22시,월요일,충청남도 논산시 취암동,중상사고,0,1,0,0,차대사람 - 차도통행중,안전운전불이행,건조,맑음,단일로 - 기타,승용,남,25세,상해없음,보행자,여,21세,중상
2019121000100031,2019년 12월 10일 00시,화요일,충청남도 당진시 송악읍,경상사고,0,0,3,0,차대차 - 추돌,안전운전불이행,건조,맑음,교차로 - 교차로부근,승용,남,65세,상해없음,승용,남,27세,경상
2019121000100055,2019년 12월 10일 02시,화요일,충청남도 서산시 대산읍,사망사고,1,0,0,0,차대차 - 측면충돌,교차로운행방법위반,건조,맑음,교차로 - 교차로안,화물,남,44세,상해없음,승용,남,57세,사망
2019121000100066,2019년 12월 10일 03시,화요일,충청남도 천안시 서북구 성정동,중상사고,0,1,7,1,차대차 - 추돌,안전운전불이행,건조,맑음,단일로 - 기타,승용,여,41세,부상신고,승용,남,60세,경상
2019121000100169,2019년 12월 10일 08시,화요일,충청남도 천안시 서북구 성환읍,중상사고,0,1,0,0,차대차 - 측면충돌,안전운전불이행,젖음/습기,안개,교차로 - 교차로안,승용,남,46세,상해없음,승용,여,49세,중상
2019121000100203,2019년 12월 10일 09시,화요일,충청남도 논산시 취암동,경상사고,0,0,2,1,차대차 - 측면충돌,중앙선침범,건조,맑음,단일로 - 기타,승용,남,52세,부상신고,승용,남,72세,경상
2019121000100234,2019년 12월 10일 10시,화요일,충청남도 천안시 동남구 목천읍,경상사고,0,0,1,0,차대차 - 측면충돌,중앙선침범,건조,맑음,단일로 - 기타,화물,남,58세,상해없음,화물,남,57세,경상
2019121000100256,2019년 12월 10일 11시,화요일,충청남도 천안시 동남구 신방동,경상사고,0,0,1,0,차대차 - 측면충돌,안전운전불이행,건조,맑음,단일로 - 기타,승용,여,45세,상해없음,개인형이동수단(PM),여,49세,경상
2019121000100257,2019년 12월 10일 11시,화요일,충청남도 태안군 태안읍,중상사고,0,2,0,0,차대차 - 추돌,안전운전불이행,건조,맑음,단일로 - 기타,화물,남,55세,상해없음,화물,남,66세,중상
2019121000100290,2019년 12월 10일 12시,화요일,충청남도 공주시 정안면,경상사고,0,0,1,0,차대사람 - 횡단중,안전운전불이행,건조,맑음,주차장 - 주차장,화물,남,46세,상해없음,보행자,남,37세,경상
2019121000100345,2019년 12월 10일 14시,화요일,충청남도 아산시 음봉면,경상사고,0,0,2,0,차대차 - 기타,안전운전불이행,건조,맑음,교차로 - 교차로안,승용,남,42세,상해없음,승합,남,46세,상해없음
2019121000100346,2019년 12월 10일 14시,화요일,충청남도 공주시 중동,경상사고,0,0,1,0,차대사람 - 횡단중,보행자보호의무위반,건조,흐림,교차로 - 교차로횡단보도내,승용,남,38세,상해없음,보행자,여,72세,경상
2019121000100347,2019년 12월 10일 14시,화요일,충청남도 예산군 예산읍,사망사고,1,1,0,0,차대차 - 측면충돌,직진우회전진행방해,건조,맑음,교차로 - 교차로안,승용,남,57세,상해없음,이륜,남,57세,중상
2019121000100409,2019년 12월 10일 16시,화요일,충청남도 천안시 서북구 두정동,경상사고,0,0,1,0,차대차 - 추돌,안전운전불이행,건조,맑음,단일로 - 기타,승용,남,24세,상해없음,승용,여,38세,경상
2019121000100459,2019년 12월 10일 17시,화요일,충청남도 당진시 송악읍,중상사고,0,1,0,0,차대차 - 기타,안전운전불이행,건조,맑음,단일로 - 기타,원동기,남,26세,중상,승용,남,62세,상해없음
2019121000100460,2019년 12월 10일 17시,화요일,충청남도 태안군 안면읍,중상사고,0,1,1,0,차대차 - 측면충돌,중앙선침범,젖음/습기,안개,단일로 - 기타,승용,남,40세,상해없음,화물,남,46세,경상
2019121000100581,2019년 12월 10일 19시,화요일,충청남도 천안시 서북구 불당동,경상사고,0,0,1,0,차대차 - 기타,안전거리미확보,건조,맑음,단일로 - 기타,승용,여,55세,상해없음,승용,남,34세,경상
2019121000100582,2019년 12월 10일 19시,화요일,충청남도 홍성군 홍성읍,중상사고,0,1,0,0,차대사람 - 횡단중,안전운전불이행,건조,맑음,단일로 - 기타,승용,여,45세,상해없음,보행자,남,70세,중상
2019121000100623,2019년 12월 10일 20시,화요일,충청남도 아산시 둔포면,경상사고,0,0,1,0,차대차 - 기타,안전운전불이행,건조,흐림,단일로 - 기타,승용,여,27세,상해없음,승용,여,44세,경상
2019121000100656,2019년 12월 10일 21시,화요일,충청남도 당진시 송산면,중상사고,0,1,0,0,차대차 - 정면충돌,신호위반,건조,맑음,교차로 - 교차로안,승용,여,39세,상해없음,승용,남,62세,중상
2019121000100675,2019년 12월 10일 22시,화요일,충청남도 서산시 예천동,중상사고,0,1,2,0,차대차 - 추돌,안전운전불이행,건조,맑음,단일로 - 기타,승용,남,64세,상해없음,승용,남,49세,경상
2019121100100037,2019년 12월 11일 00시,수요일,충청남도 아산시 음봉면,경상사고,0,0,4,0,차대차 - 측면충돌,안전운전불이행,건조,맑음,단일로 - 기타,승용,남,32세,상해없음,승용,남,38세,경상
2019121100100151,2019년 12월 11일 08시,수요일,충청남도 천안시 서북구 불당동,경상사고,0,0,1,0,차대차 - 측면충돌,직진우회전진행방해,건조,맑음,교차로 - 교차로안,승용,여,40세,상해없음,승용,여,41세,경상
2019121100100152,2019년 12월 11일 08시,수요일,충청남도 서천군 장항읍,경상사고,0,0,3,0,차대차 - 측면충돌,직진우회전진행방해,건조,맑음,교차로 - 교차로안,화물,남,51세,상해없음,승용,남,57세,경상
2019121100100203,2019년 12월 11일 10시,수요일,충청남도 홍성군 금마면,사망사고,1,0,0,0,차량단독 - 기타,안전운전불이행,건조,맑음,단일로 - 기타,사륜오토바이(ATV),여,79세,사망,,,,
2019121100100204,2019년 12월 11일 10시,수요일,충청남도 서천군 서천읍,경상사고,0,0,3,0,차대차 - 추돌,안전운전불이행,건조,맑음,교차로 - 교차로부근,화물,남,70세,상해없음,승용,남,75세,경상
2019121100100240,2019년 12월 11일 11시,수요일,충청남도 천안시 동남구 성황동,중상사고,0,1,0,0,차대사람 - 기타,안전운전불이행,건조,맑음,단일로 - 기타,승용,남,70세,상해없음,보행자,여,79세,중상
2019121100100272,2019년 12월 11일 12시,수요일,충청남도 천안시 서북구 차암동,경상사고,0,0,3,0,차대차 - 측면충돌,직진우회전진행방해,건조,맑음,교차로 - 교차로안,승용,남,20세,경상,승용,남,26세,경상
2019121100100273,2019년 12월 11일 12시,수요일,충청남도 보령시 대천동,경상사고,0,0,1,0,차대차 - 기타,안전운전불이행,건조,맑음,단일로 - 기타,승용,남,43세,경상,승용,남,27세,상해없음
2019121100100321,2019년 12월 11일 14시,수요일,충청남도 천안시 서북구 불당동,경상사고,0,0,1,0,차대차 - 측면충돌,교차로운행방법위반,건조,맑음,교차로 - 교차로안,승용,남,41세,상해없음,승용,여,24세,경상
2019121100100394,2019년 12월 11일 16시,수요일,충청남도 천안시 서북구 입장면,경상사고,0,0,1,0,차대사람 - 차도통행중,안전운전불이행,건조,흐림,교차로 - 교차로안,승용,남,77세,상해없음,보행자,여,8세,경상
2019121100100395,2019년 12월 11일 16시,수요일,충청남도 예산군 삽교읍,경상사고,0,0,1,0,차대차 - 추돌,안전운전불이행,건조,맑음,단일로 - 기타,승용,남,62세,상해없음,승용,남,51세,경상
2019121100100435,2019년 12월 11일 17시,수요일,충청남도 서산시 동문동,중상사고,0,1,0,0,차대사람 - 보도통행중,보행자보호의무위반,건조,맑음,교차로 - 교차로횡단보도내,승용,여,34세,상해없음,보행자,여,60세,중상
2019121100100436,2019년 12월 11일 17시,수요일,충청남도 논산시 상월면,중상사고,0,1,0,0,차대사람 - 차도통행중,안전운전불이행,건조,맑음,단일로 - 기타,승용,남,58세,상해없음,보행자,남,51세,중상
2019121100100487,2019년 12월 11일 18시,수요일,충청남도 천안시 서북구 두정동,경상사고,0,0,2,0,차대차 - 측면충돌,안전운전불이행,건조,맑음,교차로 - 교차로안,화물,남,40세,상해없음,승용,남,29세,경상
2019121100100488,2019년 12월 11일 18시,수요일,충청남도 천안시 동남구 신부동,중상사고,0,1,1,0,차대차 - 추돌,안전거리미확보,건조,맑음,단일로 - 기타,승용,남,72세,상해없음,승용,여,39세,경상
2019121100100489,2019년 12월 11일 18시,수요일,충청남도 천안시 동남구 청수동,경상사고,0,0,1,0,차대차 - 측면충돌,안전운전불이행,건조,맑음,단일로 - 기타,승용,남,69세,상해없음,승용,남,44세,경상
2019121100100543,2019년 12월 11일 19시,수요일,충청남도 서천군 서천읍,경상사고,0,0,1,0,차대사람 - 기타,안전운전불이행,건조,맑음,주차장 - 주차장,승용,여,49세,상해없음,보행자,남,84세,경상