사고번호,사고일시,요일,시군구,사고내용,사망자수,중상자수,경상자수,부상신고자수,사고유형,법규위반,노면상태,기상상태,도로형태,가해운전자 차종,가해운전자 성별,가해운전자 연령,가해운전자 상해정도,피해운전자 차종,피해운전자 성별,피해운전자 연령,피해운전자 상해정도
2019121100100572,2019년 12월 11일 20시,수요일,충청남도 예산군 예산읍,중상사고,0,1,0,0,차대차 - 추돌,안전운전불이행,건조,맑음,단일로 - 기타,승용,남,83세,상해없음,자전거,남,78세,중상
2019121100100616,2019년 12월 11일 22시,수요일,충청남도 천안시 서북구 차암동,중상사고,0,1,1,0,차대차 - 측면충돌,신호위반,건조,맑음,교차로 - 교차로안,승합,남,42세,경상,승용,여,44세,중상
2019121100100617,2019년 12월 11일 22시,수요일,충청남도 아산시 배방읍,경상사고,0,0,2,0,차대차 - 기타,안전운전불이행,건조,맑음,단일로 - 기타,승용,여,23세,상해없음,승용,여,26세,경상
2019121100100635,2019년 12월 11일 23시,수요일,충청남도 당진시 석문면,사망사고,1,0,2,0,차량단독 - 전도전복 - 전복,안전운전불이행,건조,맑음,교차로 - 교차로안,화물,남,55세,경상,,,,
2019121200100130,2019년 12월 12일 07시,목요일,충청남도 보령시 웅천읍,중상사고,0,1,0,0,차대차 - 기타,중앙선침범,건조,맑음,단일로 - 기타,승용,남,81세,상해없음,승용,남,63세,중상
2019121200100161,2019년 12월 12일 08시,목요일,충청남도 아산시 신창면,경상사고,0,0,1,0,차대사람 - 기타,안전운전불이행,건조,맑음,단일로 - 기타,승합,남,34세,상해없음,보행자,여,9세,경상
2019121200100162,2019년 12월 12일 08시,목요일,충청남도 당진시 신평면,경상사고,0,0,1,0,차대차 - 측면충돌,교차로운행방법위반,건조,맑음,교차로 - 교차로안,승용,남,49세,상해없음,승용,여,25세,경상
2019121200100163,2019년 12월 12일 08시,목요일,충청남도 천안시 동남구 목천읍,중상사고,0,1,0,0,차대차 - 추돌,안전운전불이행,건조,맑음,단일로 - 기타,승용,남,34세,상해없음,화물,여,54세,중상
2019121200100236,2019년 12월 12일 10시,목요일,충청남도 천안시 서북구 두정동,경상사고,0,0,1,0,차대차 - 추돌,안전운전불이행,건조,맑음,교차로 - 교차로부근,승용,남,36세,상해없음,승용,남,40세,경상
2019121200100237,2019년 12월 12일 10시,목요일,충청남도 예산군 삽교읍,경상사고,0,0,1,0,차대사람 - 차도통행중,안전운전불이행,건조,맑음,단일로 - 기타,승용,여,66세,상해없음,보행자,여,73세,경상
2019121200100301,2019년 12월 12일 12시,목요일,충청남도 부여군 은산면,경상사고,0,0,1,0,차대차 - 측면충돌,신호위반,건조,맑음,교차로 - 교차로안,건설기계,남,58세,상해없음,화물,남,65세,경상
2019121200100302,2019년 12월 12일 12시,목요일,충청남도 당진시 송산면,중상사고,0,1,1,0,차대차 - 측면충돌,직진우회전진행방해,건조,맑음,교차로 - 교차로안,승용,남,27세,경상,승용,남,29세,중상
2019121200100330,2019년 12월 12일 13시,목요일,충청남도 당진시 석문면,경상사고,0,0,1,0,차대차 - 측면충돌,기타,건조,맑음,교차로 - 교차로안,승용,남,54세,상해없음,화물,남,68세,경상
2019121200100362,2019년 12월 12일 14시,목요일,충청남도 보령시 남포면,경상사고,0,0,1,0,차대차 - 기타,안전운전불이행,건조,맑음,단일로 - 기타,기타불명,기타불명,미분류,기타불명,사륜오토바이(ATV),남,84세,경상
2019121200100469,2019년 12월 12일 17시,목요일,충청남도 아산시 배방읍,경상사고,0,0,1,0,차대차 - 추돌,안전운전불이행,건조,맑음,단일로 - 고가도로위,승용,남,71세,상해없음,승용,남,45세,경상
2019121200100470,2019년 12월 12일 17시,목요일,충청남도 청양군 목면,경상사고,0,0,1,0,차대차 - 추돌,안전운전불이행,건조,맑음,교차로 - 교차로부근,승용,남,75세,상해없음,승용,여,56세,경상
2019121200100532,2019년 12월 12일 18시,목요일,충청남도 논산시 가야곡면,중상사고,0,1,0,0,차대사람 - 차도통행중,안전운전불이행,건조,맑음,단일로 - 기타,승용,여,49세,상해없음,보행자,여,81세,중상
2019121200100533,2019년 12월 12일 18시,목요일,충청남도 홍성군 홍성읍,중상사고,0,1,0,0,차대사람 - 횡단중,보행자보호의무위반,건조,맑음,교차로 - 교차로안,승용,남,54세,상해없음,보행자,남,54세,중상
2019121200100534,2019년 12월 12일 18시,목요일,충청남도 홍성군 홍북읍,경상사고,0,0,1,0,차대차 - 측면충돌,신호위반,건조,맑음,교차로 - 교차로안,승용,남,28세,상해없음,승용,남,47세,경상
2019121200100535,2019년 12월 12일 18시,목요일,충청남도 홍성군 결성면,사망사고,1,0,0,0,차대사람 - 길가장자리구역통행중,안전운전불이행,건조,맑음,단일로 - 기타,화물,여,58세,상해없음,보행자,여,79세,사망
2019121200100536,2019년 12월 12일 18시,목요일,충청남도 아산시 방축동,경상사고,0,0,1,0,차대차 - 측면충돌,안전운전불이행,건조,맑음,교차로 - 교차로부근,승합,남,35세,상해없음,승용,남,55세,경상
2019121200100537,2019년 12월 12일 18시,목요일,충청남도 당진시 신평면,중상사고,0,1,1,0,차대차 - 추돌,안전운전불이행,건조,기타,단일로 - 기타,승용,남,49세,상해없음,화물,남,52세,중상
2019121200100538,2019년 12월 12일 18시,목요일,충청남도 청양군 청양읍,경상사고,0,0,1,0,차대차 - 측면충돌,교차로운행방법위반,건조,맑음,교차로 - 교차로안,승용,남,29세,상해없음,승용,여,25세,경상
2019121200100539,2019년 12월 12일 18시,목요일,충청남도 천안시 동남구 삼룡동,중상사고,0,1,0,0,차대차 - 기타,안전운전불이행,건조,맑음,교차로 - 교차로안,화물,남,28세,상해없음,이륜,남,34세,중상
2019121200100540,2019년 12월 12일 18시,목요일,충청남도 태안군 태안읍,경상사고,0,0,1,0,차대차 - 추돌,안전거리미확보,건조,맑음,단일로 - 기타,승용,남,45세,상해없음,승용,여,47세,경상
2019121200100600,2019년 12월 12일 19시,목요일,충청남도 천안시 서북구 쌍용동,경상사고,0,0,1,0,차대차 - 측면충돌,안전거리미확보,건조,맑음,단일로 - 기타,승용,남,46세,상해없음,승합,남,73세,경상
2019121200100601,2019년 12월 12일 19시,목요일,충청남도 아산시 배방읍,중상사고,0,2,0,0,차대차 - 기타,신호위반,건조,맑음,교차로 - 교차로안,승용,남,41세,중상,승용,여,38세,중상
2019121200100602,2019년 12월 12일 19시,목요일,충청남도 천안시 동남구 구성동,경상사고,0,0,1,1,차대차 - 추돌,안전운전불이행,건조,맑음,단일로 - 기타,승용,남,60세,상해없음,승용,남,75세,경상
2019121200100706,2019년 12월 12일 23시,목요일,충청남도 천안시 동남구 목천읍,중상사고,0,1,0,0,차대차 - 기타,안전운전불이행,건조,맑음,단일로 - 기타,승용,남,50세,상해없음,개인형이동수단(PM),남,52세,중상
2019121300100052,2019년 12월 13일 01시,금요일,충청남도 천안시 동남구 신방동,중상사고,0,1,0,0,차량단독 - 공작물충돌,안전운전불이행,건조,맑음,단일로 - 기타,승용,남,26세,중상,,,,
2019121300100099,2019년 12월 13일 06시,금요일,충청남도 당진시 송악읍,경상사고,0,0,1,0,차대차 - 기타,교차로운행방법위반,건조,맑음,교차로 - 교차로안,승용,남,55세,상해없음,승용,남,50세,경상
2019121300100119,2019년 12월 13일 07시,금요일,충청남도 홍성군 광천읍,중상사고,0,1,0,0,차대차 - 기타,교차로운행방법위반,건조,맑음,교차로 - 교차로부근,특수,남,55세,상해없음,특수,남,61세,중상
2019121300100149,2019년 12월 13일 08시,금요일,충청남도 아산시 권곡동,경상사고,0,0,1,0,차대사람 - 기타,안전운전불이행,건조,맑음,교차로 - 교차로부근,기타불명,기타불명,미분류,기타불명,보행자,여,14세,경상
2019121300100308,2019년 12월 13일 13시,금요일,충청남도 공주시 신관동,부상신고사고,0,0,0,1,차대차 - 추돌,안전운전불이행,건조,맑음,교차로 - 교차로부근,승용,여,47세,상해없음,승용,남,62세,부상신고
2019121300100374,2019년 12월 13일 15시,금요일,충청남도 공주시 월송동,경상사고,0,0,1,1,차대차 - 추돌,과속,건조,맑음,단일로 - 교량,승용,남,21세,기타불명,승용,남,47세,경상
2019121300100375,2019년 12월 13일 15시,금요일,충청남도 예산군 예산읍,중상사고,0,1,0,0,차대사람 - 보도통행중,보행자보호의무위반,건조,맑음,교차로 - 교차로횡단보도내,승용,남,78세,상해없음,보행자,남,18세,중상
2019121300100376,2019년 12월 13일 15시,금요일,충청남도 당진시 신평면,중상사고,0,1,0,0,차대차 - 기타,안전운전불이행,건조,맑음,단일로 - 기타,승용,남,38세,상해없음,승용,여,47세,중상
2019121300100429,2019년 12월 13일 16시,금요일,충청남도 당진시 면천면,경상사고,0,0,1,0,차대차 - 추돌,안전운전불이행,건조,맑음,단일로 - 기타,승용,남,28세,상해없음,화물,남,67세,경상
2019121300100484,2019년 12월 13일 17시,금요일,충청남도 서산시 석남동,중상사고,0,2,0,0,차대차 - 측면충돌,신호위반,건조,맑음,교차로 - 교차로안,승용,남,37세,상해없음,승용,여,40세,중상
2019121300100555,2019년 12월 13일 18시,금요일,충청남도 천안시 서북구 두정동,경상사고,0,0,1,0,차대차 - 측면충돌,교차로운행방법위반,건조,맑음,교차로 - 교차로안,승용,여,59세,상해없음,승용,남,23세,경상
2019121300100556,2019년 12월 13일 18시,금요일,충청남도 천안시 동남구 수신면,경상사고,0,0,2,1,차대차 - 추돌,안전운전불이행,건조,맑음,단일로 - 기타,승용,남,58세,부상신고,승용,남,64세,경상
2019121300100557,2019년 12월 13일 18시,금요일,충청남도 천안시 동남구 신부동,중상사고,0,1,0,0,차대차 - 기타,안전운전불이행,건조,맑음,기타 - 기타,승용,남,55세,상해없음,승용,남,27세,중상
2019121300100618,2019년 12월 13일 19시,금요일,충청남도 아산시 방축동,경상사고,0,0,1,0,차대차 - 기타,안전운전불이행,건조,맑음,교차로 - 교차로부근,승용,여,59세,상해없음,화물,여,67세,경상
2019121300100619,2019년 12월 13일 19시,금요일,충청남도 보령시 신흑동,중상사고,0,1,0,0,차대사람 - 횡단중,보행자보호의무위반,건조,맑음,단일로 - 기타,승용,남,55세,상해없음,보행자,여,46세,중상
2019121300100620,2019년 12월 13일 19시,금요일,충청남도 당진시 송악읍,중상사고,0,2,0,0,차대차 - 기타,안전운전불이행,건조,맑음,단일로 - 기타,승용,남,57세,상해없음,승용,남,43세,중상
2019121300100621,2019년 12월 13일 19시,금요일,충청남도 금산군 추부면,중상사고,0,1,0,0,차대사람 - 차도통행중,안전운전불이행,건조,맑음,단일로 - 기타,화물,남,55세,상해없음,보행자,남,27세,중상
2019121300100622,2019년 12월 13일 19시,금요일,충청남도 천안시 동남구 구성동,중상사고,0,1,0,0,차대차 - 측면충돌,직진우회전진행방해,건조,맑음,교차로 - 교차로안,승용,여,52세,상해없음,승용,여,59세,중상
2019121300100673,2019년 12월 13일 20시,금요일,충청남도 천안시 서북구 성성동,경상사고,0,0,1,0,차대차 - 추돌,안전운전불이행,건조,맑음,교차로 - 교차로안,이륜,남,34세,경상,승용,남,33세,상해없음
2019121300100703,2019년 12월 13일 21시,금요일,충청남도 천안시 서북구 두정동,중상사고,0,1,0,0,차대사람 - 횡단중,보행자보호의무위반,건조,맑음,교차로 - 교차로횡단보도내,승용,남,65세,상해없음,보행자,여,45세,중상
2019121300100738,2019년 12월 13일 22시,금요일,충청남도 아산시 권곡동,경상사고,0,0,1,0,차대사람 - 기타,안전운전불이행,건조,맑음,단일로 - 기타,화물,남,54세,상해없음,보행자,남,33세,경상
2019121300100739,2019년 12월 13일 22시,금요일,충청남도 천안시 동남구 원성동,중상사고,0,1,0,0,차대사람 - 횡단중,안전운전불이행,건조,맑음,단일로 - 기타,승용,남,63세,상해없음,보행자,여,53세,중상
2019121300100740,2019년 12월 13일 22시,금요일,충청남도 서천군 화양면,경상사고,0,0,1,0,차대차 - 측면충돌,안전운전불이행,젖음/습기,비,단일로 - 기타,승용,남,57세,상해없음,승용,남,47세,경상
2019121300100797,2019년 12월 13일 23시,금요일,충청남도 아산시 배방읍,경상사고,0,0,1,0,차대차 - 추돌,안전운전불이행,건조,맑음,교차로 - 교차로부근,승합,남,33세,상해없음,승용,남,26세,경상
2019121400100036,2019년 12월 14일 00시,토요일,충청남도 서산시 성연면,경상사고,0,0,3,0,차대차 - 추돌,안전운전불이행,젖음/습기,비,단일로 - 기타,승용,여,51세,기타불명,승용,여,26세,경상
2019121400100037,2019년 12월 14일 00시,토요일,충청남도 서산시 동문동,중상사고,0,1,0,0,차대차 - 측면충돌,교차로운행방법위반,젖음/습기,비,교차로 - 교차로안,승용,남,67세,상해없음,승용,여,30세,중상
2019121400100038,2019년 12월 14일 00시,토요일,충청남도 천안시 서북구 직산읍,중상사고,0,1,0,0,차량단독 - 전도전복 - 전복,안전운전불이행,건조,맑음,단일로 - 기타,승용,여,38세,상해없음,,,,
2019121400100075,2019년 12월 14일 02시,토요일,충청남도 보령시 신흑동,경상사고,0,0,1,0,차대차 - 측면충돌,직진우회전진행방해,젖음/습기,비,교차로 - 교차로안,승용,여,28세,상해없음,승용,남,44세,경상
2019121400100086,2019년 12월 14일 03시,토요일,충청남도 천안시 서북구 두정동,중상사고,0,2,0,0,차대사람 - 횡단중,안전운전불이행,건조,흐림,교차로 - 교차로횡단보도내,승합,남,46세,상해없음,보행자,남,17세,중상
2019121400100113,2019년 12월 14일 05시,토요일,충청남도 천안시 동남구 원성동,중상사고,0,1,0,0,차대차 - 측면충돌,신호위반,건조,맑음,교차로 - 교차로안,승용,남,26세,상해없음,승용,남,73세,중상
2019121400100138,2019년 12월 14일 06시,토요일,충청남도 천안시 서북구 업성동,경상사고,0,0,2,0,차대차 - 측면충돌,안전운전불이행,건조,맑음,단일로 - 기타,승용,남,52세,경상,화물,남,66세,경상
2019121400100139,2019년 12월 14일 06시,토요일,충청남도 공주시 정안면,경상사고,0,0,1,0,차대차 - 측면충돌,안전운전불이행,서리/결빙,맑음,단일로 - 기타,승용,여,39세,상해없음,승용,남,58세,경상
2019121400100140,2019년 12월 14일 06시,토요일,충청남도 천안시 동남구 목천읍,경상사고,0,0,1,0,차대차 - 측면충돌,차로위반,건조,맑음,단일로 - 기타,승용,남,46세,상해없음,승용,여,29세,경상
2019121400100176,2019년 12월 14일 07시,토요일,충청남도 공주시 탄천면,중상사고,0,1,0,0,차량단독 - 기타,안전운전불이행,서리/결빙,맑음,단일로 - 기타,화물,남,58세,중상,,,,
2019121400100177,2019년 12월 14일 07시,토요일,충청남도 공주시 정안면,중상사고,0,1,0,0,차대차 - 정면충돌,중앙선침범,서리/결빙,맑음,단일로 - 기타,화물,남,45세,중상,건설기계,남,52세,상해없음
2019121400100209,2019년 12월 14일 08시,토요일,충청남도 논산시 벌곡면,경상사고,0,0,7,0,차대차 - 측면충돌,안전운전불이행,서리/결빙,맑음,단일로 - 기타,승합,남,52세,경상,화물,여,53세,기타불명
2019121400100210,2019년 12월 14일 08시,토요일,충청남도 금산군 군북면,중상사고,0,1,3,0,차대차 - 정면충돌,중앙선침범,서리/결빙,눈,단일로 - 기타,승용,여,66세,경상,특수,남,31세,경상
2019121400100244,2019년 12월 14일 09시,토요일,충청남도 공주시 옥룡동,경상사고,0,0,2,1,차대차 - 정면충돌,안전운전불이행,서리/결빙,기타,교차로 - 교차로안,화물,남,54세,기타불명,승용,남,62세,경상
2019121400100245,2019년 12월 14일 09시,토요일,충청남도 공주시 탄천면,중상사고,0,2,0,0,차량단독 - 공작물충돌,안전운전불이행,서리/결빙,맑음,기타 - 기타,승합,남,54세,중상,,,,
2019121400100281,2019년 12월 14일 10시,토요일,충청남도 당진시 원당리,중상사고,0,1,2,0,차대차 - 측면충돌,교차로운행방법위반,건조,맑음,교차로 - 교차로안,승용,남,54세,상해없음,승용,남,22세,상해없음
2019121400100282,2019년 12월 14일 10시,토요일,충청남도 천안시 동남구 삼룡동,경상사고,0,0,1,0,차대차 - 추돌,안전운전불이행,건조,맑음,단일로 - 기타,승합,남,69세,상해없음,승합,남,21세,경상
2019121400100314,2019년 12월 14일 11시,토요일,충청남도 천안시 동남구 쌍용동,중상사고,0,1,1,0,차대사람 - 횡단중,안전운전불이행,건조,맑음,단일로 - 기타,이륜,남,46세,경상,보행자,남,14세,중상
2019121400100315,2019년 12월 14일 11시,토요일,충청남도 논산시 내동,경상사고,0,0,4,0,차대차 - 측면충돌,신호위반,건조,맑음,교차로 - 교차로안,승용,남,61세,기타불명,승용,남,37세,경상
2019121400100316,2019년 12월 14일 11시,토요일,충청남도 공주시 정안면,경상사고,0,0,1,0,차대차 - 추돌,안전운전불이행,건조,맑음,단일로 - 기타,승용,남,40세,상해없음,승용,남,33세,경상
2019121400100350,2019년 12월 14일 12시,토요일,충청남도 논산시 채운면,중상사고,0,1,2,0,차대차 - 측면충돌,직진우회전진행방해,건조,맑음,교차로 - 교차로안,화물,남,64세,상해없음,승용,남,22세,중상
2019121400100351,2019년 12월 14일 12시,토요일,충청남도 공주시 사곡면,중상사고,0,1,1,0,차량단독 - 기타,안전운전불이행,서리/결빙,맑음,단일로 - 기타,화물,남,67세,경상,,,,
2019121400100352,2019년 12월 14일 12시,토요일,충청남도 청양군 대치면,중상사고,0,1,0,0,차량단독 - 도로외이탈 - 기타,안전운전불이행,서리/결빙,맑음,단일로 - 기타,승용,남,76세,중상,,,,
2019121400100434,2019년 12월 14일 14시,토요일,충청남도 아산시 용화동,경상사고,0,0,1,0,차대차 - 기타,안전운전불이행,건조,맑음,단일로 - 기타,승용,여,49세,상해없음,승용,남,35세,경상
2019121400100435,2019년 12월 14일 14시,토요일,충청남도 공주시 금흥동,경상사고,0,0,1,0,차대차 - 측면충돌,안전운전불이행,건조,맑음,교차로 - 교차로안,화물,여,47세,상해없음,이륜,남,28세,경상
2019121400100563,2019년 12월 14일 17시,토요일,충청남도 서산시 음암면,중상사고,0,1,0,0,차대사람 - 길가장자리구역통행중,안전운전불이행,건조,맑음,단일로 - 기타,승용,남,51세,상해없음,보행자,남,56세,중상
2019121400100564,2019년 12월 14일 17시,토요일,충청남도 서산시 예천동,부상신고사고,0,0,0,2,차대차 - 추돌,안전운전불이행,건조,맑음,교차로 - 교차로안,화물,남,54세,상해없음,화물,남,63세,부상신고
2019121400100565,2019년 12월 14일 17시,토요일,충청남도 보령시 웅천읍,중상사고,0,1,0,0,차대차 - 측면충돌,안전운전불이행,건조,맑음,단일로 - 기타,승용,여,45세,상해없음,이륜,여,60세,중상
2019121400100623,2019년 12월 14일 18시,토요일,충청남도 천안시 서북구 성정동,중상사고,0,1,0,0,차대차 - 측면충돌,교차로운행방법위반,건조,맑음,교차로 - 교차로안,승용,여,62세,상해없음,이륜,남,32세,중상
2019121400100624,2019년 12월 14일 18시,토요일,충청남도 천안시 서북구 쌍용동,경상사고,0,0,1,0,차대사람 - 횡단중,보행자보호의무위반,건조,맑음,교차로 - 교차로횡단보도내,이륜,남,20세,상해없음,보행자,남,36세,경상
2019121400100625,2019년 12월 14일 18시,토요일,충청남도 당진시 정미면,경상사고,0,0,1,0,차대차 - 측면충돌,안전운전불이행,건조,기타,단일로 - 교량,화물,남,61세,상해없음,승용,남,42세,경상
2019121400100677,2019년 12월 14일 19시,토요일,충청남도 천안시 서북구 성거읍,부상신고사고,0,0,0,1,차량단독 - 기타,안전운전불이행,건조,맑음,단일로 - 기타,승용,여,62세,부상신고,,,,
2019121400100708,2019년 12월 14일 20시,토요일,충청남도 서산시 동문동,중상사고,0,1,0,0,차대차 - 측면충돌,직진우회전진행방해,건조,맑음,교차로 - 교차로안,승용,남,44세,상해없음,이륜,남,33세,중상
2019121400100709,2019년 12월 14일 20시,토요일,충청남도 당진시 신평면,경상사고,0,0,1,0,차대차 - 기타,차로위반,건조,맑음,기타 - 기타,화물,남,74세,상해없음,승용,여,55세,경상
2019121400100771,2019년 12월 14일 22시,토요일,충청남도 천안시 서북구 백석동,경상사고,0,0,2,0,차대차 - 추돌,안전운전불이행,건조,맑음,교차로 - 교차로부근,승용,남,30세,상해없음,승용,남,28세,경상
2019121400100804,2019년 12월 14일 23시,토요일,충청남도 천안시 서북구 두정동,경상사고,0,0,2,0,차대차 - 측면충돌,안전운전불이행,건조,맑음,교차로 - 교차로안,승용,남,64세,상해없음,승용,남,52세,경상
2019121400100805,2019년 12월 14일 23시,토요일,충청남도 공주시 금흥동,경상사고,0,0,1,0,차대차 - 측면충돌,교차로운행방법위반,건조,맑음,교차로 - 교차로안,승용,남,29세,상해없음,이륜,남,26세,경상
2019121500100024,2019년 12월 15일 00시,일요일,충청남도 아산시 배방읍,경상사고,0,0,1,0,차대차 - 추돌,안전운전불이행,건조,맑음,단일로 - 기타,승용,남,40세,상해없음,승용,여,53세,경상
2019121500100044,2019년 12월 15일 01시,일요일,충청남도 서산시 석림동,중상사고,0,1,0,0,차량단독 - 공작물충돌,안전운전불이행,건조,맑음,단일로 - 기타,승용,남,47세,중상,,,,
2019121500100062,2019년 12월 15일 02시,일요일,충청남도 천안시 서북구 성정동,경상사고,0,0,1,0,차대차 - 측면충돌,교차로운행방법위반,건조,맑음,교차로 - 교차로안,이륜,남,17세,경상,승용,남,22세,상해없음
2019121500100073,2019년 12월 15일 03시,일요일,충청남도 당진시 석문면,중상사고,0,1,0,0,차대차 - 정면충돌,중앙선침범,건조,맑음,기타 - 기타,승용,남,24세,상해없음,승용,남,58세,중상
2019121500100083,2019년 12월 15일 04시,일요일,충청남도 보령시 대천동,경상사고,0,0,2,0,차대차 - 측면충돌,신호위반,건조,맑음,교차로 - 교차로안,승합,남,49세,기타불명,승용,남,75세,경상
2019121500100134,2019년 12월 15일 08시,일요일,충청남도 아산시 득산동,중상사고,0,1,0,0,차대차 - 측면충돌,안전운전불이행,건조,맑음,교차로 - 교차로부근,자전거,여,67세,중상,승용,남,35세,상해없음
2019121500100155,2019년 12월 15일 09시,일요일,충청남도 당진시 송악읍,중상사고,0,1,0,0,차대차 - 추돌,안전운전불이행,건조,맑음,단일로 - 기타,승용,남,31세,중상,화물,남,65세,기타불명
2019121500100182,2019년 12월 15일 10시,일요일,충청남도 논산시 강경읍,경상사고,0,0,1,0,차대차 - 추돌,안전운전불이행,건조,맑음,단일로 - 교량,승용,남,34세,상해없음,자전거,남,90세 이상,경상
2019121500100183,2019년 12월 15일 10시,일요일,충청남도 부여군 부여읍,중상사고,0,3,1,0,차대차 - 측면충돌,교차로운행방법위반,건조,맑음,교차로 - 교차로안,화물,남,54세,상해없음,승용,남,75세,경상
2019121500100184,2019년 12월 15일 10시,일요일,충청남도 당진시 채운동,부상신고사고,0,0,0,3,차대차 - 추돌,안전운전불이행,건조,맑음,단일로 - 기타,화물,남,74세,상해없음,승합,남,69세,부상신고
2019121500100229,2019년 12월 15일 12시,일요일,충청남도 부여군 부여읍,중상사고,0,1,0,0,차대차 - 측면충돌,안전운전불이행,건조,맑음,단일로 - 기타,승용,여,28세,상해없음,이륜,남,71세,중상
2019121500100230,2019년 12월 15일 12시,일요일,충청남도 천안시 동남구 신부동,경상사고,0,0,1,0,차대사람 - 횡단중,보행자보호의무위반,건조,맑음,단일로 - 기타,승용,남,44세,상해없음,보행자,여,4세,경상
2019121500100231,2019년 12월 15일 12시,일요일,충청남도 천안시 동남구 신방동,경상사고,0,0,1,0,차대차 - 측면충돌,안전운전불이행,건조,맑음,교차로 - 교차로부근,승용,여,39세,경상,화물,남,47세,상해없음
2019121500100260,2019년 12월 15일 13시,일요일,충청남도 당진시 순성면,중상사고,0,2,3,0,차대차 - 측면충돌,교차로운행방법위반,건조,맑음,교차로 - 교차로안,승용,남,75세,중상,승용,남,58세,경상
2019121500100261,2019년 12월 15일 13시,일요일,충청남도 천안시 동남구 신방동,경상사고,0,0,1,0,차대차 - 측면충돌,차로위반,건조,맑음,단일로 - 기타,승용,남,24세,상해없음,승용,남,43세,경상
2019121500100282,2019년 12월 15일 14시,일요일,충청남도 아산시 득산동,경상사고,0,0,1,0,차대차 - 기타,신호위반,건조,맑음,교차로 - 교차로안,이륜,남,47세,상해없음,이륜,남,44세,경상
2019121500100283,2019년 12월 15일 14시,일요일,충청남도 예산군 삽교읍,중상사고,0,2,0,0,차대차 - 측면충돌,신호위반,건조,맑음,교차로 - 교차로안,승용,남,28세,상해없음,승용,여,36세,중상
2019121500100320,2019년 12월 15일 15시,일요일,충청남도 보령시 대천동,경상사고,0,0,1,0,차대차 - 측면충돌,안전운전불이행,건조,맑음,단일로 - 기타,화물,남,23세,상해없음,이륜,남,20세,경상
2019121500100321,2019년 12월 15일 15시,일요일,충청남도 보령시 천북면,중상사고,0,2,0,0,차대차 - 측면충돌,중앙선침범,건조,맑음,단일로 - 기타,승용,남,69세,중상,화물,남,54세,중상
2019121500100379,2019년 12월 15일 17시,일요일,충청남도 서산시 해미면,중상사고,0,1,0,0,차량단독 - 기타,안전운전불이행,건조,맑음,교차로 - 교차로부근,승용,남,58세,중상,,,,
2019121500100380,2019년 12월 15일 17시,일요일,충청남도 천안시 서북구 두정동,경상사고,0,0,1,0,차대차 - 측면충돌,안전운전불이행,건조,맑음,교차로 - 교차로안,승용,여,24세,상해없음,승용,여,40세,경상
2019121500100420,2019년 12월 15일 18시,일요일,충청남도 홍성군 금마면,중상사고,0,2,2,0,차대차 - 기타,안전운전불이행,건조,맑음,교차로 - 교차로안,승용,여,59세,상해없음,승용,여,50세,경상
2019121500100421,2019년 12월 15일 18시,일요일,충청남도 아산시 신창면,중상사고,0,1,0,0,차대사람 - 기타,안전운전불이행,건조,맑음,기타 - 기타,승용,남,49세,상해없음,보행자,남,51세,중상
2019121500100422,2019년 12월 15일 18시,일요일,충청남도 논산시 성동면,경상사고,0,0,1,0,차대차 - 측면충돌,안전운전불이행,건조,맑음,단일로 - 기타,승용,남,64세,상해없음,승용,여,35세,경상
2019121500100459,2019년 12월 15일 19시,일요일,충청남도 당진시 합덕읍,경상사고,0,0,2,0,차대차 - 추돌,안전운전불이행,건조,맑음,단일로 - 기타,화물,남,37세,상해없음,승용,여,52세,경상
2019121500100485,2019년 12월 15일 20시,일요일,충청남도 서천군 장항읍,중상사고,0,1,0,0,차대사람 - 횡단중,안전운전불이행,건조,맑음,교차로 - 교차로부근,승용,남,53세,상해없음,보행자,남,60세,중상
2019121500100501,2019년 12월 15일 21시,일요일,충청남도 홍성군 홍북읍,경상사고,0,0,1,0,차대차 - 측면충돌,안전운전불이행,건조,맑음,단일로 - 기타,화물,남,38세,상해없음,승용,여,37세,경상
2019121500100502,2019년 12월 15일 21시,일요일,충청남도 아산시 배방읍,중상사고,0,1,1,0,차대차 - 기타,신호위반,건조,맑음,교차로 - 교차로안,승용,여,54세,중상,화물,남,60세,경상
2019121500100503,2019년 12월 15일 21시,일요일,충청남도 공주시 정안면,경상사고,0,0,1,0,차대차 - 추돌,안전운전불이행,젖음/습기,흐림,교차로 - 교차로부근,화물,남,70세,상해없음,화물,남,62세,경상
2019121500100536,2019년 12월 15일 23시,일요일,충청남도 천안시 서북구 와촌동,중상사고,0,2,0,0,차대차 - 추돌,안전운전불이행,건조,맑음,교차로 - 교차로부근,승용,여,34세,상해없음,승용,남,22세,중상
2019121600100072,2019년 12월 16일 05시,월요일,충청남도 서산시 예천동,경상사고,0,0,1,0,차대차 - 추돌,안전운전불이행,건조,맑음,교차로 - 교차로부근,승용,남,27세,상해없음,승용,남,40세,경상