사고번호,사고일시,요일,시군구,사고내용,사망자수,중상자수,경상자수,부상신고자수,사고유형,법규위반,노면상태,기상상태,도로형태,가해운전자 차종,가해운전자 성별,가해운전자 연령,가해운전자 상해정도,피해운전자 차종,피해운전자 성별,피해운전자 연령,피해운전자 상해정도
2019121600100073,2019년 12월 16일 05시,월요일,충청남도 천안시 서북구 성정동,경상사고,0,0,1,0,차대차 - 기타,교차로운행방법위반,건조,맑음,교차로 - 교차로안,승용,남,25세,상해없음,승용,여,55세,경상
2019121600100113,2019년 12월 16일 07시,월요일,충청남도 부여군 부여읍,중상사고,0,2,0,0,차대차 - 정면충돌,중앙선침범,건조,맑음,단일로 - 기타,승용,남,29세,중상,승용,여,63세,중상
2019121600100153,2019년 12월 16일 08시,월요일,충청남도 예산군 오가면,경상사고,0,0,2,0,차대차 - 정면충돌,중앙선침범,건조,맑음,단일로 - 기타,승용,여,27세,경상,승용,남,33세,경상
2019121600100190,2019년 12월 16일 09시,월요일,충청남도 서산시 운산면,경상사고,0,0,1,0,차대차 - 측면충돌,안전운전불이행,건조,맑음,교차로 - 교차로부근,사륜오토바이(ATV),남,80세,경상,승용,여,43세,상해없음
2019121600100191,2019년 12월 16일 09시,월요일,충청남도 천안시 서북구 두정동,경상사고,0,0,2,0,차대차 - 측면충돌,신호위반,건조,맑음,교차로 - 교차로부근,승용,여,62세,상해없음,승용,남,30세,경상
2019121600100192,2019년 12월 16일 09시,월요일,충청남도 서천군 마서면,부상신고사고,0,0,0,1,차대차 - 측면충돌,안전운전불이행,건조,맑음,교차로 - 교차로안,원동기,남,80세,부상신고,승용,남,53세,상해없음
2019121600100193,2019년 12월 16일 09시,월요일,충청남도 공주시 이인면,경상사고,0,0,1,0,차대사람 - 기타,안전운전불이행,건조,맑음,교차로 - 교차로안,승용,남,72세,상해없음,보행자,남,90세 이상,경상
2019121600100227,2019년 12월 16일 10시,월요일,충청남도 천안시 서북구 입장면,중상사고,0,1,0,0,차대차 - 측면충돌,교차로운행방법위반,건조,맑음,교차로 - 교차로안,이륜,남,64세,중상,화물,남,36세,상해없음
2019121600100259,2019년 12월 16일 11시,월요일,충청남도 예산군 예산읍,경상사고,0,0,4,0,차대차 - 추돌,안전거리미확보,건조,맑음,단일로 - 기타,승용,여,59세,경상,승용,여,44세,경상
2019121600100325,2019년 12월 16일 13시,월요일,충청남도 천안시 서북구 직산읍,중상사고,0,2,0,0,차대차 - 정면충돌,신호위반,건조,맑음,교차로 - 교차로안,화물,남,73세,상해없음,승용,여,52세,중상
2019121600100356,2019년 12월 16일 14시,월요일,충청남도 예산군 덕산면,경상사고,0,0,1,0,차대차 - 기타,중앙선침범,건조,맑음,교차로 - 교차로안,자전거,남,82세,경상,승용,남,54세,상해없음
2019121600100357,2019년 12월 16일 14시,월요일,충청남도 예산군 고덕면,경상사고,0,0,1,0,차대차 - 측면충돌,직진우회전진행방해,건조,맑음,교차로 - 교차로안,승용,여,63세,상해없음,승용,남,45세,경상
2019121600100394,2019년 12월 16일 15시,월요일,충청남도 아산시 배방읍,중상사고,0,1,0,0,차대사람 - 횡단중,안전운전불이행,건조,맑음,단일로 - 기타,승용,여,28세,상해없음,보행자,여,57세,중상
2019121600100395,2019년 12월 16일 15시,월요일,충청남도 아산시 신인동,경상사고,0,0,1,0,차대차 - 측면충돌,안전운전불이행,건조,맑음,단일로 - 기타,승용,여,67세,상해없음,승용,여,63세,경상
2019121600100396,2019년 12월 16일 15시,월요일,충청남도 부여군 부여읍,중상사고,0,1,0,0,차대사람 - 차도통행중,안전운전불이행,건조,맑음,단일로 - 기타,승용,남,81세,상해없음,보행자,남,41세,중상
2019121600100397,2019년 12월 16일 15시,월요일,충청남도 천안시 동남구 원성동,경상사고,0,0,2,0,차대차 - 측면충돌,안전운전불이행,건조,맑음,단일로 - 기타,승용,남,59세,상해없음,승용,남,50세,경상
2019121600100433,2019년 12월 16일 16시,월요일,충청남도 논산시 광석면,중상사고,0,1,0,0,차대사람 - 기타,안전운전불이행,건조,맑음,교차로 - 교차로부근,농기계,남,60세,기타불명,보행자,여,42세,중상
2019121600100479,2019년 12월 16일 17시,월요일,충청남도 예산군 예산읍,중상사고,0,1,0,0,차대차 - 측면충돌,직진우회전진행방해,건조,맑음,교차로 - 교차로안,승용,남,73세,상해없음,자전거,남,47세,중상
2019121600100537,2019년 12월 16일 18시,월요일,충청남도 천안시 서북구 불당동,경상사고,0,0,1,0,차대차 - 측면충돌,교차로운행방법위반,젖음/습기,비,교차로 - 교차로안,승용,남,33세,상해없음,승용,남,46세,경상
2019121600100538,2019년 12월 16일 18시,월요일,충청남도 천안시 서북구 불당동,경상사고,0,0,2,0,차대차 - 추돌,안전운전불이행,건조,맑음,단일로 - 기타,승용,여,43세,상해없음,승용,남,43세,경상
2019121600100539,2019년 12월 16일 18시,월요일,충청남도 천안시 서북구 불당동,경상사고,0,0,2,0,차대차 - 측면충돌,안전운전불이행,건조,맑음,단일로 - 기타,승용,남,43세,상해없음,승용,여,31세,경상
2019121600100540,2019년 12월 16일 18시,월요일,충청남도 논산시 강경읍,경상사고,0,0,1,0,차대차 - 측면충돌,안전운전불이행,젖음/습기,비,교차로 - 교차로부근,화물,여,59세,상해없음,승용,여,48세,경상
2019121600100541,2019년 12월 16일 18시,월요일,충청남도 홍성군 홍성읍,경상사고,0,0,1,0,차대차 - 측면충돌,교차로운행방법위반,건조,맑음,교차로 - 교차로안,화물,남,44세,상해없음,화물,남,45세,경상
2019121600100592,2019년 12월 16일 19시,월요일,충청남도 서산시 운산면,경상사고,0,0,1,0,차량단독 - 공작물충돌,안전운전불이행,건조,맑음,단일로 - 기타,승용,남,54세,경상,,,,
2019121600100593,2019년 12월 16일 19시,월요일,충청남도 서천군 서천읍,부상신고사고,0,0,0,1,차대차 - 측면충돌,안전운전불이행,건조,맑음,단일로 - 기타,원동기,남,56세,부상신고,승용,여,55세,상해없음
2019121600100594,2019년 12월 16일 19시,월요일,충청남도 당진시 채운동,경상사고,0,0,1,0,차대차 - 측면충돌,안전운전불이행,건조,맑음,단일로 - 기타,승용,남,41세,상해없음,승용,남,73세,경상
2019121600100638,2019년 12월 16일 21시,월요일,충청남도 논산시 내동,중상사고,0,1,0,0,차대사람 - 횡단중,보행자보호의무위반,건조,맑음,교차로 - 교차로횡단보도내,승용,남,41세,상해없음,보행자,남,52세,중상
2019121600100655,2019년 12월 16일 22시,월요일,충청남도 아산시 탕정면,경상사고,0,0,2,0,차대차 - 추돌,안전운전불이행,건조,맑음,교차로 - 교차로부근,승용,남,46세,상해없음,승용,남,28세,경상
2019121600100656,2019년 12월 16일 22시,월요일,충청남도 천안시 서북구 성거읍,경상사고,0,0,1,0,차대차 - 추돌,안전운전불이행,건조,맑음,단일로 - 기타,승용,남,56세,상해없음,승용,여,33세,경상
2019121700100097,2019년 12월 17일 07시,화요일,충청남도 천안시 서북구 성성동,경상사고,0,0,1,0,차대차 - 측면충돌,교차로운행방법위반,건조,맑음,교차로 - 교차로안,승용,남,29세,상해없음,승용,남,26세,경상
2019121700100098,2019년 12월 17일 07시,화요일,충청남도 논산시 연산면,중상사고,0,2,0,1,차대차 - 측면충돌,중앙선침범,젖음/습기,비,단일로 - 기타,승용,남,26세,부상신고,승용,남,64세,중상
2019121700100172,2019년 12월 17일 09시,화요일,충청남도 서산시 석림동,중상사고,0,1,1,0,차대차 - 정면충돌,신호위반,젖음/습기,비,교차로 - 교차로안,화물,남,21세,경상,승합,남,57세,중상
2019121700100210,2019년 12월 17일 10시,화요일,충청남도 천안시 서북구 성정동,경상사고,0,0,1,0,차대차 - 측면충돌,안전거리미확보,젖음/습기,비,교차로 - 교차로횡단보도내,승용,남,63세,상해없음,이륜,남,31세,경상
2019121700100266,2019년 12월 17일 12시,화요일,충청남도 천안시 서북구 입장면,경상사고,0,0,1,0,차대차 - 측면충돌,안전운전불이행,젖음/습기,비,교차로 - 교차로안,화물,남,37세,상해없음,화물,남,59세,경상
2019121700100292,2019년 12월 17일 13시,화요일,충청남도 천안시 서북구 쌍용동,경상사고,0,0,1,0,차대차 - 측면충돌,신호위반,건조,맑음,교차로 - 교차로안,승용,여,42세,상해없음,이륜,남,52세,경상
2019121700100293,2019년 12월 17일 13시,화요일,충청남도 천안시 서북구 쌍용동,경상사고,0,0,1,0,차대차 - 후진중충돌,안전운전불이행,건조,맑음,단일로 - 기타,승용,여,52세,상해없음,승용,남,60세,경상
2019121700100323,2019년 12월 17일 14시,화요일,충청남도 서산시 동문동,중상사고,0,1,0,0,차대사람 - 기타,안전운전불이행,건조,맑음,단일로 - 기타,이륜,남,48세,상해없음,보행자,여,49세,중상
2019121700100324,2019년 12월 17일 14시,화요일,충청남도 논산시 강산동,중상사고,0,1,0,0,차대차 - 추돌,안전운전불이행,건조,맑음,교차로 - 교차로부근,승용,남,23세,상해없음,승용,남,60세,중상
2019121700100325,2019년 12월 17일 14시,화요일,충청남도 홍성군 홍북읍,중상사고,0,1,0,0,차대차 - 측면충돌,안전운전불이행,건조,맑음,교차로 - 교차로안,화물,남,59세,상해없음,승용,여,58세,중상
2019121700100326,2019년 12월 17일 14시,화요일,충청남도 천안시 동남구 신부동,경상사고,0,0,2,0,차대차 - 추돌,안전거리미확보,건조,맑음,단일로 - 기타,이륜,남,23세,상해없음,승용,여,29세,경상
2019121700100352,2019년 12월 17일 15시,화요일,충청남도 당진시 대덕리,경상사고,0,0,1,0,차대차 - 측면충돌,교차로운행방법위반,건조,흐림,교차로 - 교차로안,승용,여,52세,상해없음,승용,여,67세,경상
2019121700100353,2019년 12월 17일 15시,화요일,충청남도 청양군 청양읍,경상사고,0,0,1,0,차대차 - 측면충돌,안전운전불이행,건조,맑음,교차로 - 교차로안,승합,여,56세,경상,건설기계,남,59세,상해없음
2019121700100436,2019년 12월 17일 17시,화요일,충청남도 천안시 서북구 백석동,경상사고,0,0,2,0,차대차 - 측면충돌,교차로운행방법위반,건조,맑음,교차로 - 교차로안,승용,남,32세,상해없음,승용,남,47세,경상
2019121700100437,2019년 12월 17일 17시,화요일,충청남도 아산시 배방읍,경상사고,0,0,1,0,차대차 - 기타,안전운전불이행,건조,맑음,단일로 - 기타,승합,남,46세,기타불명,승용,여,37세,경상
2019121700100438,2019년 12월 17일 17시,화요일,충청남도 금산군 제원면,중상사고,0,1,0,0,차대사람 - 횡단중,안전운전불이행,젖음/습기,비,교차로 - 교차로안,승용,남,44세,상해없음,보행자,남,55세,중상
2019121700100439,2019년 12월 17일 17시,화요일,충청남도 천안시 동남구 신방동,중상사고,0,1,0,0,차대사람 - 횡단중,보행자보호의무위반,건조,맑음,교차로 - 교차로안,승용,여,46세,상해없음,보행자,여,65세,중상
2019121700100554,2019년 12월 17일 20시,화요일,충청남도 천안시 서북구 성거읍,경상사고,0,0,1,0,차대차 - 추돌,안전운전불이행,건조,맑음,교차로 - 교차로부근,승용,여,41세,상해없음,승용,여,42세,경상
2019121700100555,2019년 12월 17일 20시,화요일,충청남도 아산시 좌부동,경상사고,0,0,2,0,차대차 - 측면충돌,신호위반,건조,맑음,교차로 - 교차로안,승용,남,32세,상해없음,승용,남,31세,경상
2019121700100556,2019년 12월 17일 20시,화요일,충청남도 천안시 동남구 목천읍,경상사고,0,0,1,0,차대차 - 기타,안전운전불이행,건조,맑음,단일로 - 기타,승용,남,28세,상해없음,승용,남,45세,경상
2019121700100581,2019년 12월 17일 21시,화요일,충청남도 천안시 서북구 직산읍,사망사고,1,0,0,0,차대차 - 추돌,안전운전불이행,건조,맑음,단일로 - 기타,승용,남,37세,상해없음,이륜,남,59세,사망
2019121700100582,2019년 12월 17일 21시,화요일,충청남도 천안시 서북구 신당동,경상사고,0,0,1,0,차대차 - 추돌,교차로운행방법위반,건조,맑음,교차로 - 교차로부근,승용,여,50세,상해없음,승용,여,59세,경상
2019121700100642,2019년 12월 17일 23시,화요일,충청남도 아산시 음봉면,경상사고,0,0,1,0,차대차 - 측면충돌,안전운전불이행,건조,맑음,단일로 - 기타,승용,남,47세,상해없음,승용,여,23세,경상
2019121700100643,2019년 12월 17일 23시,화요일,충청남도 당진시 송악읍,중상사고,0,1,0,0,차대차 - 측면충돌,안전운전불이행,건조,흐림,교차로 - 교차로안,승용,남,49세,상해없음,승용,남,62세,중상
2019121800100067,2019년 12월 18일 04시,수요일,충청남도 천안시 서북구 성정동,경상사고,0,0,1,0,차대차 - 측면충돌,안전운전불이행,건조,맑음,단일로 - 기타,이륜,남,27세,경상,승용,남,36세,상해없음
2019121800100080,2019년 12월 18일 06시,수요일,충청남도 천안시 서북구 두정동,경상사고,0,0,1,0,차대차 - 측면충돌,안전운전불이행,건조,맑음,교차로 - 교차로안,승용,여,63세,상해없음,승용,남,46세,경상
2019121800100094,2019년 12월 18일 07시,수요일,충청남도 태안군 안면읍,경상사고,0,0,2,1,차대차 - 정면충돌,중앙선침범,건조,맑음,단일로 - 기타,승용,남,51세,부상신고,승합,남,37세,경상
2019121800100198,2019년 12월 18일 11시,수요일,충청남도 태안군 태안읍,경상사고,0,0,1,0,차대차 - 측면충돌,신호위반,건조,맑음,교차로 - 교차로안,이륜,남,81세,경상,승용,남,52세,상해없음
2019121800100264,2019년 12월 18일 13시,수요일,충청남도 아산시 모종동,중상사고,0,1,0,0,차대차 - 기타,교차로운행방법위반,건조,맑음,교차로 - 교차로안,승합,남,56세,상해없음,승용,여,46세,상해없음
2019121800100265,2019년 12월 18일 13시,수요일,충청남도 예산군 삽교읍,경상사고,0,0,1,0,차대차 - 추돌,안전운전불이행,건조,맑음,단일로 - 기타,승용,여,70세,상해없음,승용,남,37세,경상
2019121800100298,2019년 12월 18일 14시,수요일,충청남도 천안시 서북구 두정동,중상사고,0,1,0,0,차대차 - 기타,안전운전불이행,건조,맑음,교차로 - 교차로안,화물,남,41세,상해없음,자전거,남,65세,중상
2019121800100299,2019년 12월 18일 14시,수요일,충청남도 아산시 온천동,경상사고,0,0,4,0,차대차 - 기타,신호위반,건조,맑음,교차로 - 교차로안,승용,남,26세,상해없음,승용,남,67세,경상
2019121800100384,2019년 12월 18일 17시,수요일,충청남도 아산시 탕정면,경상사고,0,0,1,0,차대차 - 기타,안전운전불이행,건조,맑음,단일로 - 기타,승용,남,47세,상해없음,이륜,남,29세,경상
2019121800100385,2019년 12월 18일 17시,수요일,충청남도 당진시 신평면,경상사고,0,0,1,0,차대차 - 측면충돌,안전운전불이행,건조,맑음,단일로 - 기타,승용,남,49세,상해없음,화물,남,74세,경상
2019121800100442,2019년 12월 18일 18시,수요일,충청남도 서산시 팔봉면,사망사고,1,0,0,0,차대차 - 추돌,안전운전불이행,건조,맑음,단일로 - 기타,화물,남,71세,사망,건설기계,남,44세,상해없음
2019121800100443,2019년 12월 18일 18시,수요일,충청남도 홍성군 홍북읍,사망사고,1,0,0,0,차대사람 - 횡단중,과속,건조,맑음,단일로 - 기타,승용,남,29세,상해없음,보행자,남,78세,사망
2019121800100444,2019년 12월 18일 18시,수요일,충청남도 서천군 서천읍,경상사고,0,0,1,0,차대차 - 기타,안전운전불이행,건조,맑음,교차로 - 교차로안,승용,여,52세,상해없음,승용,남,37세,경상
2019121800100445,2019년 12월 18일 18시,수요일,충청남도 당진시 읍내리,경상사고,0,0,1,0,차대차 - 측면충돌,교차로운행방법위반,건조,맑음,교차로 - 교차로안,승용,남,29세,상해없음,승용,여,40세,경상
2019121800100446,2019년 12월 18일 18시,수요일,충청남도 천안시 동남구 신부동,경상사고,0,0,2,0,차대차 - 측면충돌,교차로운행방법위반,건조,맑음,교차로 - 교차로안,이륜,남,42세,경상,승용,여,29세,경상
2019121800100496,2019년 12월 18일 19시,수요일,충청남도 공주시 반포면,경상사고,0,0,2,0,차대차 - 측면충돌,안전운전불이행,건조,맑음,교차로 - 교차로부근,승용,남,61세,상해없음,승합,남,63세,기타불명
2019121800100536,2019년 12월 18일 20시,수요일,충청남도 천안시 동남구 청당동,경상사고,0,0,1,0,차량단독 - 기타,안전운전불이행,건조,맑음,단일로 - 기타,이륜,남,31세,경상,,,,
2019121800100611,2019년 12월 18일 23시,수요일,충청남도 천안시 서북구 불당동,경상사고,0,0,3,0,차대차 - 추돌,안전운전불이행,건조,맑음,교차로 - 교차로부근,승용,남,44세,상해없음,승용,남,31세,경상
2019121800100612,2019년 12월 18일 23시,수요일,충청남도 아산시 탕정면,중상사고,0,1,0,0,차대차 - 기타,안전운전불이행,건조,맑음,단일로 - 기타,화물,여,40세,상해없음,이륜,남,17세,중상
2019121900100097,2019년 12월 19일 06시,목요일,충청남도 서산시 석림동,경상사고,0,0,2,0,차대차 - 측면충돌,안전운전불이행,건조,맑음,교차로 - 교차로부근,승용,남,25세,상해없음,승용,남,29세,경상
2019121900100098,2019년 12월 19일 06시,목요일,충청남도 아산시 배방읍,경상사고,0,0,1,0,차대차 - 추돌,안전운전불이행,건조,맑음,단일로 - 기타,건설기계,남,50세,상해없음,승용,남,44세,경상
2019121900100114,2019년 12월 19일 07시,목요일,충청남도 천안시 서북구 성환읍,경상사고,0,0,6,0,차대차 - 측면충돌,직진우회전진행방해,건조,맑음,교차로 - 교차로안,승용,여,53세,상해없음,승용,남,43세,경상
2019121900100146,2019년 12월 19일 08시,목요일,충청남도 천안시 동남구 풍세면,중상사고,0,1,1,0,차대차 - 추돌,안전거리미확보,건조,맑음,단일로 - 기타,화물,남,64세,중상,건설기계,남,45세,경상
2019121900100181,2019년 12월 19일 09시,목요일,충청남도 보령시 웅천읍,중상사고,0,1,0,0,차대차 - 추돌,안전운전불이행,건조,맑음,단일로 - 기타,특수,남,51세,상해없음,화물,남,54세,중상
2019121900100205,2019년 12월 19일 10시,목요일,충청남도 부여군 규암면,중상사고,0,2,0,0,차대차 - 정면충돌,중앙선침범,건조,맑음,기타 - 기타,승용,남,20세,상해없음,승용,남,70세,중상
2019121900100231,2019년 12월 19일 11시,목요일,충청남도 서산시 인지면,중상사고,0,1,0,0,차대차 - 추돌,과속,건조,맑음,단일로 - 기타,승용,남,31세,상해없음,이륜,여,63세,중상
2019121900100232,2019년 12월 19일 11시,목요일,충청남도 천안시 동남구 신부동,경상사고,0,0,3,0,차대차 - 추돌,안전거리미확보,건조,맑음,교차로 - 교차로안,승용,남,60세,상해없음,승용,남,42세,경상
2019121900100233,2019년 12월 19일 11시,목요일,충청남도 태안군 태안읍,중상사고,0,1,0,0,차대차 - 측면충돌,중앙선침범,건조,맑음,단일로 - 기타,화물,남,72세,상해없음,이륜,남,63세,중상
2019121900100278,2019년 12월 19일 12시,목요일,충청남도 천안시 서북구 백석동,경상사고,0,0,1,0,차대차 - 측면충돌,신호위반,건조,맑음,교차로 - 교차로안,승용,여,48세,상해없음,승용,남,54세,경상
2019121900100279,2019년 12월 19일 12시,목요일,충청남도 보령시 대천동,경상사고,0,0,1,0,차대차 - 기타,직진우회전진행방해,건조,맑음,교차로 - 교차로안,자전거,여,74세,경상,승용,남,55세,상해없음
2019121900100318,2019년 12월 19일 13시,목요일,충청남도 아산시 모종동,경상사고,0,0,1,0,차대차 - 측면충돌,안전운전불이행,건조,맑음,교차로 - 교차로안,승합,남,53세,상해없음,승용,남,26세,경상
2019121900100349,2019년 12월 19일 14시,목요일,충청남도 부여군 옥산면,중상사고,0,1,0,0,차량단독 - 공작물충돌,안전운전불이행,건조,맑음,교차로 - 교차로부근,승용,남,39세,상해없음,,,,
2019121900100350,2019년 12월 19일 14시,목요일,충청남도 당진시 송악읍,중상사고,0,1,0,0,차대차 - 측면충돌,중앙선침범,건조,맑음,단일로 - 기타,화물,남,50세,상해없음,이륜,남,45세,중상
2019121900100465,2019년 12월 19일 17시,목요일,충청남도 예산군 예산읍,중상사고,0,1,0,0,차대사람 - 횡단중,보행자보호의무위반,건조,맑음,교차로 - 교차로부근,승용,여,59세,상해없음,보행자,남,9세,중상
2019121900100514,2019년 12월 19일 18시,목요일,충청남도 아산시 영인면,경상사고,0,0,1,0,차대차 - 측면충돌,차로위반,건조,맑음,단일로 - 기타,승용,남,57세,상해없음,화물,남,20세,경상
2019121900100569,2019년 12월 19일 19시,목요일,충청남도 아산시 배방읍,경상사고,0,0,3,0,차대차 - 추돌,안전운전불이행,건조,맑음,교차로 - 교차로부근,승용,여,45세,상해없음,승용,남,37세,경상
2019121900100605,2019년 12월 19일 20시,목요일,충청남도 보령시 동대동,경상사고,0,0,1,0,차량단독 - 공작물충돌,안전운전불이행,건조,맑음,단일로 - 기타,승합,남,57세,상해없음,,,,
2019121900100666,2019년 12월 19일 22시,목요일,충청남도 아산시 온천동,경상사고,0,0,2,0,차대차 - 추돌,안전운전불이행,건조,맑음,교차로 - 교차로부근,승용,여,44세,상해없음,승합,여,44세,경상
2019121900100691,2019년 12월 19일 23시,목요일,충청남도 천안시 서북구 직산읍,경상사고,0,0,1,0,차대차 - 측면충돌,안전거리미확보,건조,맑음,단일로 - 기타,승용,남,57세,상해없음,승용,남,56세,경상
2019122000100055,2019년 12월 20일 02시,금요일,충청남도 천안시 서북구 성정동,사망사고,1,0,0,0,차대사람 - 기타,안전운전불이행,젖음/습기,눈,교차로 - 교차로안,승용,남,23세,상해없음,보행자,남,28세,사망
2019122000100064,2019년 12월 20일 03시,금요일,충청남도 홍성군 장곡면,경상사고,0,0,1,0,차량단독 - 전도전복 - 전도,안전운전불이행,서리/결빙,눈,교차로 - 교차로부근,승용,남,33세,경상,,,,
2019122000100079,2019년 12월 20일 05시,금요일,충청남도 천안시 서북구 백석동,경상사고,0,0,1,0,차대차 - 정면충돌,중앙선침범,건조,맑음,단일로 - 기타,승용,남,41세,상해없음,승용,여,26세,경상
2019122000100164,2019년 12월 20일 09시,금요일,충청남도 홍성군 갈산면,경상사고,0,0,2,0,차대차 - 추돌,안전운전불이행,서리/결빙,맑음,기타 - 기타,화물,남,56세,상해없음,승용,여,49세,경상
2019122000100165,2019년 12월 20일 09시,금요일,충청남도 아산시 모종동,경상사고,0,0,1,0,차대차 - 기타,안전운전불이행,건조,맑음,교차로 - 교차로안,승용,남,58세,기타불명,승용,여,53세,경상
2019122000100219,2019년 12월 20일 11시,금요일,충청남도 공주시 의당면,경상사고,0,0,1,0,차대차 - 측면충돌,안전운전불이행,건조,맑음,주차장 - 주차장,승용,남,23세,상해없음,승용,남,45세,경상
2019122000100220,2019년 12월 20일 11시,금요일,충청남도 당진시 수청리,경상사고,0,0,1,0,차대차 - 측면충돌,안전거리미확보,건조,맑음,단일로 - 기타,화물,남,64세,상해없음,승용,여,40세,경상
2019122000100254,2019년 12월 20일 12시,금요일,충청남도 서산시 대산읍,중상사고,0,1,0,0,차대차 - 측면충돌,신호위반,건조,맑음,교차로 - 교차로안,화물,남,27세,상해없음,화물,남,62세,중상
2019122000100290,2019년 12월 20일 13시,금요일,충청남도 당진시 면천면,중상사고,0,2,2,0,차대차 - 정면충돌,중앙선침범,건조,맑음,단일로 - 기타,승용,남,27세,중상,승용,남,34세,경상
2019122000100327,2019년 12월 20일 14시,금요일,충청남도 당진시 송악읍,경상사고,0,0,1,0,차대차 - 측면충돌,교차로운행방법위반,건조,맑음,교차로 - 교차로안,승용,남,35세,상해없음,승용,남,27세,경상
2019122000100328,2019년 12월 20일 14시,금요일,충청남도 천안시 동남구 대흥동,경상사고,0,0,1,0,차대사람 - 기타,안전운전불이행,건조,맑음,단일로 - 기타,승용,여,31세,상해없음,보행자,남,17세,경상
2019122000100374,2019년 12월 20일 15시,금요일,충청남도 천안시 서북구 성정동,경상사고,0,0,2,0,차대차 - 측면충돌,안전거리미확보,건조,맑음,단일로 - 기타,이륜,남,32세,상해없음,승용,남,48세,경상
2019122000100375,2019년 12월 20일 15시,금요일,충청남도 천안시 서북구 불당동,중상사고,0,1,0,0,차대사람 - 횡단중,보행자보호의무위반,건조,맑음,교차로 - 교차로횡단보도내,승용,남,36세,상해없음,보행자,여,39세,중상
2019122000100376,2019년 12월 20일 15시,금요일,충청남도 태안군 태안읍,경상사고,0,0,2,0,차대차 - 측면충돌,직진우회전진행방해,건조,맑음,교차로 - 교차로안,승용,여,67세,상해없음,승용,남,41세,경상
2019122000100412,2019년 12월 20일 16시,금요일,충청남도 천안시 서북구 백석동,중상사고,0,1,0,0,차대차 - 추돌,안전운전불이행,젖음/습기,흐림,교차로 - 교차로부근,승용,남,34세,상해없음,승용,여,32세,중상
2019122000100413,2019년 12월 20일 16시,금요일,충청남도 부여군 부여읍,경상사고,0,0,1,0,차대차 - 측면충돌,직진우회전진행방해,건조,맑음,교차로 - 교차로안,승용,여,63세,상해없음,이륜,남,64세,경상
2019122000100464,2019년 12월 20일 17시,금요일,충청남도 논산시 관촉동,중상사고,0,4,0,0,차대차 - 측면충돌,안전운전불이행,건조,맑음,단일로 - 기타,승용,남,61세,기타불명,화물,남,66세,중상
2019122000100465,2019년 12월 20일 17시,금요일,충청남도 당진시 송악읍,경상사고,0,0,1,0,차량단독 - 공작물충돌,안전운전불이행,건조,맑음,단일로 - 기타,승용,남,70세,상해없음,,,,
2019122000100466,2019년 12월 20일 17시,금요일,충청남도 태안군 태안읍,중상사고,0,1,0,0,차대사람 - 기타,안전운전불이행,건조,맑음,교차로 - 교차로부근,승용,남,36세,상해없음,보행자,여,51세,중상
2019122000100527,2019년 12월 20일 18시,금요일,충청남도 천안시 서북구 백석동,경상사고,0,0,1,0,차대사람 - 기타,보행자보호의무위반,건조,맑음,단일로 - 기타,승용,여,70세,상해없음,보행자,여,25세,경상
2019122000100528,2019년 12월 20일 18시,금요일,충청남도 계룡시 금암동,경상사고,0,0,2,0,차대차 - 추돌,안전운전불이행,건조,맑음,교차로 - 교차로부근,승용,남,70세,상해없음,승용,남,58세,경상
2019122000100529,2019년 12월 20일 18시,금요일,충청남도 아산시 온천동,경상사고,0,0,2,0,차대차 - 기타,안전운전불이행,건조,맑음,단일로 - 기타,승용,남,53세,상해없음,승용,남,23세,경상
2019122000100530,2019년 12월 20일 18시,금요일,충청남도 부여군 규암면,경상사고,0,0,1,0,차대사람 - 횡단중,보행자보호의무위반,건조,맑음,단일로 - 기타,승용,남,83세,상해없음,보행자,남,78세,경상
2019122000100531,2019년 12월 20일 18시,금요일,충청남도 천안시 동남구 청당동,경상사고,0,0,1,0,차대차 - 측면충돌,신호위반,건조,맑음,단일로 - 기타,승용,남,65세,상해없음,화물,남,29세,경상
2019122000100532,2019년 12월 20일 18시,금요일,충청남도 공주시 우성면,경상사고,0,0,1,0,차대차 - 추돌,안전운전불이행,건조,맑음,단일로 - 기타,화물,남,58세,상해없음,승용,여,46세,경상
2019122000100591,2019년 12월 20일 19시,금요일,충청남도 천안시 서북구 업성동,경상사고,0,0,2,0,차대차 - 측면충돌,직진우회전진행방해,건조,맑음,교차로 - 교차로안,승용,여,50세,경상,승용,남,47세,경상
2019122000100592,2019년 12월 20일 19시,금요일,충청남도 논산시 성동면,중상사고,0,1,5,0,차대차 - 측면충돌,교차로운행방법위반,건조,맑음,교차로 - 교차로안,승용,남,40세,경상,승용,남,71세,중상
2019122000100635,2019년 12월 20일 20시,금요일,충청남도 당진시 정미면,중상사고,0,3,13,0,차대차 - 추돌,과속,건조,맑음,단일로 - 기타,승합,남,65세,경상,승용,남,35세,기타불명
2019122000100666,2019년 12월 20일 21시,금요일,충청남도 당진시 정미면,사망사고,1,0,0,0,차대차 - 측면충돌,안전운전불이행,건조,맑음,단일로 - 기타,승용,남,35세,사망,승용,남,34세,상해없음