사고번호,사고일시,요일,시군구,사고내용,사망자수,중상자수,경상자수,부상신고자수,사고유형,법규위반,노면상태,기상상태,도로형태,가해운전자 차종,가해운전자 성별,가해운전자 연령,가해운전자 상해정도,피해운전자 차종,피해운전자 성별,피해운전자 연령,피해운전자 상해정도
2019122000100667,2019년 12월 20일 21시,금요일,충청남도 천안시 동남구 구룡동,경상사고,0,0,1,0,차대차 - 측면충돌,안전운전불이행,건조,맑음,주차장 - 주차장,화물,남,64세,기타불명,화물,남,43세,경상
2019122000100668,2019년 12월 20일 21시,금요일,충청남도 천안시 서북구 성거읍,경상사고,0,0,1,0,차대차 - 기타,안전운전불이행,건조,맑음,단일로 - 기타,승용,여,47세,경상,화물,남,67세,상해없음
2019122000100724,2019년 12월 20일 23시,금요일,충청남도 천안시 서북구 입장면,경상사고,0,0,1,0,차대차 - 측면충돌,중앙선침범,건조,맑음,단일로 - 기타,특수,남,59세,상해없음,승용,여,49세,경상
2019122000100725,2019년 12월 20일 23시,금요일,충청남도 논산시 내동,중상사고,0,1,0,0,차대차 - 측면충돌,중앙선침범,건조,맑음,단일로 - 기타,화물,남,48세,상해없음,승용,남,62세,중상
2019122100100036,2019년 12월 21일 00시,토요일,충청남도 천안시 서북구 성정동,경상사고,0,0,1,0,차대차 - 기타,안전운전불이행,건조,맑음,단일로 - 기타,이륜,남,26세,경상,기타불명,기타불명,미분류,기타불명
2019122100100085,2019년 12월 21일 02시,토요일,충청남도 천안시 서북구 불당동,중상사고,0,1,0,0,차대차 - 기타,신호위반,젖음/습기,흐림,교차로 - 교차로안,개인형이동수단(PM),남,37세,중상,승용,여,50세,상해없음
2019122100100096,2019년 12월 21일 03시,토요일,충청남도 천안시 서북구 불당동,경상사고,0,0,2,0,차대차 - 추돌,안전운전불이행,건조,맑음,교차로 - 교차로부근,승용,여,36세,상해없음,승용,남,24세,경상
2019122100100133,2019년 12월 21일 06시,토요일,충청남도 아산시 온천동,중상사고,0,1,0,0,차대사람 - 기타,안전운전불이행,건조,기타,기타 - 기타,화물,남,38세,상해없음,보행자,남,28세,중상
2019122100100148,2019년 12월 21일 07시,토요일,충청남도 서천군 장항읍,중상사고,0,1,0,0,차대차 - 측면충돌,직진우회전진행방해,건조,맑음,교차로 - 교차로안,승용,남,57세,상해없음,이륜,남,86세,중상
2019122100100149,2019년 12월 21일 07시,토요일,충청남도 보령시 동대동,중상사고,0,1,0,0,차대차 - 추돌,안전운전불이행,건조,맑음,단일로 - 기타,화물,남,41세,상해없음,화물,남,55세,중상
2019122100100150,2019년 12월 21일 07시,토요일,충청남도 천안시 동남구 봉명동,중상사고,0,1,0,0,차대사람 - 횡단중,보행자보호의무위반,건조,맑음,단일로 - 기타,승용,남,57세,상해없음,보행자,여,80세,중상
2019122100100180,2019년 12월 21일 09시,토요일,충청남도 서산시 동문동,중상사고,0,1,0,0,차대차 - 측면충돌,신호위반,건조,맑음,교차로 - 교차로안,승용,남,63세,상해없음,승용,남,63세,중상
2019122100100181,2019년 12월 21일 09시,토요일,충청남도 천안시 서북구 쌍용동,경상사고,0,0,1,0,차대차 - 기타,안전운전불이행,건조,맑음,교차로 - 교차로부근,승용,남,59세,상해없음,승용,남,28세,상해없음
2019122100100199,2019년 12월 21일 10시,토요일,충청남도 아산시 탕정면,중상사고,0,1,0,0,차량단독 - 기타,안전운전불이행,건조,맑음,단일로 - 기타,승용,여,58세,중상,,,,
2019122100100224,2019년 12월 21일 11시,토요일,충청남도 서산시 고북면,경상사고,0,0,1,0,차대사람 - 기타,안전운전불이행,건조,맑음,단일로 - 기타,이륜,남,73세,경상,보행자,여,78세,상해없음
2019122100100225,2019년 12월 21일 11시,토요일,충청남도 천안시 동남구 삼룡동,중상사고,0,1,8,0,차대차 - 정면충돌,중앙선침범,건조,맑음,단일로 - 기타,승용,남,81세,상해없음,승용,남,24세,경상
2019122100100256,2019년 12월 21일 12시,토요일,충청남도 천안시 서북구 차암동,경상사고,0,0,1,0,차대차 - 기타,기타,건조,맑음,교차로 - 교차로부근,승용,남,61세,상해없음,이륜,남,32세,경상
2019122100100257,2019년 12월 21일 12시,토요일,충청남도 청양군 청양읍,경상사고,0,0,2,0,차대차 - 측면충돌,안전운전불이행,건조,맑음,교차로 - 교차로안,화물,남,46세,경상,승용,남,63세,경상
2019122100100258,2019년 12월 21일 12시,토요일,충청남도 천안시 동남구 원성동,중상사고,0,1,0,0,차대차 - 측면충돌,안전운전불이행,건조,맑음,단일로 - 기타,승용,남,19세,상해없음,이륜,남,78세,중상
2019122100100296,2019년 12월 21일 13시,토요일,충청남도 아산시 모종동,경상사고,0,0,3,0,차대차 - 기타,안전운전불이행,건조,맑음,단일로 - 기타,승합,남,45세,상해없음,승용,남,37세,경상
2019122100100331,2019년 12월 21일 14시,토요일,충청남도 아산시 배방읍,경상사고,0,0,2,0,차대차 - 추돌,안전운전불이행,건조,맑음,단일로 - 기타,승용,남,26세,상해없음,승용,여,44세,경상
2019122100100416,2019년 12월 21일 17시,토요일,충청남도 당진시 송악읍,중상사고,0,1,0,0,차량단독 - 공작물충돌,안전운전불이행,젖음/습기,흐림,교차로 - 교차로안,화물,여,60세,중상,,,,
2019122100100462,2019년 12월 21일 18시,토요일,충청남도 천안시 서북구 불당동,경상사고,0,0,4,0,차대차 - 측면충돌,안전운전불이행,건조,맑음,단일로 - 기타,승용,남,19세,상해없음,승용,남,45세,경상
2019122100100463,2019년 12월 21일 18시,토요일,충청남도 태안군 태안읍,사망사고,1,0,0,0,차대사람 - 횡단중,안전운전불이행,건조,맑음,교차로 - 교차로안,승용,여,44세,상해없음,보행자,여,75세,사망
2019122100100515,2019년 12월 21일 19시,토요일,충청남도 천안시 서북구 입장면,경상사고,0,0,1,0,차대차 - 기타,신호위반,건조,맑음,교차로 - 교차로안,승용,남,43세,상해없음,승용,남,29세,경상
2019122100100516,2019년 12월 21일 19시,토요일,충청남도 천안시 동남구 봉명동,경상사고,0,0,1,0,차대차 - 기타,교차로운행방법위반,건조,맑음,교차로 - 교차로안,화물,남,58세,상해없음,이륜,남,41세,경상
2019122100100601,2019년 12월 21일 22시,토요일,충청남도 아산시 용화동,부상신고사고,0,0,0,1,차대차 - 측면충돌,안전운전불이행,건조,맑음,단일로 - 기타,승용,남,23세,상해없음,이륜,남,54세,부상신고
2019122100100602,2019년 12월 21일 22시,토요일,충청남도 청양군 청양읍,경상사고,0,0,1,0,차량단독 - 공작물충돌,안전운전불이행,건조,맑음,기타 - 기타,승용,남,30세,경상,,,,
2019122100100628,2019년 12월 21일 23시,토요일,충청남도 서산시 지곡면,경상사고,0,0,2,0,차대차 - 추돌,안전거리미확보,건조,맑음,단일로 - 기타,승용,남,30세,상해없음,승용,남,34세,경상
2019122200100134,2019년 12월 22일 07시,일요일,충청남도 서산시 수석동,중상사고,0,3,0,0,차대차 - 측면충돌,불법유턴,건조,맑음,단일로 - 기타,승용,남,41세,상해없음,화물,남,45세,중상
2019122200100135,2019년 12월 22일 07시,일요일,충청남도 천안시 동남구 청당동,중상사고,0,1,0,0,차대차 - 측면충돌,신호위반,건조,맑음,교차로 - 교차로부근,승용,남,21세,상해없음,승용,여,43세,중상
2019122200100162,2019년 12월 22일 09시,일요일,충청남도 당진시 송악읍,중상사고,0,2,0,0,차대차 - 기타,중앙선침범,건조,맑음,단일로 - 기타,승용,남,19세,상해없음,화물,남,57세,중상
2019122200100245,2019년 12월 22일 13시,일요일,충청남도 예산군 예산읍,경상사고,0,0,3,0,차대차 - 측면충돌,신호위반,건조,맑음,교차로 - 교차로안,특수,남,64세,상해없음,승용,남,65세,경상
2019122200100355,2019년 12월 22일 17시,일요일,충청남도 아산시 도고면,경상사고,0,0,1,0,차대차 - 추돌,안전운전불이행,건조,맑음,단일로 - 기타,승용,남,41세,상해없음,승용,남,60세,경상
2019122200100356,2019년 12월 22일 17시,일요일,충청남도 공주시 중동,경상사고,0,0,1,0,차대사람 - 횡단중,보행자보호의무위반,건조,맑음,교차로 - 교차로부근,이륜,남,22세,상해없음,보행자,여,18세,경상
2019122200100396,2019년 12월 22일 18시,일요일,충청남도 아산시 모종동,중상사고,0,1,0,0,차대차 - 정면충돌,교차로운행방법위반,건조,맑음,교차로 - 교차로안,승용,남,48세,상해없음,이륜,남,36세,중상
2019122200100397,2019년 12월 22일 18시,일요일,충청남도 천안시 동남구 문화동,경상사고,0,0,5,0,차대차 - 측면충돌,직진우회전진행방해,건조,맑음,교차로 - 교차로안,승용,남,59세,경상,승용,남,35세,경상
2019122200100435,2019년 12월 22일 19시,일요일,충청남도 당진시 읍내리,경상사고,0,0,1,0,차대차 - 기타,교차로운행방법위반,건조,맑음,교차로 - 교차로안,승용,여,49세,경상,승용,남,45세,상해없음
2019122200100462,2019년 12월 22일 20시,일요일,충청남도 아산시 배방읍,중상사고,0,1,0,0,차대차 - 기타,신호위반,건조,맑음,교차로 - 교차로횡단보도내,승용,여,47세,상해없음,이륜,남,36세,중상
2019122200100463,2019년 12월 22일 20시,일요일,충청남도 공주시 신관동,경상사고,0,0,1,0,차대사람 - 기타,안전운전불이행,건조,맑음,단일로 - 기타,승용,남,32세,상해없음,보행자,남,25세,경상
2019122200100484,2019년 12월 22일 21시,일요일,충청남도 천안시 동남구 신부동,경상사고,0,0,1,0,차대사람 - 길가장자리구역통행중,안전운전불이행,건조,맑음,단일로 - 기타,승용,남,44세,상해없음,보행자,여,28세,경상
2019122200100501,2019년 12월 22일 22시,일요일,충청남도 논산시 부적면,경상사고,0,0,2,0,차대차 - 측면충돌,신호위반,건조,맑음,교차로 - 교차로안,승용,남,29세,상해없음,승용,남,42세,경상
2019122200100516,2019년 12월 22일 23시,일요일,충청남도 예산군 예산읍,경상사고,0,0,2,0,차대차 - 측면충돌,직진우회전진행방해,건조,맑음,교차로 - 교차로안,승용,남,25세,경상,승용,남,63세,경상
2019122300100070,2019년 12월 23일 04시,월요일,충청남도 보령시 천북면,사망사고,1,1,0,0,차대차 - 추돌,안전운전불이행,젖음/습기,비,단일로 - 기타,화물,남,55세,사망,특수,남,46세,상해없음
2019122300100111,2019년 12월 23일 07시,월요일,충청남도 천안시 서북구 백석동,경상사고,0,0,2,0,차대차 - 추돌,안전운전불이행,젖음/습기,비,단일로 - 기타,승용,남,28세,상해없음,승용,남,26세,경상
2019122300100180,2019년 12월 23일 09시,월요일,충청남도 논산시 부창동,경상사고,0,0,2,0,차대차 - 측면충돌,안전운전불이행,건조,맑음,주차장 - 주차장,화물,남,72세,경상,승합,남,68세,경상
2019122300100210,2019년 12월 23일 10시,월요일,충청남도 서산시 동문동,경상사고,0,0,1,0,차대차 - 측면충돌,안전운전불이행,건조,맑음,교차로 - 교차로안,자전거,여,74세,경상,화물,남,70세,상해없음
2019122300100211,2019년 12월 23일 10시,월요일,충청남도 보령시 궁촌동,중상사고,0,1,0,0,차대차 - 측면충돌,신호위반,건조,흐림,교차로 - 교차로안,자전거,남,86세,중상,승용,남,59세,상해없음
2019122300100238,2019년 12월 23일 11시,월요일,충청남도 금산군 진산면,경상사고,0,0,1,0,차대차 - 추돌,안전운전불이행,건조,맑음,단일로 - 기타,건설기계,남,38세,상해없음,승용,남,43세,경상
2019122300100271,2019년 12월 23일 12시,월요일,충청남도 공주시 산성동,중상사고,0,1,0,0,차대사람 - 횡단중,안전운전불이행,건조,맑음,단일로 - 기타,승용,여,35세,상해없음,보행자,남,67세,중상
2019122300100272,2019년 12월 23일 12시,월요일,충청남도 예산군 오가면,경상사고,0,0,3,0,차대차 - 추돌,안전거리미확보,건조,맑음,단일로 - 기타,승용,남,71세,상해없음,승용,남,48세,상해없음
2019122300100409,2019년 12월 23일 16시,월요일,충청남도 계룡시 두마면,경상사고,0,0,1,0,차대차 - 측면충돌,안전운전불이행,건조,맑음,교차로 - 교차로부근,화물,남,49세,기타불명,승용,여,36세,경상
2019122300100410,2019년 12월 23일 16시,월요일,충청남도 보령시 웅천읍,경상사고,0,0,1,0,차대차 - 측면충돌,직진우회전진행방해,건조,흐림,교차로 - 교차로안,승용,여,38세,상해없음,승용,남,46세,경상
2019122300100411,2019년 12월 23일 16시,월요일,충청남도 당진시 송산면,경상사고,0,0,2,0,차대차 - 추돌,안전운전불이행,건조,맑음,기타 - 기타,승용,남,27세,상해없음,승용,남,35세,경상
2019122300100450,2019년 12월 23일 17시,월요일,충청남도 아산시 신창면,부상신고사고,0,0,0,1,차대사람 - 기타,안전운전불이행,건조,맑음,단일로 - 기타,건설기계,남,58세,기타불명,보행자,남,85세,부상신고
2019122300100500,2019년 12월 23일 18시,월요일,충청남도 천안시 서북구 성거읍,중상사고,0,1,0,0,차대사람 - 횡단중,보행자보호의무위반,건조,맑음,교차로 - 교차로횡단보도내,승용,여,27세,상해없음,보행자,여,17세,중상
2019122300100501,2019년 12월 23일 18시,월요일,충청남도 천안시 서북구 쌍용동,경상사고,0,0,1,0,차대사람 - 기타,안전운전불이행,건조,맑음,단일로 - 기타,승용,남,24세,상해없음,보행자,여,50세,경상
2019122300100502,2019년 12월 23일 18시,월요일,충청남도 천안시 서북구 두정동,중상사고,0,1,0,0,차대차 - 측면충돌,중앙선침범,건조,맑음,교차로 - 교차로부근,승용,남,61세,상해없음,이륜,남,30세,중상
2019122300100503,2019년 12월 23일 18시,월요일,충청남도 아산시 선장면,경상사고,0,0,1,0,차대차 - 기타,안전운전불이행,건조,기타,교차로 - 교차로부근,승용,남,41세,상해없음,승용,남,32세,경상
2019122300100504,2019년 12월 23일 18시,월요일,충청남도 아산시 권곡동,경상사고,0,0,1,0,차대차 - 기타,안전운전불이행,건조,맑음,기타 - 기타,승용,여,31세,상해없음,승용,여,34세,경상
2019122300100505,2019년 12월 23일 18시,월요일,충청남도 공주시 계룡면,중상사고,0,2,0,0,차대차 - 추돌,안전운전불이행,건조,맑음,단일로 - 기타,승용,남,30세,중상,화물,남,62세,중상
2019122300100506,2019년 12월 23일 18시,월요일,충청남도 당진시 신평면,부상신고사고,0,0,0,1,차대사람 - 기타,안전운전불이행,건조,맑음,기타 - 기타,기타불명,기타불명,미분류,기타불명,보행자,여,23세,부상신고
2019122300100507,2019년 12월 23일 18시,월요일,충청남도 천안시 동남구 봉명동,경상사고,0,0,1,0,차대차 - 측면충돌,불법유턴,건조,맑음,단일로 - 기타,승용,남,32세,상해없음,이륜,남,51세,경상
2019122300100551,2019년 12월 23일 19시,월요일,충청남도 천안시 서북구 성정동,경상사고,0,0,1,0,차대차 - 후진중충돌,안전운전불이행,건조,맑음,교차로 - 교차로안,승용,여,50세,상해없음,승용,남,30세,상해없음
2019122300100552,2019년 12월 23일 19시,월요일,충청남도 논산시 상월면,중상사고,0,1,0,0,차량단독 - 공작물충돌,안전운전불이행,건조,맑음,단일로 - 기타,승용,여,37세,중상,,,,
2019122300100553,2019년 12월 23일 19시,월요일,충청남도 예산군 삽교읍,경상사고,0,0,1,0,차대차 - 측면충돌,신호위반,건조,맑음,교차로 - 교차로안,승용,남,50세,상해없음,승용,여,30세,경상
2019122300100614,2019년 12월 23일 21시,월요일,충청남도 천안시 서북구 쌍용동,경상사고,0,0,1,0,차대사람 - 기타,안전운전불이행,건조,맑음,교차로 - 교차로부근,승용,남,60세,상해없음,보행자,남,36세,경상
2019122300100642,2019년 12월 23일 22시,월요일,충청남도 천안시 서북구 쌍용동,중상사고,0,1,0,0,차대사람 - 횡단중,안전운전불이행,건조,맑음,교차로 - 교차로횡단보도내,이륜,남,36세,상해없음,보행자,여,78세,중상
2019122300100643,2019년 12월 23일 22시,월요일,충청남도 천안시 서북구 두정동,부상신고사고,0,0,0,1,차대차 - 측면충돌,안전운전불이행,건조,맑음,교차로 - 교차로안,이륜,남,59세,부상신고,이륜,남,19세,상해없음
2019122300100663,2019년 12월 23일 23시,월요일,충청남도 천안시 서북구 두정동,경상사고,0,0,1,0,차대사람 - 기타,안전운전불이행,건조,맑음,단일로 - 기타,승용,여,21세,상해없음,보행자,남,32세,경상
2019122400100074,2019년 12월 24일 03시,화요일,충청남도 천안시 서북구 불당동,부상신고사고,0,0,0,1,차대사람 - 기타,안전운전불이행,건조,맑음,교차로 - 교차로부근,기타불명,기타불명,미분류,기타불명,보행자,남,50세,부상신고
2019122400100090,2019년 12월 24일 05시,화요일,충청남도 천안시 서북구 백석동,경상사고,0,0,1,0,차대차 - 추돌,안전운전불이행,건조,흐림,교차로 - 교차로부근,승용,남,37세,상해없음,승용,남,66세,경상
2019122400100106,2019년 12월 24일 06시,화요일,충청남도 천안시 서북구 성정동,경상사고,0,0,2,0,차대차 - 측면충돌,신호위반,건조,맑음,교차로 - 교차로안,승용,남,59세,상해없음,특수,남,47세,경상
2019122400100132,2019년 12월 24일 07시,화요일,충청남도 서산시 대산읍,중상사고,0,1,0,0,차대차 - 추돌,안전운전불이행,건조,맑음,교차로 - 교차로부근,화물,남,54세,상해없음,특수,남,36세,중상
2019122400100159,2019년 12월 24일 08시,화요일,충청남도 천안시 서북구 신당동,경상사고,0,0,2,0,차대차 - 추돌,안전운전불이행,젖음/습기,비,단일로 - 기타,승용,남,23세,상해없음,승용,남,33세,경상
2019122400100160,2019년 12월 24일 08시,화요일,충청남도 금산군 복수면,경상사고,0,0,1,0,차대차 - 측면충돌,교차로운행방법위반,건조,흐림,교차로 - 교차로안,승용,남,69세,상해없음,승용,여,29세,경상
2019122400100201,2019년 12월 24일 09시,화요일,충청남도 서산시 예천동,경상사고,0,0,1,0,차대차 - 기타,안전운전불이행,건조,맑음,단일로 - 기타,화물,남,41세,상해없음,화물,남,25세,경상
2019122400100202,2019년 12월 24일 09시,화요일,충청남도 아산시 배방읍,경상사고,0,0,1,0,차대차 - 기타,안전운전불이행,건조,맑음,단일로 - 기타,승용,여,37세,기타불명,승용,여,38세,경상
2019122400100230,2019년 12월 24일 10시,화요일,충청남도 서산시 인지면,중상사고,0,1,0,0,차대차 - 추돌,신호위반,건조,맑음,교차로 - 교차로부근,건설기계,남,48세,상해없음,승용,여,59세,중상
2019122400100231,2019년 12월 24일 10시,화요일,충청남도 공주시 금성동,중상사고,0,1,2,0,차대차 - 측면충돌,신호위반,건조,맑음,교차로 - 교차로안,이륜,남,60세,중상,화물,남,59세,경상
2019122400100257,2019년 12월 24일 11시,화요일,충청남도 서천군 화양면,사망사고,1,0,0,0,차량단독 - 공작물충돌,안전운전불이행,건조,맑음,교차로 - 교차로부근,이륜,남,82세,사망,,,,
2019122400100258,2019년 12월 24일 11시,화요일,충청남도 천안시 동남구 신부동,경상사고,0,0,2,0,차대차 - 추돌,안전거리미확보,건조,맑음,단일로 - 기타,화물,남,33세,상해없음,승용,여,75세,경상
2019122400100293,2019년 12월 24일 12시,화요일,충청남도 공주시 웅진동,경상사고,0,0,1,0,차대차 - 측면충돌,과속,건조,맑음,교차로 - 교차로안,승용,남,25세,상해없음,승합,남,52세,경상
2019122400100364,2019년 12월 24일 14시,화요일,충청남도 홍성군 홍북읍,경상사고,0,0,1,0,차대차 - 기타,안전운전불이행,건조,맑음,교차로 - 교차로안,승용,여,45세,상해없음,승용,여,50세,경상
2019122400100365,2019년 12월 24일 14시,화요일,충청남도 당진시 신평면,사망사고,1,0,0,0,차량단독 - 공작물충돌,안전운전불이행,건조,맑음,단일로 - 기타,특수,남,48세,사망,,,,
2019122400100396,2019년 12월 24일 15시,화요일,충청남도 아산시 배방읍,경상사고,0,0,1,0,차대차 - 기타,안전운전불이행,건조,맑음,교차로 - 교차로부근,승용,남,63세,상해없음,승용,여,33세,경상
2019122400100545,2019년 12월 24일 18시,화요일,충청남도 홍성군 홍성읍,경상사고,0,0,1,0,차대차 - 추돌,안전거리미확보,건조,맑음,단일로 - 기타,승용,남,62세,상해없음,승용,남,46세,경상
2019122400100546,2019년 12월 24일 18시,화요일,충청남도 아산시 풍기동,경상사고,0,0,1,0,차대차 - 기타,안전운전불이행,건조,맑음,교차로 - 교차로부근,승용,남,59세,상해없음,승용,남,24세,경상
2019122400100547,2019년 12월 24일 18시,화요일,충청남도 공주시 웅진동,사망사고,1,0,0,0,차대사람 - 횡단중,신호위반,건조,맑음,교차로 - 교차로횡단보도내,승용,남,54세,상해없음,보행자,여,73세,사망
2019122400100548,2019년 12월 24일 18시,화요일,충청남도 공주시 탄천면,중상사고,0,1,0,0,차대차 - 추돌,안전운전불이행,건조,맑음,단일로 - 기타,승용,남,63세,상해없음,농기계,남,69세,중상
2019122400100616,2019년 12월 24일 19시,화요일,충청남도 계룡시 금암동,경상사고,0,0,3,0,차대차 - 추돌,안전운전불이행,건조,맑음,교차로 - 교차로부근,승용,남,52세,상해없음,승용,여,30세,경상
2019122400100617,2019년 12월 24일 19시,화요일,충청남도 당진시 신평면,경상사고,0,0,1,0,차대차 - 측면충돌,안전운전불이행,건조,맑음,단일로 - 기타,승용,여,42세,상해없음,이륜,남,50세,경상
2019122400100694,2019년 12월 24일 21시,화요일,충청남도 아산시 음봉면,중상사고,0,2,0,0,차대차 - 측면충돌,신호위반,건조,맑음,교차로 - 교차로안,승용,남,25세,상해없음,승용,남,61세,중상
2019122400100734,2019년 12월 24일 23시,화요일,충청남도 아산시 모종동,중상사고,0,1,0,0,차대차 - 기타,안전운전불이행,건조,맑음,단일로 - 기타,승용,남,53세,상해없음,이륜,남,17세,중상
2019122500100044,2019년 12월 25일 02시,수요일,충청남도 천안시 동남구 다가동,경상사고,0,0,2,0,차대차 - 기타,안전운전불이행,건조,맑음,교차로 - 교차로안,승용,남,23세,상해없음,승용,남,42세,경상
2019122500100052,2019년 12월 25일 03시,수요일,충청남도 서산시 해미면,경상사고,0,0,1,0,차량단독 - 공작물충돌,안전운전불이행,건조,맑음,교차로 - 교차로부근,이륜,남,49세,경상,,,,
2019122500100085,2019년 12월 25일 06시,수요일,충청남도 청양군 청양읍,경상사고,0,0,1,0,차대차 - 측면충돌,직진우회전진행방해,건조,맑음,교차로 - 교차로안,화물,남,49세,상해없음,자전거,남,70세,경상
2019122500100098,2019년 12월 25일 07시,수요일,충청남도 아산시 음봉면,경상사고,0,0,1,0,차대차 - 기타,안전운전불이행,건조,맑음,단일로 - 기타,승용,남,40세,상해없음,승용,남,30세,경상
2019122500100107,2019년 12월 25일 08시,수요일,충청남도 당진시 읍내리,경상사고,0,0,2,0,차대차 - 기타,신호위반,건조,맑음,교차로 - 교차로안,승용,남,64세,상해없음,승용,남,64세,경상
2019122500100114,2019년 12월 25일 09시,수요일,충청남도 천안시 서북구 직산읍,경상사고,0,0,1,0,차대차 - 측면충돌,신호위반,건조,맑음,교차로 - 교차로안,승용,여,59세,상해없음,승용,여,43세,경상
2019122500100115,2019년 12월 25일 09시,수요일,충청남도 당진시 고대면,경상사고,0,0,1,0,차대사람 - 차도통행중,안전운전불이행,건조,맑음,교차로 - 교차로안,화물,남,69세,상해없음,보행자,남,52세,경상
2019122500100131,2019년 12월 25일 10시,수요일,충청남도 공주시 신관동,경상사고,0,0,1,0,차대사람 - 길가장자리구역통행중,안전운전불이행,건조,맑음,단일로 - 기타,승용,남,69세,기타불명,보행자,남,67세,경상
2019122500100132,2019년 12월 25일 10시,수요일,충청남도 당진시 수청리,경상사고,0,0,1,0,차대차 - 측면충돌,신호위반,건조,맑음,단일로 - 기타,승용,여,45세,상해없음,승용,남,43세,경상
2019122500100167,2019년 12월 25일 12시,수요일,충청남도 천안시 동남구 성황동,경상사고,0,0,2,0,차대차 - 측면충돌,안전운전불이행,건조,맑음,교차로 - 교차로안,이륜,남,30세,경상,승용,남,28세,경상
2019122500100192,2019년 12월 25일 13시,수요일,충청남도 서산시 예천동,경상사고,0,0,1,0,차대차 - 측면충돌,직진우회전진행방해,건조,맑음,교차로 - 교차로안,이륜,남,58세,경상,승용,남,44세,상해없음
2019122500100220,2019년 12월 25일 14시,수요일,충청남도 천안시 서북구 성환읍,경상사고,0,0,2,0,차대차 - 추돌,안전운전불이행,건조,맑음,교차로 - 교차로안,화물,남,74세,상해없음,화물,남,46세,경상
2019122500100252,2019년 12월 25일 15시,수요일,충청남도 아산시 배방읍,경상사고,0,0,1,0,차대차 - 기타,안전운전불이행,건조,맑음,단일로 - 기타,자전거,남,9세,경상,승용,남,69세,상해없음
2019122500100253,2019년 12월 25일 15시,수요일,충청남도 천안시 동남구 목천읍,경상사고,0,0,1,0,차대차 - 추돌,안전운전불이행,건조,맑음,교차로 - 교차로부근,승용,남,55세,상해없음,승용,남,28세,경상
2019122500100274,2019년 12월 25일 16시,수요일,충청남도 천안시 동남구 봉명동,부상신고사고,0,0,0,1,차대차 - 측면충돌,안전운전불이행,건조,맑음,단일로 - 기타,자전거,남,58세,부상신고,이륜,남,31세,상해없음
2019122500100299,2019년 12월 25일 17시,수요일,충청남도 아산시 탕정면,경상사고,0,0,2,0,차대차 - 정면충돌,신호위반,건조,맑음,교차로 - 교차로안,승합,남,46세,상해없음,승용,남,49세,경상
2019122500100300,2019년 12월 25일 17시,수요일,충청남도 당진시 시곡리,경상사고,0,0,1,0,차대차 - 추돌,안전거리미확보,건조,맑음,교차로 - 교차로안,승용,남,36세,경상,화물,남,52세,상해없음
2019122500100442,2019년 12월 25일 22시,수요일,충청남도 논산시 연무읍,사망사고,1,0,0,0,차량단독 - 도로외이탈 - 추락,안전운전불이행,건조,맑음,단일로 - 기타,자전거,남,32세,사망,,,,
2019122600100025,2019년 12월 26일 00시,목요일,충청남도 천안시 서북구 쌍용동,중상사고,0,1,0,0,차량단독 - 공작물충돌,안전운전불이행,건조,맑음,단일로 - 기타,승용,남,50세,중상,,,,
2019122600100045,2019년 12월 26일 04시,목요일,충청남도 논산시 은진면,경상사고,0,0,1,0,차량단독 - 공작물충돌,안전운전불이행,건조,맑음,단일로 - 기타,승용,남,29세,경상,,,,
2019122600100067,2019년 12월 26일 06시,목요일,충청남도 홍성군 홍성읍,중상사고,0,1,0,0,차대차 - 정면충돌,안전운전불이행,건조,맑음,교차로 - 교차로안,자전거,남,82세,중상,승용,남,60세,상해없음
2019122600100068,2019년 12월 26일 06시,목요일,충청남도 예산군 예산읍,경상사고,0,0,1,0,차량단독 - 공작물충돌,안전운전불이행,건조,흐림,교차로 - 교차로부근,승용,남,47세,경상,,,,
2019122600100069,2019년 12월 26일 06시,목요일,충청남도 당진시 고대면,경상사고,0,0,1,0,차대차 - 측면충돌,안전거리미확보,건조,맑음,단일로 - 기타,특수,남,40세,상해없음,승용,남,58세,경상
2019122600100090,2019년 12월 26일 07시,목요일,충청남도 아산시 둔포면,중상사고,0,1,0,0,차대사람 - 횡단중,신호위반,건조,맑음,교차로 - 교차로횡단보도내,화물,남,43세,상해없음,보행자,여,18세,중상
2019122600100124,2019년 12월 26일 08시,목요일,충청남도 아산시 신창면,경상사고,0,0,1,0,차대차 - 기타,안전운전불이행,건조,맑음,단일로 - 기타,승용,여,62세,상해없음,화물,남,39세,경상
2019122600100149,2019년 12월 26일 09시,목요일,충청남도 천안시 서북구 쌍용동,경상사고,0,0,2,0,차대차 - 기타,안전거리미확보,젖음/습기,비,단일로 - 기타,승용,남,75세,상해없음,승용,여,44세,경상
2019122600100177,2019년 12월 26일 10시,목요일,충청남도 공주시 이인면,중상사고,0,1,0,0,차대차 - 측면충돌,안전운전불이행,젖음/습기,비,단일로 - 기타,화물,남,55세,상해없음,승용,남,36세,중상
2019122600100240,2019년 12월 26일 12시,목요일,충청남도 천안시 서북구 성정동,중상사고,0,1,0,0,차대차 - 기타,교차로운행방법위반,젖음/습기,비,교차로 - 교차로안,승용,남,62세,상해없음,이륜,남,45세,중상