사고번호,사고일시,요일,시군구,사고내용,사망자수,중상자수,경상자수,부상신고자수,사고유형,법규위반,노면상태,기상상태,도로형태,가해운전자 차종,가해운전자 성별,가해운전자 연령,가해운전자 상해정도,피해운전자 차종,피해운전자 성별,피해운전자 연령,피해운전자 상해정도
2019122600100273,2019년 12월 26일 13시,목요일,충청남도 천안시 서북구 두정동,경상사고,0,0,1,0,차대차 - 측면충돌,안전거리미확보,젖음/습기,비,단일로 - 기타,승용,여,57세,상해없음,승용,여,58세,경상
2019122600100418,2019년 12월 26일 17시,목요일,충청남도 보령시 동대동,경상사고,0,0,1,0,차대사람 - 횡단중,보행자보호의무위반,건조,맑음,교차로 - 교차로횡단보도내,승합,남,62세,상해없음,보행자,여,15세,경상
2019122600100419,2019년 12월 26일 17시,목요일,충청남도 보령시 남포면,사망사고,1,0,0,0,차대사람 - 횡단중,안전운전불이행,건조,맑음,교차로 - 교차로부근,승용,여,67세,상해없음,보행자,여,76세,사망
2019122600100420,2019년 12월 26일 17시,목요일,충청남도 천안시 동남구 영성동,경상사고,0,0,1,0,차대차 - 측면충돌,교차로운행방법위반,건조,맑음,교차로 - 교차로부근,승용,남,49세,상해없음,자전거,남,9세,경상
2019122600100462,2019년 12월 26일 18시,목요일,충청남도 서산시 대산읍,경상사고,0,0,1,0,차대사람 - 기타,안전운전불이행,건조,맑음,기타 - 기타,승용,남,52세,상해없음,보행자,남,51세,경상
2019122600100463,2019년 12월 26일 18시,목요일,충청남도 천안시 서북구 차암동,경상사고,0,0,1,0,차대사람 - 횡단중,중앙선침범,젖음/습기,흐림,단일로 - 기타,승용,남,35세,상해없음,보행자,남,30세,경상
2019122600100464,2019년 12월 26일 18시,목요일,충청남도 계룡시 엄사면,중상사고,0,1,0,0,차대사람 - 횡단중,안전운전불이행,건조,맑음,교차로 - 교차로안,승용,여,36세,상해없음,보행자,여,71세,중상
2019122600100517,2019년 12월 26일 19시,목요일,충청남도 천안시 서북구 직산읍,경상사고,0,0,1,0,차량단독 - 기타,안전운전불이행,젖음/습기,비,단일로 - 기타,이륜,남,63세,경상,,,,
2019122600100518,2019년 12월 26일 19시,목요일,충청남도 천안시 동남구 청당동,경상사고,0,0,1,0,차대차 - 측면충돌,안전운전불이행,건조,맑음,교차로 - 교차로안,승용,남,37세,상해없음,이륜,남,48세,경상
2019122600100574,2019년 12월 26일 21시,목요일,충청남도 천안시 서북구 성정동,중상사고,0,1,0,0,차대차 - 측면충돌,교차로운행방법위반,젖음/습기,흐림,교차로 - 교차로안,이륜,남,48세,중상,승용,남,29세,상해없음
2019122600100575,2019년 12월 26일 21시,목요일,충청남도 천안시 서북구 쌍용동,경상사고,0,0,1,0,차대사람 - 차도통행중,안전운전불이행,젖음/습기,흐림,단일로 - 기타,승용,남,62세,상해없음,보행자,여,58세,경상
2019122600100601,2019년 12월 26일 22시,목요일,충청남도 아산시 탕정면,경상사고,0,0,2,0,차대차 - 추돌,안전운전불이행,건조,맑음,단일로 - 기타,승용,남,47세,상해없음,승용,남,30세,경상
2019122600100602,2019년 12월 26일 22시,목요일,충청남도 당진시 원당리,중상사고,0,1,0,0,차대사람 - 차도통행중,안전운전불이행,건조,맑음,교차로 - 교차로안,승용,남,34세,상해없음,보행자,남,61세,중상
2019122600100603,2019년 12월 26일 22시,목요일,충청남도 천안시 동남구 목천읍,중상사고,0,2,0,0,차대차 - 측면충돌,안전운전불이행,건조,맑음,교차로 - 교차로안,승용,남,31세,상해없음,승용,여,54세,중상
2019122600100629,2019년 12월 26일 23시,목요일,충청남도 천안시 서북구 성정동,경상사고,0,0,2,0,차대차 - 후진중충돌,안전운전불이행,젖음/습기,흐림,단일로 - 기타,승용,남,26세,상해없음,승용,남,41세,경상
2019122700100029,2019년 12월 27일 00시,금요일,충청남도 논산시 반월동,경상사고,0,0,1,0,차대차 - 정면충돌,교차로운행방법위반,건조,맑음,교차로 - 교차로안,승용,여,28세,상해없음,승용,남,58세,경상
2019122700100042,2019년 12월 27일 01시,금요일,충청남도 논산시 취암동,부상신고사고,0,0,0,1,차량단독 - 주/정차차량 충돌,안전운전불이행,건조,맑음,단일로 - 기타,승용,남,23세,부상신고,,,,
2019122700100054,2019년 12월 27일 02시,금요일,충청남도 천안시 서북구 두정동,경상사고,0,0,1,0,차대사람 - 기타,안전운전불이행,건조,맑음,단일로 - 기타,화물,남,32세,상해없음,보행자,남,44세,경상
2019122700100141,2019년 12월 27일 08시,금요일,충청남도 논산시 강산동,중상사고,0,1,0,0,차대사람 - 횡단중,보행자보호의무위반,건조,맑음,교차로 - 교차로횡단보도내,화물,남,63세,상해없음,보행자,남,20세,중상
2019122700100168,2019년 12월 27일 09시,금요일,충청남도 천안시 서북구 백석동,중상사고,0,1,0,0,차대사람 - 횡단중,안전운전불이행,건조,맑음,단일로 - 기타,승용,남,59세,상해없음,보행자,여,84세,중상
2019122700100199,2019년 12월 27일 10시,금요일,충청남도 부여군 임천면,중상사고,0,1,0,0,차대사람 - 차도통행중,안전운전불이행,건조,맑음,단일로 - 기타,승용,남,46세,상해없음,보행자,남,78세,중상
2019122700100224,2019년 12월 27일 11시,금요일,충청남도 논산시 가야곡면,경상사고,0,0,1,0,차대차 - 측면충돌,안전운전불이행,건조,맑음,교차로 - 교차로안,이륜,남,80세,경상,승용,여,56세,상해없음
2019122700100227,2019년 12월 27일 11시,금요일,충청남도 보령시 주포면,중상사고,0,1,0,0,차대차 - 추돌,안전운전불이행,건조,맑음,단일로 - 기타,승용,남,33세,중상,화물,남,53세,상해없음
2019122700100254,2019년 12월 27일 12시,금요일,충청남도 서산시 잠홍동,부상신고사고,0,0,0,1,차대차 - 후진중충돌,안전운전불이행,건조,맑음,교차로 - 교차로부근,승용,여,33세,부상신고,기타불명,기타불명,미분류,기타불명
2019122700100255,2019년 12월 27일 12시,금요일,충청남도 천안시 서북구 불당동,경상사고,0,0,2,1,차대차 - 측면충돌,교차로운행방법위반,건조,맑음,교차로 - 교차로안,승용,남,63세,부상신고,승용,남,42세,경상
2019122700100256,2019년 12월 27일 12시,금요일,충청남도 천안시 서북구 성거읍,경상사고,0,0,2,0,차대차 - 기타,차로위반,건조,맑음,단일로 - 기타,승용,남,52세,상해없음,승용,남,21세,경상
2019122700100328,2019년 12월 27일 14시,금요일,충청남도 태안군 안면읍,경상사고,0,0,4,1,차대차 - 측면충돌,안전거리미확보,건조,맑음,교차로 - 교차로안,승용,남,65세,부상신고,승용,남,26세,경상
2019122700100363,2019년 12월 27일 15시,금요일,충청남도 아산시 풍기동,중상사고,0,1,0,0,차대사람 - 횡단중,신호위반,건조,맑음,단일로 - 기타,승용,남,65세,상해없음,보행자,여,24세,중상
2019122700100435,2019년 12월 27일 17시,금요일,충청남도 천안시 서북구 업성동,중상사고,0,1,0,0,차대사람 - 횡단중,안전운전불이행,건조,맑음,교차로 - 교차로부근,승용,남,58세,상해없음,보행자,남,36세,중상
2019122700100436,2019년 12월 27일 17시,금요일,충청남도 천안시 서북구 직산읍,경상사고,0,0,2,0,차대차 - 측면충돌,안전운전불이행,건조,맑음,교차로 - 교차로안,승용,남,58세,상해없음,화물,남,41세,경상
2019122700100483,2019년 12월 27일 18시,금요일,충청남도 홍성군 은하면,경상사고,0,0,1,0,차대차 - 측면충돌,안전거리미확보,건조,맑음,단일로 - 기타,기타불명,기타불명,미분류,기타불명,승용,남,32세,경상
2019122700100542,2019년 12월 27일 19시,금요일,충청남도 아산시 풍기동,경상사고,0,0,1,0,차대차 - 기타,안전거리미확보,건조,맑음,교차로 - 교차로부근,원동기,남,36세,상해없음,승용,여,27세,경상
2019122700100618,2019년 12월 27일 21시,금요일,충청남도 서천군 서천읍,경상사고,0,0,2,0,차대차 - 추돌,안전운전불이행,건조,맑음,교차로 - 교차로안,승용,남,63세,상해없음,승용,남,46세,경상
2019122700100641,2019년 12월 27일 22시,금요일,충청남도 천안시 서북구 백석동,중상사고,0,1,1,0,차대차 - 측면충돌,신호위반,건조,맑음,교차로 - 교차로안,이륜,남,51세,중상,승용,남,30세,경상
2019122800100034,2019년 12월 28일 00시,토요일,충청남도 천안시 동남구 성황동,중상사고,0,1,0,0,차대사람 - 기타,안전운전불이행,건조,맑음,단일로 - 기타,승용,남,51세,상해없음,보행자,남,58세,중상
2019122800100117,2019년 12월 28일 06시,토요일,충청남도 천안시 동남구 원성동,경상사고,0,0,2,0,차대차 - 측면충돌,차로위반,건조,맑음,단일로 - 기타,승합,남,71세,상해없음,승용,남,38세,경상
2019122800100130,2019년 12월 28일 07시,토요일,충청남도 천안시 동남구 구룡동,중상사고,0,2,0,0,차대차 - 추돌,교차로운행방법위반,건조,맑음,교차로 - 교차로안,화물,남,43세,상해없음,화물,남,73세,중상
2019122800100263,2019년 12월 28일 13시,토요일,충청남도 논산시 연무읍,중상사고,0,1,0,0,차량단독 - 도로외이탈 - 추락,안전운전불이행,건조,맑음,단일로 - 기타,농기계,남,72세,중상,,,,
2019122800100313,2019년 12월 28일 15시,토요일,충청남도 아산시 인주면,중상사고,0,1,0,0,차대차 - 기타,안전운전불이행,건조,맑음,단일로 - 기타,승합,남,67세,상해없음,이륜,남,47세,중상
2019122800100315,2019년 12월 28일 15시,토요일,충청남도 당진시 송악읍,중상사고,0,2,9,0,차대차 - 추돌,안전거리미확보,건조,맑음,단일로 - 교량,승용,여,60세,상해없음,승용,남,59세,중상
2019122800100344,2019년 12월 28일 16시,토요일,충청남도 천안시 서북구 불당동,경상사고,0,0,2,0,차대차 - 추돌,안전운전불이행,건조,맑음,교차로 - 교차로부근,승용,남,34세,상해없음,승용,여,30세,경상
2019122800100345,2019년 12월 28일 16시,토요일,충청남도 보령시 천북면,경상사고,0,0,1,0,차대차 - 측면충돌,안전운전불이행,건조,맑음,기타 - 기타,화물,남,62세,상해없음,승용,남,33세,경상
2019122800100346,2019년 12월 28일 16시,토요일,충청남도 공주시 봉황동,경상사고,0,0,2,0,차대차 - 측면충돌,직진우회전진행방해,건조,맑음,교차로 - 교차로안,승용,여,38세,상해없음,이륜,남,48세,경상
2019122800100384,2019년 12월 28일 17시,토요일,충청남도 아산시 모종동,경상사고,0,0,1,0,차대차 - 기타,안전운전불이행,건조,맑음,교차로 - 교차로안,이륜,남,25세,상해없음,승용,여,29세,경상
2019122800100385,2019년 12월 28일 17시,토요일,충청남도 아산시 배방읍,경상사고,0,0,1,0,차대차 - 기타,안전운전불이행,건조,맑음,교차로 - 교차로안,승용,남,48세,상해없음,승용,남,45세,경상
2019122800100424,2019년 12월 28일 18시,토요일,충청남도 천안시 서북구 성성동,중상사고,0,1,0,0,차대차 - 정면충돌,교차로운행방법위반,건조,맑음,교차로 - 교차로안,승용,남,49세,상해없음,승용,남,33세,중상
2019122800100425,2019년 12월 28일 18시,토요일,충청남도 당진시 석문면,경상사고,0,0,2,0,차대차 - 기타,안전운전불이행,건조,맑음,단일로 - 기타,화물,남,65세,상해없음,승용,여,39세,경상
2019122800100426,2019년 12월 28일 18시,토요일,충청남도 천안시 동남구 다가동,경상사고,0,0,1,0,차대사람 - 횡단중,보행자보호의무위반,건조,맑음,단일로 - 기타,승용,남,81세,상해없음,보행자,여,68세,경상
2019122800100494,2019년 12월 28일 20시,토요일,충청남도 당진시 송악읍,경상사고,0,0,6,0,차대차 - 추돌,안전운전불이행,건조,맑음,단일로 - 기타,승용,남,39세,상해없음,승용,남,53세,경상
2019122800100512,2019년 12월 28일 21시,토요일,충청남도 천안시 서북구 두정동,경상사고,0,0,1,0,차대차 - 추돌,안전운전불이행,건조,맑음,단일로 - 기타,승용,남,38세,상해없음,승용,남,58세,상해없음
2019122800100513,2019년 12월 28일 21시,토요일,충청남도 천안시 동남구 신방동,경상사고,0,0,1,0,차대차 - 추돌,안전운전불이행,건조,맑음,교차로 - 교차로부근,승용,남,59세,상해없음,승용,여,35세,경상
2019122800100542,2019년 12월 28일 22시,토요일,충청남도 천안시 서북구 불당동,경상사고,0,0,1,0,차대차 - 추돌,안전운전불이행,건조,맑음,교차로 - 교차로부근,승용,남,37세,상해없음,승용,남,33세,경상
2019122800100543,2019년 12월 28일 22시,토요일,충청남도 아산시 용화동,경상사고,0,0,1,0,차대차 - 기타,기타,건조,맑음,교차로 - 교차로부근,승용,남,54세,상해없음,이륜,남,36세,경상
2019122800100544,2019년 12월 28일 22시,토요일,충청남도 당진시 채운동,중상사고,0,1,5,0,차대차 - 측면충돌,직진우회전진행방해,건조,맑음,교차로 - 교차로안,승용,여,58세,상해없음,승용,남,28세,경상
2019122800100560,2019년 12월 28일 23시,토요일,충청남도 서산시 읍내동,경상사고,0,0,4,0,차대차 - 측면충돌,안전운전불이행,건조,맑음,교차로 - 교차로안,승용,남,47세,상해없음,승용,여,62세,경상
2019122900100088,2019년 12월 29일 06시,일요일,충청남도 서산시 갈산동,중상사고,0,1,0,0,차대사람 - 차도통행중,안전운전불이행,젖음/습기,흐림,단일로 - 기타,승용,남,28세,상해없음,보행자,남,75세,중상
2019122900100098,2019년 12월 29일 07시,일요일,충청남도 아산시 인주면,경상사고,0,0,1,0,차대차 - 측면충돌,안전운전불이행,건조,맑음,기타 - 기타,승용,남,69세,상해없음,승용,남,31세,경상
2019122900100123,2019년 12월 29일 09시,일요일,충청남도 홍성군 홍성읍,경상사고,0,0,1,0,차대차 - 측면충돌,안전운전불이행,건조,맑음,교차로 - 교차로안,승용,여,49세,상해없음,승용,여,29세,경상
2019122900100138,2019년 12월 29일 10시,일요일,충청남도 천안시 서북구 성성동,부상신고사고,0,0,0,1,차대차 - 정면충돌,중앙선침범,건조,맑음,단일로 - 기타,자전거,남,42세,부상신고,승용,남,56세,상해없음
2019122900100139,2019년 12월 29일 10시,일요일,충청남도 서천군 마서면,중상사고,0,1,1,0,차대차 - 추돌,신호위반,건조,맑음,교차로 - 교차로안,승용,여,26세,경상,화물,남,69세,중상
2019122900100187,2019년 12월 29일 13시,일요일,충청남도 천안시 서북구 두정동,경상사고,0,0,6,0,차대차 - 측면충돌,신호위반,젖음/습기,비,교차로 - 교차로안,승용,남,31세,상해없음,승합,남,48세,경상
2019122900100202,2019년 12월 29일 14시,일요일,충청남도 보령시 남포면,사망사고,1,0,0,0,차량단독 - 전도전복 - 전복,안전운전불이행,건조,흐림,단일로 - 기타,승용,여,57세,사망,,,,
2019122900100203,2019년 12월 29일 14시,일요일,충청남도 예산군 삽교읍,사망사고,1,0,0,0,차량단독 - 공작물충돌,안전운전불이행,젖음/습기,비,단일로 - 기타,승용,여,51세,상해없음,,,,
2019122900100204,2019년 12월 29일 14시,일요일,충청남도 부여군 양화면,중상사고,0,1,0,0,차대차 - 측면충돌,안전운전불이행,건조,맑음,교차로 - 교차로안,승용,남,24세,상해없음,승용,남,59세,중상
2019122900100300,2019년 12월 29일 18시,일요일,충청남도 서산시 동문동,중상사고,0,1,0,0,차대차 - 후진중충돌,안전운전불이행,건조,맑음,단일로 - 기타,화물,남,44세,상해없음,승용,남,38세,중상
2019122900100301,2019년 12월 29일 18시,일요일,충청남도 천안시 서북구 백석동,경상사고,0,0,2,0,차대차 - 추돌,안전운전불이행,젖음/습기,비,교차로 - 교차로부근,승용,남,31세,상해없음,승용,여,53세,경상
2019122900100302,2019년 12월 29일 18시,일요일,충청남도 공주시 반포면,중상사고,0,1,2,0,차대차 - 정면충돌,중앙선침범,젖음/습기,맑음,단일로 - 기타,승용,남,56세,경상,승용,남,58세,경상
2019122900100374,2019년 12월 29일 20시,일요일,충청남도 아산시 음봉면,경상사고,0,0,3,0,차대차 - 기타,교차로운행방법위반,젖음/습기,비,교차로 - 교차로안,승용,남,59세,상해없음,승용,여,51세,경상
2019122900100375,2019년 12월 29일 20시,일요일,충청남도 천안시 동남구 신부동,경상사고,0,0,1,0,차대사람 - 기타,안전운전불이행,젖음/습기,비,단일로 - 기타,승용,남,57세,상해없음,보행자,여,18세,경상
2019122900100418,2019년 12월 29일 21시,일요일,충청남도 천안시 서북구 쌍용동,경상사고,0,0,1,0,차대사람 - 횡단중,안전운전불이행,젖음/습기,비,단일로 - 기타,승용,남,34세,상해없음,보행자,여,57세,경상
2019122900100419,2019년 12월 29일 21시,일요일,충청남도 천안시 서북구 두정동,중상사고,0,1,0,0,차대사람 - 횡단중,신호위반,젖음/습기,비,교차로 - 교차로횡단보도내,이륜,남,21세,상해없음,보행자,여,8세,중상
2019122900100443,2019년 12월 29일 22시,일요일,충청남도 천안시 동남구 신방동,경상사고,0,0,1,0,차대차 - 추돌,안전운전불이행,젖음/습기,비,교차로 - 교차로부근,승용,여,43세,상해없음,승용,여,45세,경상
2019122900100461,2019년 12월 29일 23시,일요일,충청남도 서천군 기산면,중상사고,0,3,1,0,차대차 - 추돌,안전운전불이행,젖음/습기,비,단일로 - 기타,승용,남,35세,경상,승용,여,61세,중상
2019123000100038,2019년 12월 30일 01시,월요일,충청남도 당진시 송산면,중상사고,0,1,0,0,차량단독 - 공작물충돌,안전운전불이행,건조,맑음,단일로 - 기타,화물,남,38세,중상,,,,
2019123000100044,2019년 12월 30일 02시,월요일,충청남도 공주시 신관동,중상사고,0,1,0,0,차대차 - 측면충돌,안전운전불이행,젖음/습기,비,단일로 - 기타,승용,남,28세,상해없음,승용,남,29세,중상
2019123000100059,2019년 12월 30일 05시,월요일,충청남도 천안시 서북구 쌍용동,경상사고,0,0,3,0,차대차 - 추돌,안전거리미확보,젖음/습기,비,교차로 - 교차로횡단보도내,화물,남,38세,상해없음,승용,남,57세,경상
2019123000100067,2019년 12월 30일 06시,월요일,충청남도 서산시 예천동,사망사고,1,0,0,0,차대차 - 추돌,안전운전불이행,젖음/습기,비,단일로 - 기타,승용,남,79세,상해없음,자전거,여,63세,사망
2019123000100068,2019년 12월 30일 06시,월요일,충청남도 예산군 봉산면,중상사고,0,1,0,0,차대차 - 추돌,안전운전불이행,젖음/습기,비,단일로 - 기타,승용,여,53세,상해없음,사륜오토바이(ATV),남,73세,중상
2019123000100106,2019년 12월 30일 08시,월요일,충청남도 서산시 수석동,중상사고,0,1,1,0,차대차 - 측면충돌,신호위반,건조,맑음,교차로 - 교차로안,승용,여,59세,상해없음,승용,남,35세,중상
2019123000100107,2019년 12월 30일 08시,월요일,충청남도 천안시 서북구 불당동,경상사고,0,0,1,0,차대차 - 측면충돌,신호위반,젖음/습기,비,교차로 - 교차로안,승용,남,46세,상해없음,승용,여,36세,경상
2019123000100108,2019년 12월 30일 08시,월요일,충청남도 천안시 서북구 성정동,경상사고,0,0,1,0,차대차 - 측면충돌,안전거리미확보,젖음/습기,비,교차로 - 교차로안,승용,남,34세,상해없음,승용,여,23세,경상
2019123000100109,2019년 12월 30일 08시,월요일,충청남도 당진시 원당리,중상사고,0,1,1,0,차대차 - 측면충돌,신호위반,건조,맑음,교차로 - 교차로안,승용,남,38세,상해없음,승용,여,44세,중상
2019123000100158,2019년 12월 30일 10시,월요일,충청남도 당진시 석문면,경상사고,0,0,2,0,차대차 - 측면충돌,직진우회전진행방해,젖음/습기,흐림,교차로 - 교차로안,화물,남,56세,경상,승용,남,26세,상해없음
2019123000100159,2019년 12월 30일 10시,월요일,충청남도 당진시 읍내리,경상사고,0,0,2,1,차대차 - 측면충돌,중앙선침범,젖음/습기,흐림,교차로 - 교차로안,이륜,남,64세,부상신고,승용,여,37세,경상
2019123000100225,2019년 12월 30일 12시,월요일,충청남도 서산시 팔봉면,중상사고,0,1,0,0,차대사람 - 길가장자리구역통행중,안전운전불이행,건조,맑음,단일로 - 기타,화물,남,73세,상해없음,보행자,남,79세,중상
2019123000100256,2019년 12월 30일 13시,월요일,충청남도 서산시 운산면,중상사고,0,1,0,0,차대사람 - 기타,안전운전불이행,건조,맑음,주차장 - 주차장,화물,남,60세,상해없음,보행자,여,77세,중상
2019123000100257,2019년 12월 30일 13시,월요일,충청남도 공주시 탄천면,경상사고,0,0,3,0,차대차 - 측면충돌,안전운전불이행,젖음/습기,맑음,기타 - 기타,화물,남,61세,상해없음,승용,여,57세,경상
2019123000100322,2019년 12월 30일 15시,월요일,충청남도 청양군 청양읍,경상사고,0,0,1,0,차대차 - 측면충돌,안전운전불이행,건조,맑음,교차로 - 교차로부근,승용,남,54세,상해없음,화물,남,53세,경상
2019123000100350,2019년 12월 30일 16시,월요일,충청남도 천안시 서북구 불당동,경상사고,0,0,1,0,차대차 - 정면충돌,신호위반,젖음/습기,흐림,교차로 - 교차로부근,승용,남,35세,상해없음,승용,남,31세,경상
2019123000100351,2019년 12월 30일 16시,월요일,충청남도 예산군 고덕면,사망사고,1,0,0,0,차량단독 - 공작물충돌,안전운전불이행,젖음/습기,흐림,교차로 - 교차로안,승용,남,49세,사망,,,,
2019123000100352,2019년 12월 30일 16시,월요일,충청남도 당진시 읍내리,경상사고,0,0,1,0,차대사람 - 횡단중,보행자보호의무위반,건조,맑음,교차로 - 교차로횡단보도내,승용,여,52세,상해없음,보행자,여,16세,경상
2019123000100393,2019년 12월 30일 17시,월요일,충청남도 천안시 서북구 두정동,부상신고사고,0,0,0,1,차대차 - 측면충돌,안전운전불이행,건조,맑음,교차로 - 교차로횡단보도내,이륜,여,26세,부상신고,승용,남,57세,상해없음
2019123000100451,2019년 12월 30일 18시,월요일,충청남도 천안시 동남구 신부동,경상사고,0,0,1,0,차대차 - 측면충돌,교차로운행방법위반,건조,맑음,교차로 - 교차로부근,승용,남,60세,경상,승용,남,29세,상해없음
2019123000100452,2019년 12월 30일 18시,월요일,충청남도 태안군 태안읍,중상사고,0,1,0,0,차대사람 - 횡단중,신호위반,건조,맑음,교차로 - 교차로안,승용,남,37세,상해없음,보행자,여,24세,중상
2019123000100549,2019년 12월 30일 20시,월요일,충청남도 예산군 덕산면,중상사고,0,1,0,0,차대차 - 측면충돌,신호위반,건조,맑음,교차로 - 교차로안,승용,남,40세,기타불명,이륜,남,77세,중상
2019123000100573,2019년 12월 30일 21시,월요일,충청남도 당진시 읍내리,부상신고사고,0,0,0,1,차대차 - 측면충돌,안전거리미확보,건조,맑음,교차로 - 교차로부근,화물,남,27세,상해없음,승용,남,24세,부상신고
2019123000100598,2019년 12월 30일 22시,월요일,충청남도 천안시 서북구 백석동,경상사고,0,0,1,0,차대차 - 측면충돌,안전거리미확보,건조,맑음,단일로 - 기타,승용,남,28세,상해없음,승용,남,55세,경상
2019123000100599,2019년 12월 30일 22시,월요일,충청남도 아산시 배방읍,경상사고,0,0,1,0,차대차 - 기타,안전운전불이행,건조,맑음,단일로 - 기타,승용,남,22세,상해없음,승용,남,29세,경상
2019123100100044,2019년 12월 31일 01시,화요일,충청남도 논산시 취암동,경상사고,0,0,1,0,차대차 - 기타,안전운전불이행,건조,맑음,교차로 - 교차로부근,승용,여,52세,상해없음,승용,남,52세,경상
2019123100100067,2019년 12월 31일 04시,화요일,충청남도 서산시 석림동,경상사고,0,0,2,0,차대차 - 측면충돌,신호위반,서리/결빙,눈,교차로 - 교차로안,승용,남,27세,상해없음,승용,남,46세,경상
2019123100100091,2019년 12월 31일 06시,화요일,충청남도 보령시 궁촌동,중상사고,0,1,0,0,차대차 - 추돌,안전운전불이행,건조,맑음,교차로 - 교차로부근,승용,여,49세,상해없음,자전거,남,56세,중상
2019123100100125,2019년 12월 31일 08시,화요일,충청남도 태안군 태안읍,경상사고,0,0,1,0,차대사람 - 횡단중,교차로운행방법위반,건조,맑음,교차로 - 교차로횡단보도내,승용,여,38세,상해없음,보행자,남,74세,경상
2019123100100180,2019년 12월 31일 10시,화요일,충청남도 서산시 동문동,경상사고,0,0,1,0,차대차 - 측면충돌,직진우회전진행방해,건조,맑음,교차로 - 교차로안,화물,남,71세,상해없음,승용,남,69세,경상
2019123100100232,2019년 12월 31일 12시,화요일,충청남도 아산시 배방읍,경상사고,0,0,1,0,차대차 - 정면충돌,신호위반,건조,맑음,교차로 - 교차로안,승용,여,51세,상해없음,이륜,남,43세,경상
2019123100100233,2019년 12월 31일 12시,화요일,충청남도 아산시 권곡동,경상사고,0,0,1,0,차대차 - 기타,안전운전불이행,건조,맑음,교차로 - 교차로안,승용,남,63세,상해없음,원동기,남,39세,경상
2019123100100234,2019년 12월 31일 12시,화요일,충청남도 예산군 오가면,경상사고,0,0,2,0,차대차 - 측면충돌,신호위반,건조,맑음,교차로 - 교차로안,승용,남,58세,상해없음,승용,여,24세,경상
2019123100100264,2019년 12월 31일 13시,화요일,충청남도 아산시 온천동,중상사고,0,1,0,0,차대사람 - 횡단중,보행자보호의무위반,건조,맑음,교차로 - 교차로횡단보도내,이륜,남,33세,상해없음,보행자,여,79세,중상
2019123100100304,2019년 12월 31일 14시,화요일,충청남도 천안시 서북구 두정동,경상사고,0,0,1,0,차대차 - 측면충돌,교차로운행방법위반,건조,맑음,교차로 - 교차로안,승용,여,38세,상해없음,승용,남,63세,경상
2019123100100305,2019년 12월 31일 14시,화요일,충청남도 공주시 정안면,경상사고,0,0,2,0,차대차 - 추돌,안전운전불이행,건조,맑음,단일로 - 기타,승용,남,32세,상해없음,승용,남,50세,경상
2019123100100373,2019년 12월 31일 16시,화요일,충청남도 서산시 음암면,중상사고,0,2,1,0,차대차 - 추돌,안전운전불이행,건조,맑음,단일로 - 교량,승용,여,62세,상해없음,승용,남,26세,중상
2019123100100374,2019년 12월 31일 16시,화요일,충청남도 천안시 서북구 두정동,중상사고,0,1,0,0,차대사람 - 기타,안전운전불이행,건조,맑음,단일로 - 기타,승합,남,59세,상해없음,보행자,여,68세,중상
2019123100100375,2019년 12월 31일 16시,화요일,충청남도 홍성군 홍북읍,경상사고,0,0,3,0,차대차 - 추돌,안전운전불이행,건조,맑음,교차로 - 교차로안,승용,여,43세,경상,승용,남,57세,경상
2019123100100376,2019년 12월 31일 16시,화요일,충청남도 천안시 동남구 신방동,경상사고,0,0,2,0,차대차 - 추돌,안전거리미확보,건조,맑음,교차로 - 교차로안,승용,남,22세,상해없음,승용,남,77세,경상
2019123100100406,2019년 12월 31일 17시,화요일,충청남도 공주시 신관동,경상사고,0,0,2,0,차대차 - 정면충돌,신호위반,건조,맑음,교차로 - 교차로안,승용,여,69세,상해없음,승용,여,39세,경상
2019123100100464,2019년 12월 31일 18시,화요일,충청남도 보령시 대천동,중상사고,0,1,0,0,차대사람 - 횡단중,보행자보호의무위반,건조,맑음,단일로 - 기타,승용,남,45세,상해없음,보행자,남,78세,중상
2019123100100465,2019년 12월 31일 18시,화요일,충청남도 당진시 송악읍,경상사고,0,0,3,0,차대차 - 기타,차로위반,건조,맑음,교차로 - 교차로안,승용,남,52세,상해없음,승용,남,38세,경상
2019123100100561,2019년 12월 31일 20시,화요일,충청남도 보령시 대천동,경상사고,0,0,1,0,차대차 - 추돌,차로위반,건조,맑음,교차로 - 교차로부근,자전거,남,65세,경상,승용,여,30세,상해없음
2019123100100593,2019년 12월 31일 21시,화요일,충청남도 천안시 서북구 쌍용동,경상사고,0,0,1,0,차대차 - 기타,안전운전불이행,건조,맑음,교차로 - 교차로부근,승용,여,39세,상해없음,승용,남,25세,경상
2019123100100621,2019년 12월 31일 22시,화요일,충청남도 서산시 음암면,중상사고,0,3,0,0,차대차 - 추돌,안전운전불이행,건조,맑음,교차로 - 교차로부근,승용,남,39세,중상,승용,남,35세,중상
2019123100100640,2019년 12월 31일 23시,화요일,충청남도 천안시 서북구 두정동,경상사고,0,0,1,0,차대차 - 기타,안전운전불이행,건조,맑음,단일로 - 기타,승용,남,61세,상해없음,이륜,남,30세,경상